run_id,clip_id,text_id,split,variant,replicate,condition,noise_id,snr_db,measured_snr_db,noise_file,noise_sha256,noise_offset_s,noise_looped,noise_kind,noise_reference_rms,noise_window_rms,noise_gain,mixing_protocol,speech_level_method,sample_rate,speech_active_rms_dbfs,snr_definition,reference_text,transcript,wer,fact_recovery,fact_details,fact_count,facts_recovered,estoi,duration_s,format_duration_delta_s,audio_path,audio_sha256,source_audio,source_audio_sha256,raw_peak,synthesis_cached,client_first_chunk_s,time_scale_factor,transport,noise_placement,model_id,speaker,endpoint,dnsmos_sig,dnsmos_bak,dnsmos_ovrl
05eca3e90a16aae62993a4e8c0622498daf075b34cb0dd9342baad1fa1a946ce,critical_03_baseline_r1_clean,critical_03,dev,baseline,1,clean,clean,,,,,,False,clean,,,,window_rms_no_wrap_v2,20ms_frames_within_40dB_of_peak_power_v1,8000,-41.50000039070707,active speech / extracted noise-window RMS; no wrapping,"Nora Chen, your Friday appointment is at two forty five p m, your payment of seventy five dollars is due by July ninth, and your reference code is three nine two six. Do not cancel the booking.","Nora Chen, your Friday appointment is at 2.45pm, your payment of $75 is due by July 9th, and your reference code is 3926. Do not cancel the booking.",0.3513513513513513,1.0,"{'name': {'recovered': True, 'conflict': False}, 'day': {'recovered': True, 'conflict': False}, 'time': {'recovered': True, 'conflict': False}, 'date': {'recovered': True, 'conflict': False}, 'amount': {'recovered': True, 'conflict': False}, 'code': {'recovered': True, 'conflict': False}, 'negation': {'recovered': True, 'conflict': False}}",7,7,,12.16,0.0,/content/drive/MyDrive/DataForge/noise_grid_v2/outputs/05eca3e90a16aae6/clips/critical_03_baseline_r1_clean.wav,aa4db7f04ac63cfe1bc20a9d22710d28e0830ccd1405699ea4461821b3bee2bb,/content/drive/MyDrive/DataForge/noise_masking/outputs/synthesis_cache/06c4d940de7e5f6d/7dad1ab0e48880ff709fc0a03824c1c1765164fe41090a4f8e242dc25e5a83c1.wav,d7557a77986a509524219908f119c71527f9594801b4869e0a96e62cfb848bd1,0.824188232421875,True,,1.0,HTTP WAV -> local PCMU roundtrip,after simulated phone codec,coda,celeste,https://users.rime.ai/v1/rime-tts,3.433425107965904,4.164157655902972,3.123794634088042
05eca3e90a16aae62993a4e8c0622498daf075b34cb0dd9342baad1fa1a946ce,critical_03_baseline_r1_speech_1_15dB,critical_03,dev,baseline,1,speech_1_15dB,speech_1,15.0,15.00000005797406,/content/drive/.shortcut-targets-by-id/1gvOi3VP1hvG6qL4dZhVl6iPKkjXSn32n/DataForge/data/musan/speech/librivox/speech-librivox-0004.wav,76965f20b10ce0ed48beed1670d8c5ed81182a2bc797ed5e4d7dbe24c4c58ae8,0.0,False,competing_speech,0.0918381103595235,0.1011190277385058,0.0147967758616144,window_rms_no_wrap_v2,20ms_frames_within_40dB_of_peak_power_v1,8000,-41.50000039070707,active speech / extracted noise-window RMS; no wrapping,"Nora Chen, your Friday appointment is at two forty five p m, your payment of seventy five dollars is due by July ninth, and your reference code is three nine two six. Do not cancel the booking.","Nora Chen, your Friday appointment is at 2.45pm, your payment of $75 is due by July 9th, and your reference code is 3926. Do not cancel the booking.",0.3513513513513513,1.0,"{'name': {'recovered': True, 'conflict': False}, 'day': {'recovered': True, 'conflict': False}, 'time': {'recovered': True, 'conflict': False}, 'date': {'recovered': True, 'conflict': False}, 'amount': {'recovered': True, 'conflict': False}, 'code': {'recovered': True, 'conflict': False}, 'negation': {'recovered': True, 'conflict': False}}",7,7,0.8222420775619356,12.16,0.0,/content/drive/MyDrive/DataForge/noise_grid_v2/outputs/05eca3e90a16aae6/clips/critical_03_baseline_r1_speech_1_15dB.wav,d0114d7883f4af25cfc8b6dc71c13d98dfabcea1cbafa0d3d14c8cfb1af5ae09,/content/drive/MyDrive/DataForge/noise_masking/outputs/synthesis_cache/06c4d940de7e5f6d/7dad1ab0e48880ff709fc0a03824c1c1765164fe41090a4f8e242dc25e5a83c1.wav,d7557a77986a509524219908f119c71527f9594801b4869e0a96e62cfb848bd1,0.824188232421875,True,,1.0,HTTP WAV -> local PCMU roundtrip,after simulated phone codec,coda,celeste,https://users.rime.ai/v1/rime-tts,3.3939762179021296,3.876679718606184,2.915585522527021
05eca3e90a16aae62993a4e8c0622498daf075b34cb0dd9342baad1fa1a946ce,critical_03_baseline_r1_speech_1_10dB,critical_03,dev,baseline,1,speech_1_10dB,speech_1,10.0,9.999999957319115,/content/drive/.shortcut-targets-by-id/1gvOi3VP1hvG6qL4dZhVl6iPKkjXSn32n/DataForge/data/musan/speech/librivox/speech-librivox-0004.wav,76965f20b10ce0ed48beed1670d8c5ed81182a2bc797ed5e4d7dbe24c4c58ae8,0.0,False,competing_speech,0.0918381103595235,0.1011190277385058,0.0263128018496698,window_rms_no_wrap_v2,20ms_frames_within_40dB_of_peak_power_v1,8000,-41.50000039070707,active speech / extracted noise-window RMS; no wrapping,"Nora Chen, your Friday appointment is at two forty five p m, your payment of seventy five dollars is due by July ninth, and your reference code is three nine two six. Do not cancel the booking.","Nora Chen, your Friday appointment is at 2.45pm, your payment of $75 is due by July 9th, and your reference code is 3926. Do not cancel the booking.",0.3513513513513513,1.0,"{'name': {'recovered': True, 'conflict': False}, 'day': {'recovered': True, 'conflict': False}, 'time': {'recovered': True, 'conflict': False}, 'date': {'recovered': True, 'conflict': False}, 'amount': {'recovered': True, 'conflict': False}, 'code': {'recovered': True, 'conflict': False}, 'negation': {'recovered': True, 'conflict': False}}",7,7,0.7367144374029724,12.16,0.0,/content/drive/MyDrive/DataForge/noise_grid_v2/outputs/05eca3e90a16aae6/clips/critical_03_baseline_r1_speech_1_10dB.wav,23fefd0323783601de144c55f221522455dc543b0469abaa0480b4b08c292fa6,/content/drive/MyDrive/DataForge/noise_masking/outputs/synthesis_cache/06c4d940de7e5f6d/7dad1ab0e48880ff709fc0a03824c1c1765164fe41090a4f8e242dc25e5a83c1.wav,d7557a77986a509524219908f119c71527f9594801b4869e0a96e62cfb848bd1,0.824188232421875,True,,1.0,HTTP WAV -> local PCMU roundtrip,after simulated phone codec,coda,celeste,https://users.rime.ai/v1/rime-tts,3.321656367234498,3.545587240494251,2.701230284806595
05eca3e90a16aae62993a4e8c0622498daf075b34cb0dd9342baad1fa1a946ce,critical_03_baseline_r1_speech_1_5dB,critical_03,dev,baseline,1,speech_1_5dB,speech_1,5.0,5.000000230830038,/content/drive/.shortcut-targets-by-id/1gvOi3VP1hvG6qL4dZhVl6iPKkjXSn32n/DataForge/data/musan/speech/librivox/speech-librivox-0004.wav,76965f20b10ce0ed48beed1670d8c5ed81182a2bc797ed5e4d7dbe24c4c58ae8,0.0,False,competing_speech,0.0918381103595235,0.1011190277385058,0.0467915137497019,window_rms_no_wrap_v2,20ms_frames_within_40dB_of_peak_power_v1,8000,-41.50000039070707,active speech / extracted noise-window RMS; no wrapping,"Nora Chen, your Friday appointment is at two forty five p m, your payment of seventy five dollars is due by July ninth, and your reference code is three nine two six. Do not cancel the booking.","Norah Chen, your Friday appointment is at 2.45 pm. The payment of $75 is due by July 9th, and your reference code is 3926. Do not cancel the booking.",0.4054054054054054,0.8571428571428571,"{'name': {'recovered': False, 'conflict': False}, 'day': {'recovered': True, 'conflict': False}, 'time': {'recovered': True, 'conflict': False}, 'date': {'recovered': True, 'conflict': False}, 'amount': {'recovered': True, 'conflict': False}, 'code': {'recovered': True, 'conflict': False}, 'negation': {'recovered': True, 'conflict': False}}",7,6,0.6370804647189717,12.16,0.0,/content/drive/MyDrive/DataForge/noise_grid_v2/outputs/05eca3e90a16aae6/clips/critical_03_baseline_r1_speech_1_5dB.wav,02ff29c5953408f087c3896f3e34e68296dee082e0d8b3b9006639e7824bfdff,/content/drive/MyDrive/DataForge/noise_masking/outputs/synthesis_cache/06c4d940de7e5f6d/7dad1ab0e48880ff709fc0a03824c1c1765164fe41090a4f8e242dc25e5a83c1.wav,d7557a77986a509524219908f119c71527f9594801b4869e0a96e62cfb848bd1,0.824188232421875,True,,1.0,HTTP WAV -> local PCMU roundtrip,after simulated phone codec,coda,celeste,https://users.rime.ai/v1/rime-tts,3.2600083301554443,3.295863668575497,2.565406111079453
05eca3e90a16aae62993a4e8c0622498daf075b34cb0dd9342baad1fa1a946ce,critical_03_baseline_r1_speech_1_0dB,critical_03,dev,baseline,1,speech_1_0dB,speech_1,0.0,3.4839493953268825e-07,/content/drive/.shortcut-targets-by-id/1gvOi3VP1hvG6qL4dZhVl6iPKkjXSn32n/DataForge/data/musan/speech/librivox/speech-librivox-0004.wav,76965f20b10ce0ed48beed1670d8c5ed81182a2bc797ed5e4d7dbe24c4c58ae8,0.0,False,competing_speech,0.0918381103595235,0.1011190277385058,0.0832083854656482,window_rms_no_wrap_v2,20ms_frames_within_40dB_of_peak_power_v1,8000,-41.50000039070707,active speech / extracted noise-window RMS; no wrapping,"Nora Chen, your Friday appointment is at two forty five p m, your payment of seventy five dollars is due by July ninth, and your reference code is three nine two six. Do not cancel the booking.","North China, your Friday appointment is at 2.45 p.m. The payment of $75 is due by July 9 and your reference code is 3923. Do not cancel the booking.",0.3783783783783784,0.7142857142857143,"{'name': {'recovered': False, 'conflict': False}, 'day': {'recovered': True, 'conflict': False}, 'time': {'recovered': True, 'conflict': False}, 'date': {'recovered': True, 'conflict': False}, 'amount': {'recovered': True, 'conflict': False}, 'code': {'recovered': False, 'conflict': False}, 'negation': {'recovered': True, 'conflict': False}}",7,5,0.5315490622994529,12.16,0.0,/content/drive/MyDrive/DataForge/noise_grid_v2/outputs/05eca3e90a16aae6/clips/critical_03_baseline_r1_speech_1_0dB.wav,f3ead5dba38986e7e1e17dea7f89879f4813e2a5b50b46fda38da9b154aa2a32,/content/drive/MyDrive/DataForge/noise_masking/outputs/synthesis_cache/06c4d940de7e5f6d/7dad1ab0e48880ff709fc0a03824c1c1765164fe41090a4f8e242dc25e5a83c1.wav,d7557a77986a509524219908f119c71527f9594801b4869e0a96e62cfb848bd1,0.824188232421875,True,,1.0,HTTP WAV -> local PCMU roundtrip,after simulated phone codec,coda,celeste,https://users.rime.ai/v1/rime-tts,3.291474874271437,3.410195668603492,2.68626836829958
05eca3e90a16aae62993a4e8c0622498daf075b34cb0dd9342baad1fa1a946ce,critical_03_baseline_r1_speech_1_-5dB,critical_03,dev,baseline,1,speech_1_-5dB,speech_1,-5.0,-4.999999836780582,/content/drive/.shortcut-targets-by-id/1gvOi3VP1hvG6qL4dZhVl6iPKkjXSn32n/DataForge/data/musan/speech/librivox/speech-librivox-0004.wav,76965f20b10ce0ed48beed1670d8c5ed81182a2bc797ed5e4d7dbe24c4c58ae8,0.0,False,competing_speech,0.0918381103595235,0.1011190277385058,0.1479677586161442,window_rms_no_wrap_v2,20ms_frames_within_40dB_of_peak_power_v1,8000,-41.50000039070707,active speech / extracted noise-window RMS; no wrapping,"Nora Chen, your Friday appointment is at two forty five p m, your payment of seventy five dollars is due by July ninth, and your reference code is three nine two six. Do not cancel the booking.","North side, the Friday appointment is at 2.45pm The delivery of the shop is at $75 and will be by July 9th The emergency load is 3923 Do not cancel the booking",0.6756756756756757,0.7142857142857143,"{'name': {'recovered': False, 'conflict': False}, 'day': {'recovered': True, 'conflict': False}, 'time': {'recovered': True, 'conflict': False}, 'date': {'recovered': True, 'conflict': False}, 'amount': {'recovered': True, 'conflict': False}, 'code': {'recovered': False, 'conflict': False}, 'negation': {'recovered': True, 'conflict': False}}",7,5,0.4289635297298454,12.16,0.0,/content/drive/MyDrive/DataForge/noise_grid_v2/outputs/05eca3e90a16aae6/clips/critical_03_baseline_r1_speech_1_-5dB.wav,2749dc387dd51e89cdbb40c70c4acf5a3d54ac0cc859e5f09ddfc85dd8903b45,/content/drive/MyDrive/DataForge/noise_masking/outputs/synthesis_cache/06c4d940de7e5f6d/7dad1ab0e48880ff709fc0a03824c1c1765164fe41090a4f8e242dc25e5a83c1.wav,d7557a77986a509524219908f119c71527f9594801b4869e0a96e62cfb848bd1,0.824188232421875,True,,1.0,HTTP WAV -> local PCMU roundtrip,after simulated phone codec,coda,celeste,https://users.rime.ai/v1/rime-tts,3.365108607284253,3.450831712566312,2.7655633960855104
05eca3e90a16aae62993a4e8c0622498daf075b34cb0dd9342baad1fa1a946ce,critical_03_baseline_r1_speech_2_15dB,critical_03,dev,baseline,1,speech_2_15dB,speech_2,15.0,14.999999957923665,/content/drive/.shortcut-targets-by-id/1gvOi3VP1hvG6qL4dZhVl6iPKkjXSn32n/DataForge/data/musan/speech/librivox/speech-librivox-0003.wav,8c1370aaca2843057072ded459deb739413910e7a2c5a1f21d3e04c2b3fe4c6b,0.0,False,competing_speech,0.0861615546950171,0.0932996949778364,0.0160368754597373,window_rms_no_wrap_v2,20ms_frames_within_40dB_of_peak_power_v1,8000,-41.50000039070707,active speech / extracted noise-window RMS; no wrapping,"Nora Chen, your Friday appointment is at two forty five p m, your payment of seventy five dollars is due by July ninth, and your reference code is three nine two six. Do not cancel the booking.","Nora Chen, your Friday appointment is at 2.45pm, your payment of $75 is due by July 9th, and your reference code is 3926. Do not cancel the booking.",0.3513513513513513,1.0,"{'name': {'recovered': True, 'conflict': False}, 'day': {'recovered': True, 'conflict': False}, 'time': {'recovered': True, 'conflict': False}, 'date': {'recovered': True, 'conflict': False}, 'amount': {'recovered': True, 'conflict': False}, 'code': {'recovered': True, 'conflict': False}, 'negation': {'recovered': True, 'conflict': False}}",7,7,0.8325108399110435,12.16,0.0,/content/drive/MyDrive/DataForge/noise_grid_v2/outputs/05eca3e90a16aae6/clips/critical_03_baseline_r1_speech_2_15dB.wav,0210b04e8afa1504bc0e9be02e4d9326d6d26cea0592dc1d97b3a59f6a2f293b,/content/drive/MyDrive/DataForge/noise_masking/outputs/synthesis_cache/06c4d940de7e5f6d/7dad1ab0e48880ff709fc0a03824c1c1765164fe41090a4f8e242dc25e5a83c1.wav,d7557a77986a509524219908f119c71527f9594801b4869e0a96e62cfb848bd1,0.824188232421875,True,,1.0,HTTP WAV -> local PCMU roundtrip,after simulated phone codec,coda,celeste,https://users.rime.ai/v1/rime-tts,3.434658338104047,4.135652939514452,3.103448189361096
05eca3e90a16aae62993a4e8c0622498daf075b34cb0dd9342baad1fa1a946ce,critical_03_baseline_r1_speech_2_10dB,critical_03,dev,baseline,1,speech_2_10dB,speech_2,10.0,10.000000034131006,/content/drive/.shortcut-targets-by-id/1gvOi3VP1hvG6qL4dZhVl6iPKkjXSn32n/DataForge/data/musan/speech/librivox/speech-librivox-0003.wav,8c1370aaca2843057072ded459deb739413910e7a2c5a1f21d3e04c2b3fe4c6b,0.0,False,competing_speech,0.0861615546950171,0.0932996949778364,0.0285180454314093,window_rms_no_wrap_v2,20ms_frames_within_40dB_of_peak_power_v1,8000,-41.50000039070707,active speech / extracted noise-window RMS; no wrapping,"Nora Chen, your Friday appointment is at two forty five p m, your payment of seventy five dollars is due by July ninth, and your reference code is three nine two six. Do not cancel the booking.","Nora Chen, your Friday appointment is at 2.45 p.m. Your payment of $75 is due by July 9th, and your reference code is 3926. Do not cancel the booking.",0.2972972972972973,1.0,"{'name': {'recovered': True, 'conflict': False}, 'day': {'recovered': True, 'conflict': False}, 'time': {'recovered': True, 'conflict': False}, 'date': {'recovered': True, 'conflict': False}, 'amount': {'recovered': True, 'conflict': False}, 'code': {'recovered': True, 'conflict': False}, 'negation': {'recovered': True, 'conflict': False}}",7,7,0.7561697272880439,12.16,0.0,/content/drive/MyDrive/DataForge/noise_grid_v2/outputs/05eca3e90a16aae6/clips/critical_03_baseline_r1_speech_2_10dB.wav,a4fe3aea2f389de65f5e652f39e4175d05777ad34579e0205e8ec5c417cfc7b2,/content/drive/MyDrive/DataForge/noise_masking/outputs/synthesis_cache/06c4d940de7e5f6d/7dad1ab0e48880ff709fc0a03824c1c1765164fe41090a4f8e242dc25e5a83c1.wav,d7557a77986a509524219908f119c71527f9594801b4869e0a96e62cfb848bd1,0.824188232421875,True,,1.0,HTTP WAV -> local PCMU roundtrip,after simulated phone codec,coda,celeste,https://users.rime.ai/v1/rime-tts,3.372436426450246,3.920296539238669,2.9392195198696545
05eca3e90a16aae62993a4e8c0622498daf075b34cb0dd9342baad1fa1a946ce,critical_03_baseline_r1_speech_2_5dB,critical_03,dev,baseline,1,speech_2_5dB,speech_2,5.0,4.9999996875925055,/content/drive/.shortcut-targets-by-id/1gvOi3VP1hvG6qL4dZhVl6iPKkjXSn32n/DataForge/data/musan/speech/librivox/speech-librivox-0003.wav,8c1370aaca2843057072ded459deb739413910e7a2c5a1f21d3e04c2b3fe4c6b,0.0,False,competing_speech,0.0861615546950171,0.0932996949778364,0.0507130530052298,window_rms_no_wrap_v2,20ms_frames_within_40dB_of_peak_power_v1,8000,-41.50000039070707,active speech / extracted noise-window RMS; no wrapping,"Nora Chen, your Friday appointment is at two forty five p m, your payment of seventy five dollars is due by July ninth, and your reference code is three nine two six. Do not cancel the booking.","Nora Chen, your Friday appointment is at 2.45pm, your payment of $75 is due by July 9th, and your reference code is 3926. Do not cancel the booking.",0.3513513513513513,1.0,"{'name': {'recovered': True, 'conflict': False}, 'day': {'recovered': True, 'conflict': False}, 'time': {'recovered': True, 'conflict': False}, 'date': {'recovered': True, 'conflict': False}, 'amount': {'recovered': True, 'conflict': False}, 'code': {'recovered': True, 'conflict': False}, 'negation': {'recovered': True, 'conflict': False}}",7,7,0.66857795345059,12.16,0.0,/content/drive/MyDrive/DataForge/noise_grid_v2/outputs/05eca3e90a16aae6/clips/critical_03_baseline_r1_speech_2_5dB.wav,6dc98f40286f919fda4fd4bea65c479adbc6480a10323241a444adbd1596dafa,/content/drive/MyDrive/DataForge/noise_masking/outputs/synthesis_cache/06c4d940de7e5f6d/7dad1ab0e48880ff709fc0a03824c1c1765164fe41090a4f8e242dc25e5a83c1.wav,d7557a77986a509524219908f119c71527f9594801b4869e0a96e62cfb848bd1,0.824188232421875,True,,1.0,HTTP WAV -> local PCMU roundtrip,after simulated phone codec,coda,celeste,https://users.rime.ai/v1/rime-tts,3.384736279259293,3.865859516028935,2.939522908135697
05eca3e90a16aae62993a4e8c0622498daf075b34cb0dd9342baad1fa1a946ce,critical_03_baseline_r1_speech_2_0dB,critical_03,dev,baseline,1,speech_2_0dB,speech_2,0.0,1.398337901549235e-07,/content/drive/.shortcut-targets-by-id/1gvOi3VP1hvG6qL4dZhVl6iPKkjXSn32n/DataForge/data/musan/speech/librivox/speech-librivox-0003.wav,8c1370aaca2843057072ded459deb739413910e7a2c5a1f21d3e04c2b3fe4c6b,0.0,False,competing_speech,0.0861615546950171,0.0932996949778364,0.0901819779794126,window_rms_no_wrap_v2,20ms_frames_within_40dB_of_peak_power_v1,8000,-41.50000039070707,active speech / extracted noise-window RMS; no wrapping,"Nora Chen, your Friday appointment is at two forty five p m, your payment of seventy five dollars is due by July ninth, and your reference code is three nine two six. Do not cancel the booking.","Nora Chen, your Friday appointment is at 2.45 p.m. by the Times Dispatch, Richmond, Virginia, for the 1903 collection. Do not cancel the booking.",0.5945945945945946,0.5714285714285714,"{'name': {'recovered': True, 'conflict': False}, 'day': {'recovered': True, 'conflict': False}, 'time': {'recovered': True, 'conflict': False}, 'date': {'recovered': False, 'conflict': False}, 'amount': {'recovered': False, 'conflict': False}, 'code': {'recovered': False, 'conflict': False}, 'negation': {'recovered': True, 'conflict': False}}",7,4,0.5786349505392198,12.16,0.0,/content/drive/MyDrive/DataForge/noise_grid_v2/outputs/05eca3e90a16aae6/clips/critical_03_baseline_r1_speech_2_0dB.wav,91e37021076608076110673e0e6971c2b4805a17f5057a50a9c4a2705083824b,/content/drive/MyDrive/DataForge/noise_masking/outputs/synthesis_cache/06c4d940de7e5f6d/7dad1ab0e48880ff709fc0a03824c1c1765164fe41090a4f8e242dc25e5a83c1.wav,d7557a77986a509524219908f119c71527f9594801b4869e0a96e62cfb848bd1,0.824188232421875,True,,1.0,HTTP WAV -> local PCMU roundtrip,after simulated phone codec,coda,celeste,https://users.rime.ai/v1/rime-tts,3.4197126739684256,3.827641914807376,2.975118823114172
05eca3e90a16aae62993a4e8c0622498daf075b34cb0dd9342baad1fa1a946ce,critical_03_baseline_r1_speech_2_-5dB,critical_03,dev,baseline,1,speech_2_-5dB,speech_2,-5.0,-5.000000041934637,/content/drive/.shortcut-targets-by-id/1gvOi3VP1hvG6qL4dZhVl6iPKkjXSn32n/DataForge/data/musan/speech/librivox/speech-librivox-0003.wav,8c1370aaca2843057072ded459deb739413910e7a2c5a1f21d3e04c2b3fe4c6b,0.0,False,competing_speech,0.0861615546950171,0.0932996949778364,0.1603687545973731,window_rms_no_wrap_v2,20ms_frames_within_40dB_of_peak_power_v1,8000,-41.50000039070707,active speech / extracted noise-window RMS; no wrapping,"Nora Chen, your Friday appointment is at two forty five p m, your payment of seventy five dollars is due by July ninth, and your reference code is three nine two six. Do not cancel the booking.","a machine that flies by the Times Dispatch, Richmond, Virginia, for the 1903 collection. This is a Little Box recording.",0.972972972972973,0.0,"{'name': {'recovered': False, 'conflict': False}, 'day': {'recovered': False, 'conflict': False}, 'time': {'recovered': False, 'conflict': False}, 'date': {'recovered': False, 'conflict': False}, 'amount': {'recovered': False, 'conflict': False}, 'code': {'recovered': False, 'conflict': False}, 'negation': {'recovered': False, 'conflict': False}}",7,0,0.4958654714567276,12.16,0.0,/content/drive/MyDrive/DataForge/noise_grid_v2/outputs/05eca3e90a16aae6/clips/critical_03_baseline_r1_speech_2_-5dB.wav,2e1cf902b44ecda6ae858fb336e4ba3eac097df93ea430fa0718575b9fcbabeb,/content/drive/MyDrive/DataForge/noise_masking/outputs/synthesis_cache/06c4d940de7e5f6d/7dad1ab0e48880ff709fc0a03824c1c1765164fe41090a4f8e242dc25e5a83c1.wav,d7557a77986a509524219908f119c71527f9594801b4869e0a96e62cfb848bd1,0.824188232421875,True,,1.0,HTTP WAV -> local PCMU roundtrip,after simulated phone codec,coda,celeste,https://users.rime.ai/v1/rime-tts,3.41814314831767,3.8361728709760334,2.988534377214846
05eca3e90a16aae62993a4e8c0622498daf075b34cb0dd9342baad1fa1a946ce,critical_03_baseline_r1_environment_1_15dB,critical_03,dev,baseline,1,environment_1_15dB,environment_1,15.0,15.000000244709833,/content/drive/.shortcut-targets-by-id/1gvOi3VP1hvG6qL4dZhVl6iPKkjXSn32n/DataForge/data/musan/noise/free-sound/noise-free-sound-0397.wav,381b7347876f96d6a287a55e578b9ac8f3e5d2fa4ac35d9fb7a9a52c2bdbce24,0.0,False,environmental_noise,0.0127726895944802,0.0156501076410475,0.0956054503335604,window_rms_no_wrap_v2,20ms_frames_within_40dB_of_peak_power_v1,8000,-41.50000039070707,active speech / extracted noise-window RMS; no wrapping,"Nora Chen, your Friday appointment is at two forty five p m, your payment of seventy five dollars is due by July ninth, and your reference code is three nine two six. Do not cancel the booking.","Nora Chen, your Friday appointment is at 2.45pm, your payment of $75 is due by July 9th, and your reference code is 3926. Do not cancel the booking.",0.3513513513513513,1.0,"{'name': {'recovered': True, 'conflict': False}, 'day': {'recovered': True, 'conflict': False}, 'time': {'recovered': True, 'conflict': False}, 'date': {'recovered': True, 'conflict': False}, 'amount': {'recovered': True, 'conflict': False}, 'code': {'recovered': True, 'conflict': False}, 'negation': {'recovered': True, 'conflict': False}}",7,7,0.8152262173277335,12.16,0.0,/content/drive/MyDrive/DataForge/noise_grid_v2/outputs/05eca3e90a16aae6/clips/critical_03_baseline_r1_environment_1_15dB.wav,a7b666257f53a6eb9221f3e57e1dcb4fac4c65de0a7138c73d944d0a0c4e385c,/content/drive/MyDrive/DataForge/noise_masking/outputs/synthesis_cache/06c4d940de7e5f6d/7dad1ab0e48880ff709fc0a03824c1c1765164fe41090a4f8e242dc25e5a83c1.wav,d7557a77986a509524219908f119c71527f9594801b4869e0a96e62cfb848bd1,0.824188232421875,True,,1.0,HTTP WAV -> local PCMU roundtrip,after simulated phone codec,coda,celeste,https://users.rime.ai/v1/rime-tts,3.383488749191957,3.439015351020993,2.6308750870923325
05eca3e90a16aae62993a4e8c0622498daf075b34cb0dd9342baad1fa1a946ce,critical_03_baseline_r1_environment_1_10dB,critical_03,dev,baseline,1,environment_1_10dB,environment_1,10.0,9.999999959021943,/content/drive/.shortcut-targets-by-id/1gvOi3VP1hvG6qL4dZhVl6iPKkjXSn32n/DataForge/data/musan/noise/free-sound/noise-free-sound-0397.wav,381b7347876f96d6a287a55e578b9ac8f3e5d2fa4ac35d9fb7a9a52c2bdbce24,0.0,False,environmental_noise,0.0127726895944802,0.0156501076410475,0.1700132038156694,window_rms_no_wrap_v2,20ms_frames_within_40dB_of_peak_power_v1,8000,-41.50000039070707,active speech / extracted noise-window RMS; no wrapping,"Nora Chen, your Friday appointment is at two forty five p m, your payment of seventy five dollars is due by July ninth, and your reference code is three nine two six. Do not cancel the booking.","Nora Chen, your Friday appointment is at 2.45pm, your payment of $75 is due by July 9, and your reference code is 3926. Do not cancel the booking.",0.3513513513513513,1.0,"{'name': {'recovered': True, 'conflict': False}, 'day': {'recovered': True, 'conflict': False}, 'time': {'recovered': True, 'conflict': False}, 'date': {'recovered': True, 'conflict': False}, 'amount': {'recovered': True, 'conflict': False}, 'code': {'recovered': True, 'conflict': False}, 'negation': {'recovered': True, 'conflict': False}}",7,7,0.7478846837776123,12.16,0.0,/content/drive/MyDrive/DataForge/noise_grid_v2/outputs/05eca3e90a16aae6/clips/critical_03_baseline_r1_environment_1_10dB.wav,b0df48b4770499b7f7aed9fa44509327356d6140c1bef2a7b5e5a410812ba705,/content/drive/MyDrive/DataForge/noise_masking/outputs/synthesis_cache/06c4d940de7e5f6d/7dad1ab0e48880ff709fc0a03824c1c1765164fe41090a4f8e242dc25e5a83c1.wav,d7557a77986a509524219908f119c71527f9594801b4869e0a96e62cfb848bd1,0.824188232421875,True,,1.0,HTTP WAV -> local PCMU roundtrip,after simulated phone codec,coda,celeste,https://users.rime.ai/v1/rime-tts,3.4054396195635253,3.127382921172634,2.4955804847199525
05eca3e90a16aae62993a4e8c0622498daf075b34cb0dd9342baad1fa1a946ce,critical_03_baseline_r1_environment_1_5dB,critical_03,dev,baseline,1,environment_1_5dB,environment_1,5.0,5.000000281615228,/content/drive/.shortcut-targets-by-id/1gvOi3VP1hvG6qL4dZhVl6iPKkjXSn32n/DataForge/data/musan/noise/free-sound/noise-free-sound-0397.wav,381b7347876f96d6a287a55e578b9ac8f3e5d2fa4ac35d9fb7a9a52c2bdbce24,0.0,False,environmental_noise,0.0127726895944802,0.0156501076410475,0.3023309797801558,window_rms_no_wrap_v2,20ms_frames_within_40dB_of_peak_power_v1,8000,-41.50000039070707,active speech / extracted noise-window RMS; no wrapping,"Nora Chen, your Friday appointment is at two forty five p m, your payment of seventy five dollars is due by July ninth, and your reference code is three nine two six. Do not cancel the booking.","Nora Chen, your Friday appointment is at 2.45 p.m. Your payment of $75 is due by July 9, and your reference code is 3926. Do not cancel the booking.",0.2972972972972973,1.0,"{'name': {'recovered': True, 'conflict': False}, 'day': {'recovered': True, 'conflict': False}, 'time': {'recovered': True, 'conflict': False}, 'date': {'recovered': True, 'conflict': False}, 'amount': {'recovered': True, 'conflict': False}, 'code': {'recovered': True, 'conflict': False}, 'negation': {'recovered': True, 'conflict': False}}",7,7,0.6753571819709363,12.16,0.0,/content/drive/MyDrive/DataForge/noise_grid_v2/outputs/05eca3e90a16aae6/clips/critical_03_baseline_r1_environment_1_5dB.wav,4300420411d263ce696d785e7e7b015803f1a65d29693f9411fcac86a1c0b848,/content/drive/MyDrive/DataForge/noise_masking/outputs/synthesis_cache/06c4d940de7e5f6d/7dad1ab0e48880ff709fc0a03824c1c1765164fe41090a4f8e242dc25e5a83c1.wav,d7557a77986a509524219908f119c71527f9594801b4869e0a96e62cfb848bd1,0.824188232421875,True,,1.0,HTTP WAV -> local PCMU roundtrip,after simulated phone codec,coda,celeste,https://users.rime.ai/v1/rime-tts,3.3690422358142924,2.7352445829820446,2.296332280529296
05eca3e90a16aae62993a4e8c0622498daf075b34cb0dd9342baad1fa1a946ce,critical_03_baseline_r1_environment_1_0dB,critical_03,dev,baseline,1,environment_1_0dB,environment_1,0.0,1.3298964964749266e-07,/content/drive/.shortcut-targets-by-id/1gvOi3VP1hvG6qL4dZhVl6iPKkjXSn32n/DataForge/data/musan/noise/free-sound/noise-free-sound-0397.wav,381b7347876f96d6a287a55e578b9ac8f3e5d2fa4ac35d9fb7a9a52c2bdbce24,0.0,False,environmental_noise,0.0127726895944802,0.0156501076410475,0.5376289563599449,window_rms_no_wrap_v2,20ms_frames_within_40dB_of_peak_power_v1,8000,-41.50000039070707,active speech / extracted noise-window RMS; no wrapping,"Nora Chen, your Friday appointment is at two forty five p m, your payment of seventy five dollars is due by July ninth, and your reference code is three nine two six. Do not cancel the booking.","Nor Chen, your Friday appointment is at 2.45 p.m. Your payment of $75 is due by July 9th, and your reference code is 3926. Do not cancel the booking.",0.3243243243243243,0.8571428571428571,"{'name': {'recovered': False, 'conflict': False}, 'day': {'recovered': True, 'conflict': False}, 'time': {'recovered': True, 'conflict': False}, 'date': {'recovered': True, 'conflict': False}, 'amount': {'recovered': True, 'conflict': False}, 'code': {'recovered': True, 'conflict': False}, 'negation': {'recovered': True, 'conflict': False}}",7,6,0.5978907546743426,12.16,0.0,/content/drive/MyDrive/DataForge/noise_grid_v2/outputs/05eca3e90a16aae6/clips/critical_03_baseline_r1_environment_1_0dB.wav,d26d11cd4dc8370158857df29db87c9e011a9f078401b146553d0163b6af9917,/content/drive/MyDrive/DataForge/noise_masking/outputs/synthesis_cache/06c4d940de7e5f6d/7dad1ab0e48880ff709fc0a03824c1c1765164fe41090a4f8e242dc25e5a83c1.wav,d7557a77986a509524219908f119c71527f9594801b4869e0a96e62cfb848bd1,0.824188232421875,True,,1.0,HTTP WAV -> local PCMU roundtrip,after simulated phone codec,coda,celeste,https://users.rime.ai/v1/rime-tts,3.277212536375238,2.580812183615049,2.187054614234403
05eca3e90a16aae62993a4e8c0622498daf075b34cb0dd9342baad1fa1a946ce,critical_03_baseline_r1_environment_1_-5dB,critical_03,dev,baseline,1,environment_1_-5dB,environment_1,-5.0,-5.000000045925891,/content/drive/.shortcut-targets-by-id/1gvOi3VP1hvG6qL4dZhVl6iPKkjXSn32n/DataForge/data/musan/noise/free-sound/noise-free-sound-0397.wav,381b7347876f96d6a287a55e578b9ac8f3e5d2fa4ac35d9fb7a9a52c2bdbce24,0.0,False,environmental_noise,0.0127726895944802,0.0156501076410475,0.9560545033356044,window_rms_no_wrap_v2,20ms_frames_within_40dB_of_peak_power_v1,8000,-41.50000039070707,active speech / extracted noise-window RMS; no wrapping,"Nora Chen, your Friday appointment is at two forty five p m, your payment of seventy five dollars is due by July ninth, and your reference code is three nine two six. Do not cancel the booking.","Nor Chen, your Friday appointment is at 2.45 p.m. Your payment of $75 is due by July 9th, and your reference code is 3926. Do not cancel the booking.",0.3243243243243243,0.8571428571428571,"{'name': {'recovered': False, 'conflict': False}, 'day': {'recovered': True, 'conflict': False}, 'time': {'recovered': True, 'conflict': False}, 'date': {'recovered': True, 'conflict': False}, 'amount': {'recovered': True, 'conflict': False}, 'code': {'recovered': True, 'conflict': False}, 'negation': {'recovered': True, 'conflict': False}}",7,6,0.5156173637621922,12.16,0.0,/content/drive/MyDrive/DataForge/noise_grid_v2/outputs/05eca3e90a16aae6/clips/critical_03_baseline_r1_environment_1_-5dB.wav,3a01cbaf7fa7a9ebb94206b720a193eda3978073067d3122dff0959205fd1584,/content/drive/MyDrive/DataForge/noise_masking/outputs/synthesis_cache/06c4d940de7e5f6d/7dad1ab0e48880ff709fc0a03824c1c1765164fe41090a4f8e242dc25e5a83c1.wav,d7557a77986a509524219908f119c71527f9594801b4869e0a96e62cfb848bd1,0.824188232421875,True,,1.0,HTTP WAV -> local PCMU roundtrip,after simulated phone codec,coda,celeste,https://users.rime.ai/v1/rime-tts,2.071028164412582,1.6876459675906792,1.490037811094518
05eca3e90a16aae62993a4e8c0622498daf075b34cb0dd9342baad1fa1a946ce,critical_03_baseline_r1_environment_2_15dB,critical_03,dev,baseline,1,environment_2_15dB,environment_2,15.0,15.000000219803969,/content/drive/.shortcut-targets-by-id/1gvOi3VP1hvG6qL4dZhVl6iPKkjXSn32n/DataForge/data/musan/noise/free-sound/noise-free-sound-0131.wav,4c75a309561d719f6d0c34738b78912ac976aa854541c6452e4e34ffcaaa3e5e,0.0,False,environmental_noise,0.0838667840138316,0.0832482245749586,0.0179731831691352,window_rms_no_wrap_v2,20ms_frames_within_40dB_of_peak_power_v1,8000,-41.50000039070707,active speech / extracted noise-window RMS; no wrapping,"Nora Chen, your Friday appointment is at two forty five p m, your payment of seventy five dollars is due by July ninth, and your reference code is three nine two six. Do not cancel the booking.","Nora Chen, your Friday appointment is at 2.45pm, your payment of $75 is due by July 9th, and your reference code is 3926. Do not cancel the booking.",0.3513513513513513,1.0,"{'name': {'recovered': True, 'conflict': False}, 'day': {'recovered': True, 'conflict': False}, 'time': {'recovered': True, 'conflict': False}, 'date': {'recovered': True, 'conflict': False}, 'amount': {'recovered': True, 'conflict': False}, 'code': {'recovered': True, 'conflict': False}, 'negation': {'recovered': True, 'conflict': False}}",7,7,0.8712682309206349,12.16,0.0,/content/drive/MyDrive/DataForge/noise_grid_v2/outputs/05eca3e90a16aae6/clips/critical_03_baseline_r1_environment_2_15dB.wav,62637d9ca106c6678035fb420121f2d594aeb8908238b908bfe11b2357850ebe,/content/drive/MyDrive/DataForge/noise_masking/outputs/synthesis_cache/06c4d940de7e5f6d/7dad1ab0e48880ff709fc0a03824c1c1765164fe41090a4f8e242dc25e5a83c1.wav,d7557a77986a509524219908f119c71527f9594801b4869e0a96e62cfb848bd1,0.824188232421875,True,,1.0,HTTP WAV -> local PCMU roundtrip,after simulated phone codec,coda,celeste,https://users.rime.ai/v1/rime-tts,3.437242685471846,3.654685656740888,2.8306312428375167
05eca3e90a16aae62993a4e8c0622498daf075b34cb0dd9342baad1fa1a946ce,critical_03_baseline_r1_environment_2_10dB,critical_03,dev,baseline,1,environment_2_10dB,environment_2,10.0,10.000000300534357,/content/drive/.shortcut-targets-by-id/1gvOi3VP1hvG6qL4dZhVl6iPKkjXSn32n/DataForge/data/musan/noise/free-sound/noise-free-sound-0131.wav,4c75a309561d719f6d0c34738b78912ac976aa854541c6452e4e34ffcaaa3e5e,0.0,False,environmental_noise,0.0838667840138316,0.0832482245749586,0.0319613415625313,window_rms_no_wrap_v2,20ms_frames_within_40dB_of_peak_power_v1,8000,-41.50000039070707,active speech / extracted noise-window RMS; no wrapping,"Nora Chen, your Friday appointment is at two forty five p m, your payment of seventy five dollars is due by July ninth, and your reference code is three nine two six. Do not cancel the booking.","Nora Chen, your Friday appointment is at 2.45pm, your payment of $75 is due by July 9th, and your reference code is 3926. Do not cancel the booking.",0.3513513513513513,1.0,"{'name': {'recovered': True, 'conflict': False}, 'day': {'recovered': True, 'conflict': False}, 'time': {'recovered': True, 'conflict': False}, 'date': {'recovered': True, 'conflict': False}, 'amount': {'recovered': True, 'conflict': False}, 'code': {'recovered': True, 'conflict': False}, 'negation': {'recovered': True, 'conflict': False}}",7,7,0.8224624868615277,12.16,0.0,/content/drive/MyDrive/DataForge/noise_grid_v2/outputs/05eca3e90a16aae6/clips/critical_03_baseline_r1_environment_2_10dB.wav,169e31963055ba531c7c467994ba25b1ee7942cf4824c60f7084e28305472bb4,/content/drive/MyDrive/DataForge/noise_masking/outputs/synthesis_cache/06c4d940de7e5f6d/7dad1ab0e48880ff709fc0a03824c1c1765164fe41090a4f8e242dc25e5a83c1.wav,d7557a77986a509524219908f119c71527f9594801b4869e0a96e62cfb848bd1,0.824188232421875,True,,1.0,HTTP WAV -> local PCMU roundtrip,after simulated phone codec,coda,celeste,https://users.rime.ai/v1/rime-tts,3.430847555074794,3.518676766980443,2.73176811911045
05eca3e90a16aae62993a4e8c0622498daf075b34cb0dd9342baad1fa1a946ce,critical_03_baseline_r1_environment_2_5dB,critical_03,dev,baseline,1,environment_2_5dB,environment_2,5.0,5.000000046672853,/content/drive/.shortcut-targets-by-id/1gvOi3VP1hvG6qL4dZhVl6iPKkjXSn32n/DataForge/data/musan/noise/free-sound/noise-free-sound-0131.wav,4c75a309561d719f6d0c34738b78912ac976aa854541c6452e4e34ffcaaa3e5e,0.0,False,environmental_noise,0.0838667840138316,0.0832482245749586,0.0568361956178708,window_rms_no_wrap_v2,20ms_frames_within_40dB_of_peak_power_v1,8000,-41.50000039070707,active speech / extracted noise-window RMS; no wrapping,"Nora Chen, your Friday appointment is at two forty five p m, your payment of seventy five dollars is due by July ninth, and your reference code is three nine two six. Do not cancel the booking.","Nora Chen, your Friday appointment is at 2.45pm, your payment of $75 is due by July 9th, and your reference code is 3926. Do not cancel the booking.",0.3513513513513513,1.0,"{'name': {'recovered': True, 'conflict': False}, 'day': {'recovered': True, 'conflict': False}, 'time': {'recovered': True, 'conflict': False}, 'date': {'recovered': True, 'conflict': False}, 'amount': {'recovered': True, 'conflict': False}, 'code': {'recovered': True, 'conflict': False}, 'negation': {'recovered': True, 'conflict': False}}",7,7,0.7601422807450865,12.16,0.0,/content/drive/MyDrive/DataForge/noise_grid_v2/outputs/05eca3e90a16aae6/clips/critical_03_baseline_r1_environment_2_5dB.wav,41e323bfe7e24c81c363bb979afad3df185deaf9a051cf7b7b42a420dd537310,/content/drive/MyDrive/DataForge/noise_masking/outputs/synthesis_cache/06c4d940de7e5f6d/7dad1ab0e48880ff709fc0a03824c1c1765164fe41090a4f8e242dc25e5a83c1.wav,d7557a77986a509524219908f119c71527f9594801b4869e0a96e62cfb848bd1,0.824188232421875,True,,1.0,HTTP WAV -> local PCMU roundtrip,after simulated phone codec,coda,celeste,https://users.rime.ai/v1/rime-tts,3.459885575235147,3.3955889488983564,2.698829167934293
05eca3e90a16aae62993a4e8c0622498daf075b34cb0dd9342baad1fa1a946ce,critical_03_baseline_r1_environment_2_0dB,critical_03,dev,baseline,1,environment_2_0dB,environment_2,0.0,1.1902622477881497e-07,/content/drive/.shortcut-targets-by-id/1gvOi3VP1hvG6qL4dZhVl6iPKkjXSn32n/DataForge/data/musan/noise/free-sound/noise-free-sound-0131.wav,4c75a309561d719f6d0c34738b78912ac976aa854541c6452e4e34ffcaaa3e5e,0.0,False,environmental_noise,0.0838667840138316,0.0832482245749586,0.1010706364122041,window_rms_no_wrap_v2,20ms_frames_within_40dB_of_peak_power_v1,8000,-41.50000039070707,active speech / extracted noise-window RMS; no wrapping,"Nora Chen, your Friday appointment is at two forty five p m, your payment of seventy five dollars is due by July ninth, and your reference code is three nine two six. Do not cancel the booking.","Nora Chen, your Friday appointment is at 2.45 p.m., your payment of $75 is due by July 9th, and your reference code is 3926. Do not cancel the booking.",0.2972972972972973,1.0,"{'name': {'recovered': True, 'conflict': False}, 'day': {'recovered': True, 'conflict': False}, 'time': {'recovered': True, 'conflict': False}, 'date': {'recovered': True, 'conflict': False}, 'amount': {'recovered': True, 'conflict': False}, 'code': {'recovered': True, 'conflict': False}, 'negation': {'recovered': True, 'conflict': False}}",7,7,0.6834630553111377,12.16,0.0,/content/drive/MyDrive/DataForge/noise_grid_v2/outputs/05eca3e90a16aae6/clips/critical_03_baseline_r1_environment_2_0dB.wav,81bbae1cd599fe231292fe165af843b64a64c3d961a64e21b1a60b503f8b166e,/content/drive/MyDrive/DataForge/noise_masking/outputs/synthesis_cache/06c4d940de7e5f6d/7dad1ab0e48880ff709fc0a03824c1c1765164fe41090a4f8e242dc25e5a83c1.wav,d7557a77986a509524219908f119c71527f9594801b4869e0a96e62cfb848bd1,0.824188232421875,True,,1.0,HTTP WAV -> local PCMU roundtrip,after simulated phone codec,coda,celeste,https://users.rime.ai/v1/rime-tts,3.3454789572774364,2.9317673376365185,2.4462752457877484
05eca3e90a16aae62993a4e8c0622498daf075b34cb0dd9342baad1fa1a946ce,critical_03_baseline_r1_environment_2_-5dB,critical_03,dev,baseline,1,environment_2_-5dB,environment_2,-5.0,-4.999999961598848,/content/drive/.shortcut-targets-by-id/1gvOi3VP1hvG6qL4dZhVl6iPKkjXSn32n/DataForge/data/musan/noise/free-sound/noise-free-sound-0131.wav,4c75a309561d719f6d0c34738b78912ac976aa854541c6452e4e34ffcaaa3e5e,0.0,False,environmental_noise,0.0838667840138316,0.0832482245749586,0.1797318316913529,window_rms_no_wrap_v2,20ms_frames_within_40dB_of_peak_power_v1,8000,-41.50000039070707,active speech / extracted noise-window RMS; no wrapping,"Nora Chen, your Friday appointment is at two forty five p m, your payment of seventy five dollars is due by July ninth, and your reference code is three nine two six. Do not cancel the booking.","Nora Chen, your Friday appointment is at 2.45 pm. Your payment of $75 is due by July 9th, and your reference code is 3926. Do not cancel the booking.",0.3513513513513513,1.0,"{'name': {'recovered': True, 'conflict': False}, 'day': {'recovered': True, 'conflict': False}, 'time': {'recovered': True, 'conflict': False}, 'date': {'recovered': True, 'conflict': False}, 'amount': {'recovered': True, 'conflict': False}, 'code': {'recovered': True, 'conflict': False}, 'negation': {'recovered': True, 'conflict': False}}",7,7,0.5860101781554801,12.16,0.0,/content/drive/MyDrive/DataForge/noise_grid_v2/outputs/05eca3e90a16aae6/clips/critical_03_baseline_r1_environment_2_-5dB.wav,952c647fd8b85bed3639e1a4f7353e43cc8ceca33bfc1eabbc03ac23de278bf7,/content/drive/MyDrive/DataForge/noise_masking/outputs/synthesis_cache/06c4d940de7e5f6d/7dad1ab0e48880ff709fc0a03824c1c1765164fe41090a4f8e242dc25e5a83c1.wav,d7557a77986a509524219908f119c71527f9594801b4869e0a96e62cfb848bd1,0.824188232421875,True,,1.0,HTTP WAV -> local PCMU roundtrip,after simulated phone codec,coda,celeste,https://users.rime.ai/v1/rime-tts,1.326697933044103,1.321555367254972,1.2110907612452744
05eca3e90a16aae62993a4e8c0622498daf075b34cb0dd9342baad1fa1a946ce,critical_05_baseline_r1_clean,critical_05,dev,baseline,1,clean,clean,,,,,,False,clean,,,,window_rms_no_wrap_v2,20ms_frames_within_40dB_of_peak_power_v1,8000,-41.49999986429762,active speech / extracted noise-window RMS; no wrapping,"Sara Khan, your Thursday appointment is at four ten p m, your payment of ninety dollars is due by September third, and your reference code is six two seven five. Do not change the date.","Sarah Khan, your Thursday appointment is at 4.10 p.m., your payment of $90 is due by September 3, and your reference code is 6275. Do not change the date.",0.2857142857142857,0.8571428571428571,"{'name': {'recovered': False, 'conflict': False}, 'day': {'recovered': True, 'conflict': False}, 'time': {'recovered': True, 'conflict': False}, 'date': {'recovered': True, 'conflict': False}, 'amount': {'recovered': True, 'conflict': False}, 'code': {'recovered': True, 'conflict': False}, 'negation': {'recovered': True, 'conflict': False}}",7,6,,11.36,0.0,/content/drive/MyDrive/DataForge/noise_grid_v2/outputs/05eca3e90a16aae6/clips/critical_05_baseline_r1_clean.wav,fb80da56ac0d530e920f6162a3595df3a5155a8c81a6c05aeb607aaddd342f49,/content/drive/MyDrive/DataForge/noise_masking/outputs/synthesis_cache/06c4d940de7e5f6d/a539aef53cd63e54b26a1a39b511850ed40709bcb2352ab3439b17b5d02eba60.wav,27564d77209b618e9eca0a50af84bbb1dd15f48d6bd3670aa241fcd6bdba1fbd,0.925750732421875,True,,1.0,HTTP WAV -> local PCMU roundtrip,after simulated phone codec,coda,celeste,https://users.rime.ai/v1/rime-tts,3.3314594654298184,4.1092041641278,2.9732788805431487
05eca3e90a16aae62993a4e8c0622498daf075b34cb0dd9342baad1fa1a946ce,critical_05_baseline_r1_speech_1_15dB,critical_05,dev,baseline,1,speech_1_15dB,speech_1,15.0,15.000000010842305,/content/drive/.shortcut-targets-by-id/1gvOi3VP1hvG6qL4dZhVl6iPKkjXSn32n/DataForge/data/musan/speech/librivox/speech-librivox-0004.wav,76965f20b10ce0ed48beed1670d8c5ed81182a2bc797ed5e4d7dbe24c4c58ae8,0.0,False,competing_speech,0.0918381103595235,0.1025823317231573,0.0145857054946707,window_rms_no_wrap_v2,20ms_frames_within_40dB_of_peak_power_v1,8000,-41.49999986429762,active speech / extracted noise-window RMS; no wrapping,"Sara Khan, your Thursday appointment is at four ten p m, your payment of ninety dollars is due by September third, and your reference code is six two seven five. Do not change the date.","Sarah Khan, your Thursday appointment is at 4.10 p.m., your payment of $90 is due by September 3rd, and your reference code is 6275. Do not change the date.",0.2857142857142857,0.8571428571428571,"{'name': {'recovered': False, 'conflict': False}, 'day': {'recovered': True, 'conflict': False}, 'time': {'recovered': True, 'conflict': False}, 'date': {'recovered': True, 'conflict': False}, 'amount': {'recovered': True, 'conflict': False}, 'code': {'recovered': True, 'conflict': False}, 'negation': {'recovered': True, 'conflict': False}}",7,6,0.8659000110117505,11.36,0.0,/content/drive/MyDrive/DataForge/noise_grid_v2/outputs/05eca3e90a16aae6/clips/critical_05_baseline_r1_speech_1_15dB.wav,19a75d0dea5261d45c02864dffd074a918a954068e58408b9120974bb57a5335,/content/drive/MyDrive/DataForge/noise_masking/outputs/synthesis_cache/06c4d940de7e5f6d/a539aef53cd63e54b26a1a39b511850ed40709bcb2352ab3439b17b5d02eba60.wav,27564d77209b618e9eca0a50af84bbb1dd15f48d6bd3670aa241fcd6bdba1fbd,0.925750732421875,True,,1.0,HTTP WAV -> local PCMU roundtrip,after simulated phone codec,coda,celeste,https://users.rime.ai/v1/rime-tts,3.151229011933325,3.2924299214159287,2.4561264553350024
05eca3e90a16aae62993a4e8c0622498daf075b34cb0dd9342baad1fa1a946ce,critical_05_baseline_r1_speech_1_10dB,critical_05,dev,baseline,1,speech_1_10dB,speech_1,10.0,9.999999795135432,/content/drive/.shortcut-targets-by-id/1gvOi3VP1hvG6qL4dZhVl6iPKkjXSn32n/DataForge/data/musan/speech/librivox/speech-librivox-0004.wav,76965f20b10ce0ed48beed1670d8c5ed81182a2bc797ed5e4d7dbe24c4c58ae8,0.0,False,competing_speech,0.0918381103595235,0.1025823317231573,0.0259374597620645,window_rms_no_wrap_v2,20ms_frames_within_40dB_of_peak_power_v1,8000,-41.49999986429762,active speech / extracted noise-window RMS; no wrapping,"Sara Khan, your Thursday appointment is at four ten p m, your payment of ninety dollars is due by September third, and your reference code is six two seven five. Do not change the date.","Sarah Khan, your Thursday appointment is at 4.10 p.m., your payment of $90 is due by September 3rd and your reference code is 6275. Do not change the date.",0.2857142857142857,0.8571428571428571,"{'name': {'recovered': False, 'conflict': False}, 'day': {'recovered': True, 'conflict': False}, 'time': {'recovered': True, 'conflict': False}, 'date': {'recovered': True, 'conflict': False}, 'amount': {'recovered': True, 'conflict': False}, 'code': {'recovered': True, 'conflict': False}, 'negation': {'recovered': True, 'conflict': False}}",7,6,0.7731594886965486,11.36,0.0,/content/drive/MyDrive/DataForge/noise_grid_v2/outputs/05eca3e90a16aae6/clips/critical_05_baseline_r1_speech_1_10dB.wav,a8b92c7f2c1e40bb858740df10d78406ad5628e110f27bec8990f88305b6b737,/content/drive/MyDrive/DataForge/noise_masking/outputs/synthesis_cache/06c4d940de7e5f6d/a539aef53cd63e54b26a1a39b511850ed40709bcb2352ab3439b17b5d02eba60.wav,27564d77209b618e9eca0a50af84bbb1dd15f48d6bd3670aa241fcd6bdba1fbd,0.925750732421875,True,,1.0,HTTP WAV -> local PCMU roundtrip,after simulated phone codec,coda,celeste,https://users.rime.ai/v1/rime-tts,3.122979357885796,3.2884611853263137,2.453332810119616
05eca3e90a16aae62993a4e8c0622498daf075b34cb0dd9342baad1fa1a946ce,critical_05_baseline_r1_speech_1_5dB,critical_05,dev,baseline,1,speech_1_5dB,speech_1,5.0,4.999999692584339,/content/drive/.shortcut-targets-by-id/1gvOi3VP1hvG6qL4dZhVl6iPKkjXSn32n/DataForge/data/musan/speech/librivox/speech-librivox-0004.wav,76965f20b10ce0ed48beed1670d8c5ed81182a2bc797ed5e4d7dbe24c4c58ae8,0.0,False,competing_speech,0.0918381103595235,0.1025823317231573,0.0461240506435924,window_rms_no_wrap_v2,20ms_frames_within_40dB_of_peak_power_v1,8000,-41.49999986429762,active speech / extracted noise-window RMS; no wrapping,"Sara Khan, your Thursday appointment is at four ten p m, your payment of ninety dollars is due by September third, and your reference code is six two seven five. Do not change the date.","Saracon, your Thursday appointment is at 4.10 p.m., your payment of $90 is due by September 3rd and your reference code is 6275. Do not change the date.",0.3142857142857143,0.8571428571428571,"{'name': {'recovered': False, 'conflict': False}, 'day': {'recovered': True, 'conflict': False}, 'time': {'recovered': True, 'conflict': False}, 'date': {'recovered': True, 'conflict': False}, 'amount': {'recovered': True, 'conflict': False}, 'code': {'recovered': True, 'conflict': False}, 'negation': {'recovered': True, 'conflict': False}}",7,6,0.6573869098855836,11.36,0.0,/content/drive/MyDrive/DataForge/noise_grid_v2/outputs/05eca3e90a16aae6/clips/critical_05_baseline_r1_speech_1_5dB.wav,023849c2caa06fd4ef7036d699b1270df958d15583809e9862bec6ad404bbe58,/content/drive/MyDrive/DataForge/noise_masking/outputs/synthesis_cache/06c4d940de7e5f6d/a539aef53cd63e54b26a1a39b511850ed40709bcb2352ab3439b17b5d02eba60.wav,27564d77209b618e9eca0a50af84bbb1dd15f48d6bd3670aa241fcd6bdba1fbd,0.925750732421875,True,,1.0,HTTP WAV -> local PCMU roundtrip,after simulated phone codec,coda,celeste,https://users.rime.ai/v1/rime-tts,3.1586516577179053,3.3484327075826745,2.5218771504366493
05eca3e90a16aae62993a4e8c0622498daf075b34cb0dd9342baad1fa1a946ce,critical_05_baseline_r1_speech_1_0dB,critical_05,dev,baseline,1,speech_1_0dB,speech_1,0.0,-3.0922135121923906e-07,/content/drive/.shortcut-targets-by-id/1gvOi3VP1hvG6qL4dZhVl6iPKkjXSn32n/DataForge/data/musan/speech/librivox/speech-librivox-0004.wav,76965f20b10ce0ed48beed1670d8c5ed81182a2bc797ed5e4d7dbe24c4c58ae8,0.0,False,competing_speech,0.0918381103595235,0.1025823317231573,0.0820214495670929,window_rms_no_wrap_v2,20ms_frames_within_40dB_of_peak_power_v1,8000,-41.49999986429762,active speech / extracted noise-window RMS; no wrapping,"Sara Khan, your Thursday appointment is at four ten p m, your payment of ninety dollars is due by September third, and your reference code is six two seven five. Do not change the date.","Sarafcon, your Thursday appointment is at 410 p.m., your payment of $90 received by September 3rd, and your reference code is 6275. Do not change the date.",0.3714285714285714,0.8571428571428571,"{'name': {'recovered': False, 'conflict': False}, 'day': {'recovered': True, 'conflict': False}, 'time': {'recovered': True, 'conflict': False}, 'date': {'recovered': True, 'conflict': False}, 'amount': {'recovered': True, 'conflict': False}, 'code': {'recovered': True, 'conflict': False}, 'negation': {'recovered': True, 'conflict': False}}",7,6,0.5284342980821624,11.36,0.0,/content/drive/MyDrive/DataForge/noise_grid_v2/outputs/05eca3e90a16aae6/clips/critical_05_baseline_r1_speech_1_0dB.wav,fd9077cc79304393713482b5a0dac6ade1b97464b09a8349914eefe1c1c49477,/content/drive/MyDrive/DataForge/noise_masking/outputs/synthesis_cache/06c4d940de7e5f6d/a539aef53cd63e54b26a1a39b511850ed40709bcb2352ab3439b17b5d02eba60.wav,27564d77209b618e9eca0a50af84bbb1dd15f48d6bd3670aa241fcd6bdba1fbd,0.925750732421875,True,,1.0,HTTP WAV -> local PCMU roundtrip,after simulated phone codec,coda,celeste,https://users.rime.ai/v1/rime-tts,3.2167626576329487,3.080461817183028,2.4312352982777488
05eca3e90a16aae62993a4e8c0622498daf075b34cb0dd9342baad1fa1a946ce,critical_05_baseline_r1_speech_1_-5dB,critical_05,dev,baseline,1,speech_1_-5dB,speech_1,-5.0,-4.999999763752927,/content/drive/.shortcut-targets-by-id/1gvOi3VP1hvG6qL4dZhVl6iPKkjXSn32n/DataForge/data/musan/speech/librivox/speech-librivox-0004.wav,76965f20b10ce0ed48beed1670d8c5ed81182a2bc797ed5e4d7dbe24c4c58ae8,0.0,False,competing_speech,0.0918381103595235,0.1025823317231573,0.1458570549467073,window_rms_no_wrap_v2,20ms_frames_within_40dB_of_peak_power_v1,8000,-41.49999986429762,active speech / extracted noise-window RMS; no wrapping,"Sara Khan, your Thursday appointment is at four ten p m, your payment of ninety dollars is due by September third, and your reference code is six two seven five. Do not change the date.","Sir, upon your Thursday appointment, is at $4.10, your payment of $90 will be by September 3rd, and your reference code is 6275. Do not use the same thing.",0.5142857142857142,0.5714285714285714,"{'name': {'recovered': False, 'conflict': False}, 'day': {'recovered': True, 'conflict': False}, 'time': {'recovered': False, 'conflict': False}, 'date': {'recovered': True, 'conflict': False}, 'amount': {'recovered': True, 'conflict': False}, 'code': {'recovered': True, 'conflict': False}, 'negation': {'recovered': False, 'conflict': False}}",7,4,0.4123126662357232,11.36,0.0,/content/drive/MyDrive/DataForge/noise_grid_v2/outputs/05eca3e90a16aae6/clips/critical_05_baseline_r1_speech_1_-5dB.wav,ea5a9da4523a52caa73ccc58df3b0c4b8cc0d408f55e427a5662e2475ce5eb61,/content/drive/MyDrive/DataForge/noise_masking/outputs/synthesis_cache/06c4d940de7e5f6d/a539aef53cd63e54b26a1a39b511850ed40709bcb2352ab3439b17b5d02eba60.wav,27564d77209b618e9eca0a50af84bbb1dd15f48d6bd3670aa241fcd6bdba1fbd,0.925750732421875,True,,1.0,HTTP WAV -> local PCMU roundtrip,after simulated phone codec,coda,celeste,https://users.rime.ai/v1/rime-tts,3.260031766435452,3.04676753631001,2.4514615744808395
05eca3e90a16aae62993a4e8c0622498daf075b34cb0dd9342baad1fa1a946ce,critical_05_baseline_r1_speech_2_15dB,critical_05,dev,baseline,1,speech_2_15dB,speech_2,15.0,14.999999536235029,/content/drive/.shortcut-targets-by-id/1gvOi3VP1hvG6qL4dZhVl6iPKkjXSn32n/DataForge/data/musan/speech/librivox/speech-librivox-0003.wav,8c1370aaca2843057072ded459deb739413910e7a2c5a1f21d3e04c2b3fe4c6b,0.0,False,competing_speech,0.0861615546950171,0.094472861923687,0.0158377299999572,window_rms_no_wrap_v2,20ms_frames_within_40dB_of_peak_power_v1,8000,-41.49999986429762,active speech / extracted noise-window RMS; no wrapping,"Sara Khan, your Thursday appointment is at four ten p m, your payment of ninety dollars is due by September third, and your reference code is six two seven five. Do not change the date.","Sarah Khan, your Thursday appointment is at 4.10pm, your payment of $90 is due by September 3rd, and your reference code is 6275. Do not change the date.",0.3428571428571428,0.8571428571428571,"{'name': {'recovered': False, 'conflict': False}, 'day': {'recovered': True, 'conflict': False}, 'time': {'recovered': True, 'conflict': False}, 'date': {'recovered': True, 'conflict': False}, 'amount': {'recovered': True, 'conflict': False}, 'code': {'recovered': True, 'conflict': False}, 'negation': {'recovered': True, 'conflict': False}}",7,6,0.8578984166031068,11.36,0.0,/content/drive/MyDrive/DataForge/noise_grid_v2/outputs/05eca3e90a16aae6/clips/critical_05_baseline_r1_speech_2_15dB.wav,8bd931a187effb429acff7678cf1428ba724d57301f4f32c48f6d3851e38f8aa,/content/drive/MyDrive/DataForge/noise_masking/outputs/synthesis_cache/06c4d940de7e5f6d/a539aef53cd63e54b26a1a39b511850ed40709bcb2352ab3439b17b5d02eba60.wav,27564d77209b618e9eca0a50af84bbb1dd15f48d6bd3670aa241fcd6bdba1fbd,0.925750732421875,True,,1.0,HTTP WAV -> local PCMU roundtrip,after simulated phone codec,coda,celeste,https://users.rime.ai/v1/rime-tts,3.291489547821422,3.738037734566769,2.766406617976061
05eca3e90a16aae62993a4e8c0622498daf075b34cb0dd9342baad1fa1a946ce,critical_05_baseline_r1_speech_2_10dB,critical_05,dev,baseline,1,speech_2_10dB,speech_2,10.0,9.999999765299336,/content/drive/.shortcut-targets-by-id/1gvOi3VP1hvG6qL4dZhVl6iPKkjXSn32n/DataForge/data/musan/speech/librivox/speech-librivox-0003.wav,8c1370aaca2843057072ded459deb739413910e7a2c5a1f21d3e04c2b3fe4c6b,0.0,False,competing_speech,0.0861615546950171,0.094472861923687,0.0281639091606796,window_rms_no_wrap_v2,20ms_frames_within_40dB_of_peak_power_v1,8000,-41.49999986429762,active speech / extracted noise-window RMS; no wrapping,"Sara Khan, your Thursday appointment is at four ten p m, your payment of ninety dollars is due by September third, and your reference code is six two seven five. Do not change the date.","Sarah Khan, your Thursday appointment is at 4.10 PM, your payment of $90 is due by September 3rd and your reference code is 6275. Do not change the date.",0.3428571428571428,0.8571428571428571,"{'name': {'recovered': False, 'conflict': False}, 'day': {'recovered': True, 'conflict': False}, 'time': {'recovered': True, 'conflict': False}, 'date': {'recovered': True, 'conflict': False}, 'amount': {'recovered': True, 'conflict': False}, 'code': {'recovered': True, 'conflict': False}, 'negation': {'recovered': True, 'conflict': False}}",7,6,0.7827022952269439,11.36,0.0,/content/drive/MyDrive/DataForge/noise_grid_v2/outputs/05eca3e90a16aae6/clips/critical_05_baseline_r1_speech_2_10dB.wav,c1d05428899a721e871624782fd10d2ccab5d6446e060f930347779a85906830,/content/drive/MyDrive/DataForge/noise_masking/outputs/synthesis_cache/06c4d940de7e5f6d/a539aef53cd63e54b26a1a39b511850ed40709bcb2352ab3439b17b5d02eba60.wav,27564d77209b618e9eca0a50af84bbb1dd15f48d6bd3670aa241fcd6bdba1fbd,0.925750732421875,True,,1.0,HTTP WAV -> local PCMU roundtrip,after simulated phone codec,coda,celeste,https://users.rime.ai/v1/rime-tts,3.2664154666111416,3.585481762685839,2.66779540956353
05eca3e90a16aae62993a4e8c0622498daf075b34cb0dd9342baad1fa1a946ce,critical_05_baseline_r1_speech_2_5dB,critical_05,dev,baseline,1,speech_2_5dB,speech_2,5.0,5.000000268468646,/content/drive/.shortcut-targets-by-id/1gvOi3VP1hvG6qL4dZhVl6iPKkjXSn32n/DataForge/data/musan/speech/librivox/speech-librivox-0003.wav,8c1370aaca2843057072ded459deb739413910e7a2c5a1f21d3e04c2b3fe4c6b,0.0,False,competing_speech,0.0861615546950171,0.094472861923687,0.0500832997666432,window_rms_no_wrap_v2,20ms_frames_within_40dB_of_peak_power_v1,8000,-41.49999986429762,active speech / extracted noise-window RMS; no wrapping,"Sara Khan, your Thursday appointment is at four ten p m, your payment of ninety dollars is due by September third, and your reference code is six two seven five. Do not change the date.","Sarah Khan, your Thursday appointment is at 4.10pm, your payment of $90 is due by September 3rd, and your reference code is 6275. Do not change the date.",0.3428571428571428,0.8571428571428571,"{'name': {'recovered': False, 'conflict': False}, 'day': {'recovered': True, 'conflict': False}, 'time': {'recovered': True, 'conflict': False}, 'date': {'recovered': True, 'conflict': False}, 'amount': {'recovered': True, 'conflict': False}, 'code': {'recovered': True, 'conflict': False}, 'negation': {'recovered': True, 'conflict': False}}",7,6,0.6946389225061855,11.36,0.0,/content/drive/MyDrive/DataForge/noise_grid_v2/outputs/05eca3e90a16aae6/clips/critical_05_baseline_r1_speech_2_5dB.wav,c32c962032ddb0b020e264f483b00375e37083a641fabc35ae36a4c30b60d9a2,/content/drive/MyDrive/DataForge/noise_masking/outputs/synthesis_cache/06c4d940de7e5f6d/a539aef53cd63e54b26a1a39b511850ed40709bcb2352ab3439b17b5d02eba60.wav,27564d77209b618e9eca0a50af84bbb1dd15f48d6bd3670aa241fcd6bdba1fbd,0.925750732421875,True,,1.0,HTTP WAV -> local PCMU roundtrip,after simulated phone codec,coda,celeste,https://users.rime.ai/v1/rime-tts,3.3189133553298817,3.5330706876860405,2.713649696063968
05eca3e90a16aae62993a4e8c0622498daf075b34cb0dd9342baad1fa1a946ce,critical_05_baseline_r1_speech_2_0dB,critical_05,dev,baseline,1,speech_2_0dB,speech_2,0.0,-1.385874704958395e-07,/content/drive/.shortcut-targets-by-id/1gvOi3VP1hvG6qL4dZhVl6iPKkjXSn32n/DataForge/data/musan/speech/librivox/speech-librivox-0003.wav,8c1370aaca2843057072ded459deb739413910e7a2c5a1f21d3e04c2b3fe4c6b,0.0,False,competing_speech,0.0861615546950171,0.094472861923687,0.0890621007618288,window_rms_no_wrap_v2,20ms_frames_within_40dB_of_peak_power_v1,8000,-41.49999986429762,active speech / extracted noise-window RMS; no wrapping,"Sara Khan, your Thursday appointment is at four ten p m, your payment of ninety dollars is due by September third, and your reference code is six two seven five. Do not change the date.","Sarah Khan, your Thursday appointment is at 4.10pm, your payment of $90 is due by September 3rd, and your reference code is 6275. Do not change the date.",0.3428571428571428,0.8571428571428571,"{'name': {'recovered': False, 'conflict': False}, 'day': {'recovered': True, 'conflict': False}, 'time': {'recovered': True, 'conflict': False}, 'date': {'recovered': True, 'conflict': False}, 'amount': {'recovered': True, 'conflict': False}, 'code': {'recovered': True, 'conflict': False}, 'negation': {'recovered': True, 'conflict': False}}",7,6,0.6023674467744725,11.36,0.0,/content/drive/MyDrive/DataForge/noise_grid_v2/outputs/05eca3e90a16aae6/clips/critical_05_baseline_r1_speech_2_0dB.wav,6e1b186b941699d611912b9cb36bf314d9de482015f642f7fc0dff7f39574805,/content/drive/MyDrive/DataForge/noise_masking/outputs/synthesis_cache/06c4d940de7e5f6d/a539aef53cd63e54b26a1a39b511850ed40709bcb2352ab3439b17b5d02eba60.wav,27564d77209b618e9eca0a50af84bbb1dd15f48d6bd3670aa241fcd6bdba1fbd,0.925750732421875,True,,1.0,HTTP WAV -> local PCMU roundtrip,after simulated phone codec,coda,celeste,https://users.rime.ai/v1/rime-tts,3.323659654868831,3.424362036706464,2.670080925539771
05eca3e90a16aae62993a4e8c0622498daf075b34cb0dd9342baad1fa1a946ce,critical_05_baseline_r1_speech_2_-5dB,critical_05,dev,baseline,1,speech_2_-5dB,speech_2,-5.0,-5.000000250227242,/content/drive/.shortcut-targets-by-id/1gvOi3VP1hvG6qL4dZhVl6iPKkjXSn32n/DataForge/data/musan/speech/librivox/speech-librivox-0003.wav,8c1370aaca2843057072ded459deb739413910e7a2c5a1f21d3e04c2b3fe4c6b,0.0,False,competing_speech,0.0861615546950171,0.094472861923687,0.158377299999572,window_rms_no_wrap_v2,20ms_frames_within_40dB_of_peak_power_v1,8000,-41.49999986429762,active speech / extracted noise-window RMS; no wrapping,"Sara Khan, your Thursday appointment is at four ten p m, your payment of ninety dollars is due by September third, and your reference code is six two seven five. Do not change the date.","A machine that flies by the Times Dispatch, Richmond, Virginia, for the 1903 collection.",0.9714285714285714,0.0,"{'name': {'recovered': False, 'conflict': False}, 'day': {'recovered': False, 'conflict': False}, 'time': {'recovered': False, 'conflict': False}, 'date': {'recovered': False, 'conflict': False}, 'amount': {'recovered': False, 'conflict': False}, 'code': {'recovered': False, 'conflict': False}, 'negation': {'recovered': False, 'conflict': False}}",7,0,0.5192909377907541,11.36,0.0,/content/drive/MyDrive/DataForge/noise_grid_v2/outputs/05eca3e90a16aae6/clips/critical_05_baseline_r1_speech_2_-5dB.wav,ddfbc915ea2aa89f056843ab254982422e1a5a630669c078c457277ecdbfd699,/content/drive/MyDrive/DataForge/noise_masking/outputs/synthesis_cache/06c4d940de7e5f6d/a539aef53cd63e54b26a1a39b511850ed40709bcb2352ab3439b17b5d02eba60.wav,27564d77209b618e9eca0a50af84bbb1dd15f48d6bd3670aa241fcd6bdba1fbd,0.925750732421875,True,,1.0,HTTP WAV -> local PCMU roundtrip,after simulated phone codec,coda,celeste,https://users.rime.ai/v1/rime-tts,3.42348830118159,3.541168632113513,2.834590792137609
05eca3e90a16aae62993a4e8c0622498daf075b34cb0dd9342baad1fa1a946ce,critical_05_baseline_r1_environment_1_15dB,critical_05,dev,baseline,1,environment_1_15dB,environment_1,15.0,14.999999898905395,/content/drive/.shortcut-targets-by-id/1gvOi3VP1hvG6qL4dZhVl6iPKkjXSn32n/DataForge/data/musan/noise/free-sound/noise-free-sound-0397.wav,381b7347876f96d6a287a55e578b9ac8f3e5d2fa4ac35d9fb7a9a52c2bdbce24,0.0,False,environmental_noise,0.0127726895944802,0.0161015414956035,0.0929249960247058,window_rms_no_wrap_v2,20ms_frames_within_40dB_of_peak_power_v1,8000,-41.49999986429762,active speech / extracted noise-window RMS; no wrapping,"Sara Khan, your Thursday appointment is at four ten p m, your payment of ninety dollars is due by September third, and your reference code is six two seven five. Do not change the date.","Sarah Khan, your Thursday appointment is at 4.10 p.m., your payment of $90 is due by September 3, and your reference code is 6275. Do not change the date.",0.2857142857142857,0.8571428571428571,"{'name': {'recovered': False, 'conflict': False}, 'day': {'recovered': True, 'conflict': False}, 'time': {'recovered': True, 'conflict': False}, 'date': {'recovered': True, 'conflict': False}, 'amount': {'recovered': True, 'conflict': False}, 'code': {'recovered': True, 'conflict': False}, 'negation': {'recovered': True, 'conflict': False}}",7,6,0.8287133529560434,11.36,0.0,/content/drive/MyDrive/DataForge/noise_grid_v2/outputs/05eca3e90a16aae6/clips/critical_05_baseline_r1_environment_1_15dB.wav,84664a3033cf9f3f1e2ee52b0b4da8636172083591c730088d16d9a571760982,/content/drive/MyDrive/DataForge/noise_masking/outputs/synthesis_cache/06c4d940de7e5f6d/a539aef53cd63e54b26a1a39b511850ed40709bcb2352ab3439b17b5d02eba60.wav,27564d77209b618e9eca0a50af84bbb1dd15f48d6bd3670aa241fcd6bdba1fbd,0.925750732421875,True,,1.0,HTTP WAV -> local PCMU roundtrip,after simulated phone codec,coda,celeste,https://users.rime.ai/v1/rime-tts,3.331694912408922,2.9549070650124416,2.400547533777705
05eca3e90a16aae62993a4e8c0622498daf075b34cb0dd9342baad1fa1a946ce,critical_05_baseline_r1_environment_1_10dB,critical_05,dev,baseline,1,environment_1_10dB,environment_1,10.0,10.000000061599788,/content/drive/.shortcut-targets-by-id/1gvOi3VP1hvG6qL4dZhVl6iPKkjXSn32n/DataForge/data/musan/noise/free-sound/noise-free-sound-0397.wav,381b7347876f96d6a287a55e578b9ac8f3e5d2fa4ac35d9fb7a9a52c2bdbce24,0.0,False,environmental_noise,0.0127726895944802,0.0161015414956035,0.1652466071086831,window_rms_no_wrap_v2,20ms_frames_within_40dB_of_peak_power_v1,8000,-41.49999986429762,active speech / extracted noise-window RMS; no wrapping,"Sara Khan, your Thursday appointment is at four ten p m, your payment of ninety dollars is due by September third, and your reference code is six two seven five. Do not change the date.","SARACON, your Thursday appointment is at 4.10 p.m., your payment of $90 is due by September 3, and your reference code is 6275. Do not change the date.",0.3142857142857143,0.8571428571428571,"{'name': {'recovered': False, 'conflict': False}, 'day': {'recovered': True, 'conflict': False}, 'time': {'recovered': True, 'conflict': False}, 'date': {'recovered': True, 'conflict': False}, 'amount': {'recovered': True, 'conflict': False}, 'code': {'recovered': True, 'conflict': False}, 'negation': {'recovered': True, 'conflict': False}}",7,6,0.7658378438202484,11.36,0.0,/content/drive/MyDrive/DataForge/noise_grid_v2/outputs/05eca3e90a16aae6/clips/critical_05_baseline_r1_environment_1_10dB.wav,cc300a62084021eddfbdbdb246e5c76b53b2fb5a5fb42b32c3f9e13c4d277a74,/content/drive/MyDrive/DataForge/noise_masking/outputs/synthesis_cache/06c4d940de7e5f6d/a539aef53cd63e54b26a1a39b511850ed40709bcb2352ab3439b17b5d02eba60.wav,27564d77209b618e9eca0a50af84bbb1dd15f48d6bd3670aa241fcd6bdba1fbd,0.925750732421875,True,,1.0,HTTP WAV -> local PCMU roundtrip,after simulated phone codec,coda,celeste,https://users.rime.ai/v1/rime-tts,3.4214334790936296,2.88928966753992,2.4419809437078097
05eca3e90a16aae62993a4e8c0622498daf075b34cb0dd9342baad1fa1a946ce,critical_05_baseline_r1_environment_1_5dB,critical_05,dev,baseline,1,environment_1_5dB,environment_1,5.0,4.999999577821797,/content/drive/.shortcut-targets-by-id/1gvOi3VP1hvG6qL4dZhVl6iPKkjXSn32n/DataForge/data/musan/noise/free-sound/noise-free-sound-0397.wav,381b7347876f96d6a287a55e578b9ac8f3e5d2fa4ac35d9fb7a9a52c2bdbce24,0.0,False,environmental_noise,0.0127726895944802,0.0161015414956035,0.2938546390001628,window_rms_no_wrap_v2,20ms_frames_within_40dB_of_peak_power_v1,8000,-41.49999986429762,active speech / extracted noise-window RMS; no wrapping,"Sara Khan, your Thursday appointment is at four ten p m, your payment of ninety dollars is due by September third, and your reference code is six two seven five. Do not change the date.","Sarah Kahn, your Thursday appointment is at 4.10 p.m., your payment of $90 is due by September 3rd, and your reference code is 6275. Do not change the date.",0.3142857142857143,0.8571428571428571,"{'name': {'recovered': False, 'conflict': False}, 'day': {'recovered': True, 'conflict': False}, 'time': {'recovered': True, 'conflict': False}, 'date': {'recovered': True, 'conflict': False}, 'amount': {'recovered': True, 'conflict': False}, 'code': {'recovered': True, 'conflict': False}, 'negation': {'recovered': True, 'conflict': False}}",7,6,0.6992253635603662,11.36,0.0,/content/drive/MyDrive/DataForge/noise_grid_v2/outputs/05eca3e90a16aae6/clips/critical_05_baseline_r1_environment_1_5dB.wav,aeb1d9b14f4368b94b415e212b33efdcec6bb365d1d1d1c77ef985befca09c97,/content/drive/MyDrive/DataForge/noise_masking/outputs/synthesis_cache/06c4d940de7e5f6d/a539aef53cd63e54b26a1a39b511850ed40709bcb2352ab3439b17b5d02eba60.wav,27564d77209b618e9eca0a50af84bbb1dd15f48d6bd3670aa241fcd6bdba1fbd,0.925750732421875,True,,1.0,HTTP WAV -> local PCMU roundtrip,after simulated phone codec,coda,celeste,https://users.rime.ai/v1/rime-tts,3.4150426623306096,2.735775849701908,2.378510827241031
05eca3e90a16aae62993a4e8c0622498daf075b34cb0dd9342baad1fa1a946ce,critical_05_baseline_r1_environment_1_0dB,critical_05,dev,baseline,1,environment_1_0dB,environment_1,0.0,7.964090825781277e-08,/content/drive/.shortcut-targets-by-id/1gvOi3VP1hvG6qL4dZhVl6iPKkjXSn32n/DataForge/data/musan/noise/free-sound/noise-free-sound-0397.wav,381b7347876f96d6a287a55e578b9ac8f3e5d2fa4ac35d9fb7a9a52c2bdbce24,0.0,False,environmental_noise,0.0127726895944802,0.0161015414956035,0.5225556540784101,window_rms_no_wrap_v2,20ms_frames_within_40dB_of_peak_power_v1,8000,-41.49999986429762,active speech / extracted noise-window RMS; no wrapping,"Sara Khan, your Thursday appointment is at four ten p m, your payment of ninety dollars is due by September third, and your reference code is six two seven five. Do not change the date.","Sarah Khan, your Thursday appointment is at 4.10 p.m., your payment of $90 is due by September 3rd, and your reference code is 6275. Do not change the date.",0.2857142857142857,0.8571428571428571,"{'name': {'recovered': False, 'conflict': False}, 'day': {'recovered': True, 'conflict': False}, 'time': {'recovered': True, 'conflict': False}, 'date': {'recovered': True, 'conflict': False}, 'amount': {'recovered': True, 'conflict': False}, 'code': {'recovered': True, 'conflict': False}, 'negation': {'recovered': True, 'conflict': False}}",7,6,0.6269126309177154,11.36,0.0,/content/drive/MyDrive/DataForge/noise_grid_v2/outputs/05eca3e90a16aae6/clips/critical_05_baseline_r1_environment_1_0dB.wav,61cb05df4325675cb4d6bf3d0cf84c2add4678d2d63180e72ae038ac7b03ef91,/content/drive/MyDrive/DataForge/noise_masking/outputs/synthesis_cache/06c4d940de7e5f6d/a539aef53cd63e54b26a1a39b511850ed40709bcb2352ab3439b17b5d02eba60.wav,27564d77209b618e9eca0a50af84bbb1dd15f48d6bd3670aa241fcd6bdba1fbd,0.925750732421875,True,,1.0,HTTP WAV -> local PCMU roundtrip,after simulated phone codec,coda,celeste,https://users.rime.ai/v1/rime-tts,3.353147537339942,2.484853730084788,2.2526162966292733
05eca3e90a16aae62993a4e8c0622498daf075b34cb0dd9342baad1fa1a946ce,critical_05_baseline_r1_environment_1_-5dB,critical_05,dev,baseline,1,environment_1_-5dB,environment_1,-5.0,-4.999999817891453,/content/drive/.shortcut-targets-by-id/1gvOi3VP1hvG6qL4dZhVl6iPKkjXSn32n/DataForge/data/musan/noise/free-sound/noise-free-sound-0397.wav,381b7347876f96d6a287a55e578b9ac8f3e5d2fa4ac35d9fb7a9a52c2bdbce24,0.0,False,environmental_noise,0.0127726895944802,0.0161015414956035,0.9292499602470584,window_rms_no_wrap_v2,20ms_frames_within_40dB_of_peak_power_v1,8000,-41.49999986429762,active speech / extracted noise-window RMS; no wrapping,"Sara Khan, your Thursday appointment is at four ten p m, your payment of ninety dollars is due by September third, and your reference code is six two seven five. Do not change the date.","Sarah Khan, your Thursday appointment is at 410 p.m., your payment of $90 is due by September 3rd, and your record code is 6275. Do not change the date.",0.3142857142857143,0.8571428571428571,"{'name': {'recovered': False, 'conflict': False}, 'day': {'recovered': True, 'conflict': False}, 'time': {'recovered': True, 'conflict': False}, 'date': {'recovered': True, 'conflict': False}, 'amount': {'recovered': True, 'conflict': False}, 'code': {'recovered': True, 'conflict': False}, 'negation': {'recovered': True, 'conflict': False}}",7,6,0.545462362351533,11.36,0.0,/content/drive/MyDrive/DataForge/noise_grid_v2/outputs/05eca3e90a16aae6/clips/critical_05_baseline_r1_environment_1_-5dB.wav,632e64903181c506f681495c987bc9caec7bda78553cdfd6da8eb8a2b5d342c4,/content/drive/MyDrive/DataForge/noise_masking/outputs/synthesis_cache/06c4d940de7e5f6d/a539aef53cd63e54b26a1a39b511850ed40709bcb2352ab3439b17b5d02eba60.wav,27564d77209b618e9eca0a50af84bbb1dd15f48d6bd3670aa241fcd6bdba1fbd,0.925750732421875,True,,1.0,HTTP WAV -> local PCMU roundtrip,after simulated phone codec,coda,celeste,https://users.rime.ai/v1/rime-tts,3.383811122243889,2.360278726414597,2.2842333823199743
05eca3e90a16aae62993a4e8c0622498daf075b34cb0dd9342baad1fa1a946ce,critical_05_baseline_r1_environment_2_15dB,critical_05,dev,baseline,1,environment_2_15dB,environment_2,15.0,15.000000315511135,/content/drive/.shortcut-targets-by-id/1gvOi3VP1hvG6qL4dZhVl6iPKkjXSn32n/DataForge/data/musan/noise/free-sound/noise-free-sound-0131.wav,4c75a309561d719f6d0c34738b78912ac976aa854541c6452e4e34ffcaaa3e5e,0.0,False,environmental_noise,0.0838667840138316,0.0858746221149554,0.0174234906963278,window_rms_no_wrap_v2,20ms_frames_within_40dB_of_peak_power_v1,8000,-41.49999986429762,active speech / extracted noise-window RMS; no wrapping,"Sara Khan, your Thursday appointment is at four ten p m, your payment of ninety dollars is due by September third, and your reference code is six two seven five. Do not change the date.","Sarah Khan, your Thursday appointment is at 4.10 pm, your payment of $90 is due by September 3rd, and your reference code is 6275. Do not change the date.",0.3428571428571428,0.8571428571428571,"{'name': {'recovered': False, 'conflict': False}, 'day': {'recovered': True, 'conflict': False}, 'time': {'recovered': True, 'conflict': False}, 'date': {'recovered': True, 'conflict': False}, 'amount': {'recovered': True, 'conflict': False}, 'code': {'recovered': True, 'conflict': False}, 'negation': {'recovered': True, 'conflict': False}}",7,6,0.907494321020284,11.36,0.0,/content/drive/MyDrive/DataForge/noise_grid_v2/outputs/05eca3e90a16aae6/clips/critical_05_baseline_r1_environment_2_15dB.wav,037c0a1a1eaf105cf9adc4d197cb5b647f9697aa0cfc7ed4ca5cdecf2215081b,/content/drive/MyDrive/DataForge/noise_masking/outputs/synthesis_cache/06c4d940de7e5f6d/a539aef53cd63e54b26a1a39b511850ed40709bcb2352ab3439b17b5d02eba60.wav,27564d77209b618e9eca0a50af84bbb1dd15f48d6bd3670aa241fcd6bdba1fbd,0.925750732421875,True,,1.0,HTTP WAV -> local PCMU roundtrip,after simulated phone codec,coda,celeste,https://users.rime.ai/v1/rime-tts,3.401662525022589,3.435377808682978,2.674318947239129
05eca3e90a16aae62993a4e8c0622498daf075b34cb0dd9342baad1fa1a946ce,critical_05_baseline_r1_environment_2_10dB,critical_05,dev,baseline,1,environment_2_10dB,environment_2,10.0,9.999999792665657,/content/drive/.shortcut-targets-by-id/1gvOi3VP1hvG6qL4dZhVl6iPKkjXSn32n/DataForge/data/musan/noise/free-sound/noise-free-sound-0131.wav,4c75a309561d719f6d0c34738b78912ac976aa854541c6452e4e34ffcaaa3e5e,0.0,False,environmental_noise,0.0838667840138316,0.0858746221149554,0.0309838347562844,window_rms_no_wrap_v2,20ms_frames_within_40dB_of_peak_power_v1,8000,-41.49999986429762,active speech / extracted noise-window RMS; no wrapping,"Sara Khan, your Thursday appointment is at four ten p m, your payment of ninety dollars is due by September third, and your reference code is six two seven five. Do not change the date.","Sarah Khan, your Thursday appointment is at 4.10 pm, your payment of $90 is due by September 3rd, and your reference code is 6275. Do not change the date.",0.3428571428571428,0.8571428571428571,"{'name': {'recovered': False, 'conflict': False}, 'day': {'recovered': True, 'conflict': False}, 'time': {'recovered': True, 'conflict': False}, 'date': {'recovered': True, 'conflict': False}, 'amount': {'recovered': True, 'conflict': False}, 'code': {'recovered': True, 'conflict': False}, 'negation': {'recovered': True, 'conflict': False}}",7,6,0.858997985025367,11.36,0.0,/content/drive/MyDrive/DataForge/noise_grid_v2/outputs/05eca3e90a16aae6/clips/critical_05_baseline_r1_environment_2_10dB.wav,5c9899ea68a7de35f07dd508bdd7163e93d7d0e93f7a659f6e1d804ecf198eac,/content/drive/MyDrive/DataForge/noise_masking/outputs/synthesis_cache/06c4d940de7e5f6d/a539aef53cd63e54b26a1a39b511850ed40709bcb2352ab3439b17b5d02eba60.wav,27564d77209b618e9eca0a50af84bbb1dd15f48d6bd3670aa241fcd6bdba1fbd,0.925750732421875,True,,1.0,HTTP WAV -> local PCMU roundtrip,after simulated phone codec,coda,celeste,https://users.rime.ai/v1/rime-tts,3.398324433301197,3.25206841008286,2.564435416791444
05eca3e90a16aae62993a4e8c0622498daf075b34cb0dd9342baad1fa1a946ce,critical_05_baseline_r1_environment_2_5dB,critical_05,dev,baseline,1,environment_2_5dB,environment_2,5.0,5.000000029788831,/content/drive/.shortcut-targets-by-id/1gvOi3VP1hvG6qL4dZhVl6iPKkjXSn32n/DataForge/data/musan/noise/free-sound/noise-free-sound-0131.wav,4c75a309561d719f6d0c34738b78912ac976aa854541c6452e4e34ffcaaa3e5e,0.0,False,environmental_noise,0.0838667840138316,0.0858746221149554,0.055097915391149,window_rms_no_wrap_v2,20ms_frames_within_40dB_of_peak_power_v1,8000,-41.49999986429762,active speech / extracted noise-window RMS; no wrapping,"Sara Khan, your Thursday appointment is at four ten p m, your payment of ninety dollars is due by September third, and your reference code is six two seven five. Do not change the date.","Sarah Khan, your Thursday appointment is at 4.10pm, your payment of $90 is due by September 3rd, and your reference code is 6275. Do not change the date.",0.3428571428571428,0.8571428571428571,"{'name': {'recovered': False, 'conflict': False}, 'day': {'recovered': True, 'conflict': False}, 'time': {'recovered': True, 'conflict': False}, 'date': {'recovered': True, 'conflict': False}, 'amount': {'recovered': True, 'conflict': False}, 'code': {'recovered': True, 'conflict': False}, 'negation': {'recovered': True, 'conflict': False}}",7,6,0.7911725223297712,11.36,0.0,/content/drive/MyDrive/DataForge/noise_grid_v2/outputs/05eca3e90a16aae6/clips/critical_05_baseline_r1_environment_2_5dB.wav,ffc3e3fceff39c71127102f162eef124bcc366d266c4660e3f39256b4f1e789a,/content/drive/MyDrive/DataForge/noise_masking/outputs/synthesis_cache/06c4d940de7e5f6d/a539aef53cd63e54b26a1a39b511850ed40709bcb2352ab3439b17b5d02eba60.wav,27564d77209b618e9eca0a50af84bbb1dd15f48d6bd3670aa241fcd6bdba1fbd,0.925750732421875,True,,1.0,HTTP WAV -> local PCMU roundtrip,after simulated phone codec,coda,celeste,https://users.rime.ai/v1/rime-tts,3.468542439370933,3.060631164587677,2.591590732105838
05eca3e90a16aae62993a4e8c0622498daf075b34cb0dd9342baad1fa1a946ce,critical_05_baseline_r1_environment_2_0dB,critical_05,dev,baseline,1,environment_2_0dB,environment_2,0.0,2.2932922675963717e-07,/content/drive/.shortcut-targets-by-id/1gvOi3VP1hvG6qL4dZhVl6iPKkjXSn32n/DataForge/data/musan/noise/free-sound/noise-free-sound-0131.wav,4c75a309561d719f6d0c34738b78912ac976aa854541c6452e4e34ffcaaa3e5e,0.0,False,environmental_noise,0.0838667840138316,0.0858746221149554,0.0979794884761469,window_rms_no_wrap_v2,20ms_frames_within_40dB_of_peak_power_v1,8000,-41.49999986429762,active speech / extracted noise-window RMS; no wrapping,"Sara Khan, your Thursday appointment is at four ten p m, your payment of ninety dollars is due by September third, and your reference code is six two seven five. Do not change the date.","Sarah Khan, your Thursday appointment is at 4.10pm, your payment of $90 is due by September 3rd, and your reference code is 6275. Do not change the date.",0.3428571428571428,0.8571428571428571,"{'name': {'recovered': False, 'conflict': False}, 'day': {'recovered': True, 'conflict': False}, 'time': {'recovered': True, 'conflict': False}, 'date': {'recovered': True, 'conflict': False}, 'amount': {'recovered': True, 'conflict': False}, 'code': {'recovered': True, 'conflict': False}, 'negation': {'recovered': True, 'conflict': False}}",7,6,0.7022701365583542,11.36,0.0,/content/drive/MyDrive/DataForge/noise_grid_v2/outputs/05eca3e90a16aae6/clips/critical_05_baseline_r1_environment_2_0dB.wav,e595bda13f419895f6507422fd7e17641d1f69b1e4e536d46d8a4647ea98bbfc,/content/drive/MyDrive/DataForge/noise_masking/outputs/synthesis_cache/06c4d940de7e5f6d/a539aef53cd63e54b26a1a39b511850ed40709bcb2352ab3439b17b5d02eba60.wav,27564d77209b618e9eca0a50af84bbb1dd15f48d6bd3670aa241fcd6bdba1fbd,0.925750732421875,True,,1.0,HTTP WAV -> local PCMU roundtrip,after simulated phone codec,coda,celeste,https://users.rime.ai/v1/rime-tts,3.2621127076890915,2.606237178691094,2.3399861437775558
05eca3e90a16aae62993a4e8c0622498daf075b34cb0dd9342baad1fa1a946ce,critical_05_baseline_r1_environment_2_-5dB,critical_05,dev,baseline,1,environment_2_-5dB,environment_2,-5.0,-5.000000242825847,/content/drive/.shortcut-targets-by-id/1gvOi3VP1hvG6qL4dZhVl6iPKkjXSn32n/DataForge/data/musan/noise/free-sound/noise-free-sound-0131.wav,4c75a309561d719f6d0c34738b78912ac976aa854541c6452e4e34ffcaaa3e5e,0.0,False,environmental_noise,0.0838667840138316,0.0858746221149554,0.1742349069632781,window_rms_no_wrap_v2,20ms_frames_within_40dB_of_peak_power_v1,8000,-41.49999986429762,active speech / extracted noise-window RMS; no wrapping,"Sara Khan, your Thursday appointment is at four ten p m, your payment of ninety dollars is due by September third, and your reference code is six two seven five. Do not change the date.","Sarah Khan, your Thursday appointment is at 4.10 p.m. Your payment of $90 is due by September 3rd and your reference code is 6275. Do not change the date.",0.2857142857142857,0.8571428571428571,"{'name': {'recovered': False, 'conflict': False}, 'day': {'recovered': True, 'conflict': False}, 'time': {'recovered': True, 'conflict': False}, 'date': {'recovered': True, 'conflict': False}, 'amount': {'recovered': True, 'conflict': False}, 'code': {'recovered': True, 'conflict': False}, 'negation': {'recovered': True, 'conflict': False}}",7,6,0.5971051257373938,11.36,0.0,/content/drive/MyDrive/DataForge/noise_grid_v2/outputs/05eca3e90a16aae6/clips/critical_05_baseline_r1_environment_2_-5dB.wav,03142a03b9e6d77251799dd83a6f51d2fd518f14b8b48ccf40299a8ba9f931d9,/content/drive/MyDrive/DataForge/noise_masking/outputs/synthesis_cache/06c4d940de7e5f6d/a539aef53cd63e54b26a1a39b511850ed40709bcb2352ab3439b17b5d02eba60.wav,27564d77209b618e9eca0a50af84bbb1dd15f48d6bd3670aa241fcd6bdba1fbd,0.925750732421875,True,,1.0,HTTP WAV -> local PCMU roundtrip,after simulated phone codec,coda,celeste,https://users.rime.ai/v1/rime-tts,1.3795906182874376,1.2230011955374624,1.1789282196930373
05eca3e90a16aae62993a4e8c0622498daf075b34cb0dd9342baad1fa1a946ce,critical_01_baseline_r1_clean,critical_01,dev,baseline,1,clean,clean,,,,,,False,clean,,,,window_rms_no_wrap_v2,20ms_frames_within_40dB_of_peak_power_v1,8000,-41.49999971654662,active speech / extracted noise-window RMS; no wrapping,"Mira Patel, your Tuesday appointment is at three thirty p m, your payment of forty five dollars is due by May fourteenth, and your reference code is seven two nine four. Do not cancel the appointment.","Mira Patel, your Tuesday appointment is at 3.30pm, your payment of $45 is due by May 14th, and your reference code is 7294. Do not cancel the appointment.",0.3333333333333333,1.0,"{'name': {'recovered': True, 'conflict': False}, 'day': {'recovered': True, 'conflict': False}, 'time': {'recovered': True, 'conflict': False}, 'date': {'recovered': True, 'conflict': False}, 'amount': {'recovered': True, 'conflict': False}, 'code': {'recovered': True, 'conflict': False}, 'negation': {'recovered': True, 'conflict': False}}",7,7,,12.88,0.0,/content/drive/MyDrive/DataForge/noise_grid_v2/outputs/05eca3e90a16aae6/clips/critical_01_baseline_r1_clean.wav,5e67bfeabfca315e0364ddad8eac1685412d6b0ea88f4e8b8b6d48a6b87aa2ad,/content/drive/MyDrive/DataForge/noise_masking/outputs/synthesis_cache/06c4d940de7e5f6d/af85d75b3d4cd961810df5535e75cd61395ba8d4e2c4a1fcb0939d5e0f7efd00.wav,06c4a6e5a4fc02817b3b25bcd6aa564d2763cbb72dd9e4dd6445eef8f0cd8bb4,0.808563232421875,True,,1.0,HTTP WAV -> local PCMU roundtrip,after simulated phone codec,coda,celeste,https://users.rime.ai/v1/rime-tts,3.452465660306949,4.094852193791897,3.100032560850072
05eca3e90a16aae62993a4e8c0622498daf075b34cb0dd9342baad1fa1a946ce,critical_01_baseline_r1_speech_1_15dB,critical_01,dev,baseline,1,speech_1_15dB,speech_1,15.0,14.999999929112784,/content/drive/.shortcut-targets-by-id/1gvOi3VP1hvG6qL4dZhVl6iPKkjXSn32n/DataForge/data/musan/speech/librivox/speech-librivox-0004.wav,76965f20b10ce0ed48beed1670d8c5ed81182a2bc797ed5e4d7dbe24c4c58ae8,0.0,False,competing_speech,0.0918381103595235,0.0998272823865928,0.0149882443872197,window_rms_no_wrap_v2,20ms_frames_within_40dB_of_peak_power_v1,8000,-41.49999971654662,active speech / extracted noise-window RMS; no wrapping,"Mira Patel, your Tuesday appointment is at three thirty p m, your payment of forty five dollars is due by May fourteenth, and your reference code is seven two nine four. Do not cancel the appointment.","Mira Patel, your Tuesday appointment is at 3.30pm, your payment of $45 is due by May 14th, and your reference code is 7294. Do not cancel the appointment.",0.3333333333333333,1.0,"{'name': {'recovered': True, 'conflict': False}, 'day': {'recovered': True, 'conflict': False}, 'time': {'recovered': True, 'conflict': False}, 'date': {'recovered': True, 'conflict': False}, 'amount': {'recovered': True, 'conflict': False}, 'code': {'recovered': True, 'conflict': False}, 'negation': {'recovered': True, 'conflict': False}}",7,7,0.8445125932231592,12.88,0.0,/content/drive/MyDrive/DataForge/noise_grid_v2/outputs/05eca3e90a16aae6/clips/critical_01_baseline_r1_speech_1_15dB.wav,80d636cf416a5a2165838e93c8957a52131cab88223e01ab8653939cae602c53,/content/drive/MyDrive/DataForge/noise_masking/outputs/synthesis_cache/06c4d940de7e5f6d/af85d75b3d4cd961810df5535e75cd61395ba8d4e2c4a1fcb0939d5e0f7efd00.wav,06c4a6e5a4fc02817b3b25bcd6aa564d2763cbb72dd9e4dd6445eef8f0cd8bb4,0.808563232421875,True,,1.0,HTTP WAV -> local PCMU roundtrip,after simulated phone codec,coda,celeste,https://users.rime.ai/v1/rime-tts,3.2120990554591717,3.673961417793477,2.6512109807811566
05eca3e90a16aae62993a4e8c0622498daf075b34cb0dd9342baad1fa1a946ce,critical_01_baseline_r1_speech_1_10dB,critical_01,dev,baseline,1,speech_1_10dB,speech_1,10.0,10.000000099238026,/content/drive/.shortcut-targets-by-id/1gvOi3VP1hvG6qL4dZhVl6iPKkjXSn32n/DataForge/data/musan/speech/librivox/speech-librivox-0004.wav,76965f20b10ce0ed48beed1670d8c5ed81182a2bc797ed5e4d7dbe24c4c58ae8,0.0,False,competing_speech,0.0918381103595235,0.0998272823865928,0.0266532863864243,window_rms_no_wrap_v2,20ms_frames_within_40dB_of_peak_power_v1,8000,-41.49999971654662,active speech / extracted noise-window RMS; no wrapping,"Mira Patel, your Tuesday appointment is at three thirty p m, your payment of forty five dollars is due by May fourteenth, and your reference code is seven two nine four. Do not cancel the appointment.","Mira Patel, your Tuesday appointment is at 3.30 pm. Your payment of $45 is due by May 14th and your reference code is 7294. Do not cancel the appointment.",0.3333333333333333,1.0,"{'name': {'recovered': True, 'conflict': False}, 'day': {'recovered': True, 'conflict': False}, 'time': {'recovered': True, 'conflict': False}, 'date': {'recovered': True, 'conflict': False}, 'amount': {'recovered': True, 'conflict': False}, 'code': {'recovered': True, 'conflict': False}, 'negation': {'recovered': True, 'conflict': False}}",7,7,0.7632412202626476,12.88,0.0,/content/drive/MyDrive/DataForge/noise_grid_v2/outputs/05eca3e90a16aae6/clips/critical_01_baseline_r1_speech_1_10dB.wav,1247eac0feaa5f5d480f41e365a3df1c6f57b6bc8b3842ad30040c665146bf6a,/content/drive/MyDrive/DataForge/noise_masking/outputs/synthesis_cache/06c4d940de7e5f6d/af85d75b3d4cd961810df5535e75cd61395ba8d4e2c4a1fcb0939d5e0f7efd00.wav,06c4a6e5a4fc02817b3b25bcd6aa564d2763cbb72dd9e4dd6445eef8f0cd8bb4,0.808563232421875,True,,1.0,HTTP WAV -> local PCMU roundtrip,after simulated phone codec,coda,celeste,https://users.rime.ai/v1/rime-tts,3.1960696221523737,3.5470783316673926,2.614782807530042
05eca3e90a16aae62993a4e8c0622498daf075b34cb0dd9342baad1fa1a946ce,critical_01_baseline_r1_speech_1_5dB,critical_01,dev,baseline,1,speech_1_5dB,speech_1,5.0,4.99999981598197,/content/drive/.shortcut-targets-by-id/1gvOi3VP1hvG6qL4dZhVl6iPKkjXSn32n/DataForge/data/musan/speech/librivox/speech-librivox-0004.wav,76965f20b10ce0ed48beed1670d8c5ed81182a2bc797ed5e4d7dbe24c4c58ae8,0.0,False,competing_speech,0.0918381103595235,0.0998272823865928,0.0473969903908492,window_rms_no_wrap_v2,20ms_frames_within_40dB_of_peak_power_v1,8000,-41.49999971654662,active speech / extracted noise-window RMS; no wrapping,"Mira Patel, your Tuesday appointment is at three thirty p m, your payment of forty five dollars is due by May fourteenth, and your reference code is seven two nine four. Do not cancel the appointment.","Mira Patel, your Tuesday appointment is at 3.30 p.m. Your payment of $45 is due by May 14, and your reference code is 7294. Do not cancel the appointment.",0.2777777777777778,1.0,"{'name': {'recovered': True, 'conflict': False}, 'day': {'recovered': True, 'conflict': False}, 'time': {'recovered': True, 'conflict': False}, 'date': {'recovered': True, 'conflict': False}, 'amount': {'recovered': True, 'conflict': False}, 'code': {'recovered': True, 'conflict': False}, 'negation': {'recovered': True, 'conflict': False}}",7,7,0.6644830559506435,12.88,0.0,/content/drive/MyDrive/DataForge/noise_grid_v2/outputs/05eca3e90a16aae6/clips/critical_01_baseline_r1_speech_1_5dB.wav,bf7cccaf2f71a1d9a797ef96e5d8aac77ca2ee0d90bebd1be905cb8fbdb3fff0,/content/drive/MyDrive/DataForge/noise_masking/outputs/synthesis_cache/06c4d940de7e5f6d/af85d75b3d4cd961810df5535e75cd61395ba8d4e2c4a1fcb0939d5e0f7efd00.wav,06c4a6e5a4fc02817b3b25bcd6aa564d2763cbb72dd9e4dd6445eef8f0cd8bb4,0.808563232421875,True,,1.0,HTTP WAV -> local PCMU roundtrip,after simulated phone codec,coda,celeste,https://users.rime.ai/v1/rime-tts,3.240735489686072,3.358932055868112,2.577902116463907
05eca3e90a16aae62993a4e8c0622498daf075b34cb0dd9342baad1fa1a946ce,critical_01_baseline_r1_speech_1_0dB,critical_01,dev,baseline,1,speech_1_0dB,speech_1,0.0,-3.344992053553994e-07,/content/drive/.shortcut-targets-by-id/1gvOi3VP1hvG6qL4dZhVl6iPKkjXSn32n/DataForge/data/musan/speech/librivox/speech-librivox-0004.wav,76965f20b10ce0ed48beed1670d8c5ed81182a2bc797ed5e4d7dbe24c4c58ae8,0.0,False,competing_speech,0.0918381103595235,0.0998272823865928,0.0842850921098598,window_rms_no_wrap_v2,20ms_frames_within_40dB_of_peak_power_v1,8000,-41.49999971654662,active speech / extracted noise-window RMS; no wrapping,"Mira Patel, your Tuesday appointment is at three thirty p m, your payment of forty five dollars is due by May fourteenth, and your reference code is seven two nine four. Do not cancel the appointment.","Mirror of the town, your Tuesday appointment is at 3.30pm. The payment of $45 is due by May 14th and your reference code is 7294. Do not cancel the appointment.",0.4722222222222222,0.8571428571428571,"{'name': {'recovered': False, 'conflict': False}, 'day': {'recovered': True, 'conflict': False}, 'time': {'recovered': True, 'conflict': False}, 'date': {'recovered': True, 'conflict': False}, 'amount': {'recovered': True, 'conflict': False}, 'code': {'recovered': True, 'conflict': False}, 'negation': {'recovered': True, 'conflict': False}}",7,6,0.5565356380403823,12.88,0.0,/content/drive/MyDrive/DataForge/noise_grid_v2/outputs/05eca3e90a16aae6/clips/critical_01_baseline_r1_speech_1_0dB.wav,74f4d3af3501be172abdb107dc45644a300e7bc48792132b36f23010f7a9f469,/content/drive/MyDrive/DataForge/noise_masking/outputs/synthesis_cache/06c4d940de7e5f6d/af85d75b3d4cd961810df5535e75cd61395ba8d4e2c4a1fcb0939d5e0f7efd00.wav,06c4a6e5a4fc02817b3b25bcd6aa564d2763cbb72dd9e4dd6445eef8f0cd8bb4,0.808563232421875,True,,1.0,HTTP WAV -> local PCMU roundtrip,after simulated phone codec,coda,celeste,https://users.rime.ai/v1/rime-tts,3.2985931586353185,3.1723165723983757,2.535575573750893
05eca3e90a16aae62993a4e8c0622498daf075b34cb0dd9342baad1fa1a946ce,critical_01_baseline_r1_speech_1_-5dB,critical_01,dev,baseline,1,speech_1_-5dB,speech_1,-5.0,-5.000000391059029,/content/drive/.shortcut-targets-by-id/1gvOi3VP1hvG6qL4dZhVl6iPKkjXSn32n/DataForge/data/musan/speech/librivox/speech-librivox-0004.wav,76965f20b10ce0ed48beed1670d8c5ed81182a2bc797ed5e4d7dbe24c4c58ae8,0.0,False,competing_speech,0.0918381103595235,0.0998272823865928,0.1498824438721978,window_rms_no_wrap_v2,20ms_frames_within_40dB_of_peak_power_v1,8000,-41.49999971654662,active speech / extracted noise-window RMS; no wrapping,"Mira Patel, your Tuesday appointment is at three thirty p m, your payment of forty five dollars is due by May fourteenth, and your reference code is seven two nine four. Do not cancel the appointment.","Your Tuesday appointment is at 3.30 p.m. You need it at $45 to do by May 14, and your reference code is at the 2.4. Do not cancel the appointment.",0.4722222222222222,0.7142857142857143,"{'name': {'recovered': False, 'conflict': False}, 'day': {'recovered': True, 'conflict': False}, 'time': {'recovered': True, 'conflict': False}, 'date': {'recovered': True, 'conflict': False}, 'amount': {'recovered': True, 'conflict': False}, 'code': {'recovered': False, 'conflict': False}, 'negation': {'recovered': True, 'conflict': False}}",7,5,0.4501384812001719,12.88,0.0,/content/drive/MyDrive/DataForge/noise_grid_v2/outputs/05eca3e90a16aae6/clips/critical_01_baseline_r1_speech_1_-5dB.wav,00a8bdc1b4d2387e77df22d39c4d9cc7b35d6fad5e649646c1f4f72e5acc3714,/content/drive/MyDrive/DataForge/noise_masking/outputs/synthesis_cache/06c4d940de7e5f6d/af85d75b3d4cd961810df5535e75cd61395ba8d4e2c4a1fcb0939d5e0f7efd00.wav,06c4a6e5a4fc02817b3b25bcd6aa564d2763cbb72dd9e4dd6445eef8f0cd8bb4,0.808563232421875,True,,1.0,HTTP WAV -> local PCMU roundtrip,after simulated phone codec,coda,celeste,https://users.rime.ai/v1/rime-tts,3.35021208304772,2.796451394328169,2.4137797237817624
05eca3e90a16aae62993a4e8c0622498daf075b34cb0dd9342baad1fa1a946ce,critical_01_baseline_r1_speech_2_15dB,critical_01,dev,baseline,1,speech_2_15dB,speech_2,15.0,14.99999974907112,/content/drive/.shortcut-targets-by-id/1gvOi3VP1hvG6qL4dZhVl6iPKkjXSn32n/DataForge/data/musan/speech/librivox/speech-librivox-0003.wav,8c1370aaca2843057072ded459deb739413910e7a2c5a1f21d3e04c2b3fe4c6b,0.0,False,competing_speech,0.0861615546950171,0.0935211969187836,0.0159988938788029,window_rms_no_wrap_v2,20ms_frames_within_40dB_of_peak_power_v1,8000,-41.49999971654662,active speech / extracted noise-window RMS; no wrapping,"Mira Patel, your Tuesday appointment is at three thirty p m, your payment of forty five dollars is due by May fourteenth, and your reference code is seven two nine four. Do not cancel the appointment.","Mira Patel, your Tuesday appointment is at 3.30pm, your payment of $45 is due by May 14th, and your reference code is 7294. Do not cancel the appointment.",0.3333333333333333,1.0,"{'name': {'recovered': True, 'conflict': False}, 'day': {'recovered': True, 'conflict': False}, 'time': {'recovered': True, 'conflict': False}, 'date': {'recovered': True, 'conflict': False}, 'amount': {'recovered': True, 'conflict': False}, 'code': {'recovered': True, 'conflict': False}, 'negation': {'recovered': True, 'conflict': False}}",7,7,0.830005841339993,12.88,0.0,/content/drive/MyDrive/DataForge/noise_grid_v2/outputs/05eca3e90a16aae6/clips/critical_01_baseline_r1_speech_2_15dB.wav,0004cee9820593cb6e79ccbe927eb40153bd65f63a62b7801183e773ee8f377c,/content/drive/MyDrive/DataForge/noise_masking/outputs/synthesis_cache/06c4d940de7e5f6d/af85d75b3d4cd961810df5535e75cd61395ba8d4e2c4a1fcb0939d5e0f7efd00.wav,06c4a6e5a4fc02817b3b25bcd6aa564d2763cbb72dd9e4dd6445eef8f0cd8bb4,0.808563232421875,True,,1.0,HTTP WAV -> local PCMU roundtrip,after simulated phone codec,coda,celeste,https://users.rime.ai/v1/rime-tts,3.4723591037250845,4.16467090443523,3.154075541904433
05eca3e90a16aae62993a4e8c0622498daf075b34cb0dd9342baad1fa1a946ce,critical_01_baseline_r1_speech_2_10dB,critical_01,dev,baseline,1,speech_2_10dB,speech_2,10.0,9.999999881658216,/content/drive/.shortcut-targets-by-id/1gvOi3VP1hvG6qL4dZhVl6iPKkjXSn32n/DataForge/data/musan/speech/librivox/speech-librivox-0003.wav,8c1370aaca2843057072ded459deb739413910e7a2c5a1f21d3e04c2b3fe4c6b,0.0,False,competing_speech,0.0861615546950171,0.0935211969187836,0.028450503568073,window_rms_no_wrap_v2,20ms_frames_within_40dB_of_peak_power_v1,8000,-41.49999971654662,active speech / extracted noise-window RMS; no wrapping,"Mira Patel, your Tuesday appointment is at three thirty p m, your payment of forty five dollars is due by May fourteenth, and your reference code is seven two nine four. Do not cancel the appointment.","Mira Patel, your Tuesday appointment is at 3.30 p.m. Your payment of $45 is due by May 14, and your reference code is 7294. Do not cancel the appointment.",0.2777777777777778,1.0,"{'name': {'recovered': True, 'conflict': False}, 'day': {'recovered': True, 'conflict': False}, 'time': {'recovered': True, 'conflict': False}, 'date': {'recovered': True, 'conflict': False}, 'amount': {'recovered': True, 'conflict': False}, 'code': {'recovered': True, 'conflict': False}, 'negation': {'recovered': True, 'conflict': False}}",7,7,0.768506278051184,12.88,0.0,/content/drive/MyDrive/DataForge/noise_grid_v2/outputs/05eca3e90a16aae6/clips/critical_01_baseline_r1_speech_2_10dB.wav,3693cfaf1469e8ff416999917a0d6c7811c7ba1176138c3716117dd301ab407d,/content/drive/MyDrive/DataForge/noise_masking/outputs/synthesis_cache/06c4d940de7e5f6d/af85d75b3d4cd961810df5535e75cd61395ba8d4e2c4a1fcb0939d5e0f7efd00.wav,06c4a6e5a4fc02817b3b25bcd6aa564d2763cbb72dd9e4dd6445eef8f0cd8bb4,0.808563232421875,True,,1.0,HTTP WAV -> local PCMU roundtrip,after simulated phone codec,coda,celeste,https://users.rime.ai/v1/rime-tts,3.49038016062974,4.039924892264668,3.1101989932395897
05eca3e90a16aae62993a4e8c0622498daf075b34cb0dd9342baad1fa1a946ce,critical_01_baseline_r1_speech_2_5dB,critical_01,dev,baseline,1,speech_2_5dB,speech_2,5.0,5.000000114174597,/content/drive/.shortcut-targets-by-id/1gvOi3VP1hvG6qL4dZhVl6iPKkjXSn32n/DataForge/data/musan/speech/librivox/speech-librivox-0003.wav,8c1370aaca2843057072ded459deb739413910e7a2c5a1f21d3e04c2b3fe4c6b,0.0,False,competing_speech,0.0861615546950171,0.0935211969187836,0.0505929447003432,window_rms_no_wrap_v2,20ms_frames_within_40dB_of_peak_power_v1,8000,-41.49999971654662,active speech / extracted noise-window RMS; no wrapping,"Mira Patel, your Tuesday appointment is at three thirty p m, your payment of forty five dollars is due by May fourteenth, and your reference code is seven two nine four. Do not cancel the appointment.","Mira Patel, your chief of the appointment is at 3.30 pm. Your payment of $45 is due by May 14, and your reference code is 7294. Do not cancel the appointment.",0.4166666666666667,0.8571428571428571,"{'name': {'recovered': True, 'conflict': False}, 'day': {'recovered': False, 'conflict': False}, 'time': {'recovered': True, 'conflict': False}, 'date': {'recovered': True, 'conflict': False}, 'amount': {'recovered': True, 'conflict': False}, 'code': {'recovered': True, 'conflict': False}, 'negation': {'recovered': True, 'conflict': False}}",7,6,0.6931695251235539,12.88,0.0,/content/drive/MyDrive/DataForge/noise_grid_v2/outputs/05eca3e90a16aae6/clips/critical_01_baseline_r1_speech_2_5dB.wav,7b47f8b1c23a8ddbd5a9909684ad866e85f7803f73a0b920f592eafbc0024d23,/content/drive/MyDrive/DataForge/noise_masking/outputs/synthesis_cache/06c4d940de7e5f6d/af85d75b3d4cd961810df5535e75cd61395ba8d4e2c4a1fcb0939d5e0f7efd00.wav,06c4a6e5a4fc02817b3b25bcd6aa564d2763cbb72dd9e4dd6445eef8f0cd8bb4,0.808563232421875,True,,1.0,HTTP WAV -> local PCMU roundtrip,after simulated phone codec,coda,celeste,https://users.rime.ai/v1/rime-tts,3.4016386309241105,3.875312392782928,2.9583851677340656
05eca3e90a16aae62993a4e8c0622498daf075b34cb0dd9342baad1fa1a946ce,critical_01_baseline_r1_speech_2_0dB,critical_01,dev,baseline,1,speech_2_0dB,speech_2,0.0,1.038754755660863e-07,/content/drive/.shortcut-targets-by-id/1gvOi3VP1hvG6qL4dZhVl6iPKkjXSn32n/DataForge/data/musan/speech/librivox/speech-librivox-0003.wav,8c1370aaca2843057072ded459deb739413910e7a2c5a1f21d3e04c2b3fe4c6b,0.0,False,competing_speech,0.0861615546950171,0.0935211969187836,0.0899683918538582,window_rms_no_wrap_v2,20ms_frames_within_40dB_of_peak_power_v1,8000,-41.49999971654662,active speech / extracted noise-window RMS; no wrapping,"Mira Patel, your Tuesday appointment is at three thirty p m, your payment of forty five dollars is due by May fourteenth, and your reference code is seven two nine four. Do not cancel the appointment.","Mira Patel, your campaign appointment is at 3.30 pm. Your payment of $45 is due by May 14, and your reference code is 7294. Do not cancel the appointment.",0.3611111111111111,0.8571428571428571,"{'name': {'recovered': True, 'conflict': False}, 'day': {'recovered': False, 'conflict': False}, 'time': {'recovered': True, 'conflict': False}, 'date': {'recovered': True, 'conflict': False}, 'amount': {'recovered': True, 'conflict': False}, 'code': {'recovered': True, 'conflict': False}, 'negation': {'recovered': True, 'conflict': False}}",7,6,0.6096095268150932,12.88,0.0,/content/drive/MyDrive/DataForge/noise_grid_v2/outputs/05eca3e90a16aae6/clips/critical_01_baseline_r1_speech_2_0dB.wav,ea98e24731b81fd896657e06fb66d18692628bc0f97487716c5d45b6d854bc5b,/content/drive/MyDrive/DataForge/noise_masking/outputs/synthesis_cache/06c4d940de7e5f6d/af85d75b3d4cd961810df5535e75cd61395ba8d4e2c4a1fcb0939d5e0f7efd00.wav,06c4a6e5a4fc02817b3b25bcd6aa564d2763cbb72dd9e4dd6445eef8f0cd8bb4,0.808563232421875,True,,1.0,HTTP WAV -> local PCMU roundtrip,after simulated phone codec,coda,celeste,https://users.rime.ai/v1/rime-tts,3.427415361022193,3.982955431299858,3.069393789929894
05eca3e90a16aae62993a4e8c0622498daf075b34cb0dd9342baad1fa1a946ce,critical_01_baseline_r1_speech_2_-5dB,critical_01,dev,baseline,1,speech_2_-5dB,speech_2,-5.0,-5.000000054466305,/content/drive/.shortcut-targets-by-id/1gvOi3VP1hvG6qL4dZhVl6iPKkjXSn32n/DataForge/data/musan/speech/librivox/speech-librivox-0003.wav,8c1370aaca2843057072ded459deb739413910e7a2c5a1f21d3e04c2b3fe4c6b,0.0,False,competing_speech,0.0861615546950171,0.0935211969187836,0.1599889387880296,window_rms_no_wrap_v2,20ms_frames_within_40dB_of_peak_power_v1,8000,-41.49999971654662,active speech / extracted noise-window RMS; no wrapping,"Mira Patel, your Tuesday appointment is at three thirty p m, your payment of forty five dollars is due by May fourteenth, and your reference code is seven two nine four. Do not cancel the appointment.",Mira Patel a machine that flies at 3 30 p.m. By the Times dispatch Richmond Virginia for the 1903 collection and your reference code is 7294. This is a liberal box recording all liberal,0.7222222222222222,0.4285714285714285,"{'name': {'recovered': True, 'conflict': False}, 'day': {'recovered': False, 'conflict': False}, 'time': {'recovered': True, 'conflict': False}, 'date': {'recovered': False, 'conflict': False}, 'amount': {'recovered': False, 'conflict': False}, 'code': {'recovered': True, 'conflict': False}, 'negation': {'recovered': False, 'conflict': False}}",7,3,0.5259278240622723,12.88,0.0,/content/drive/MyDrive/DataForge/noise_grid_v2/outputs/05eca3e90a16aae6/clips/critical_01_baseline_r1_speech_2_-5dB.wav,61431f7fd7a8bc7a5040939d533a46a7ee2bb4b09cb16b29106d6a1d7180dc64,/content/drive/MyDrive/DataForge/noise_masking/outputs/synthesis_cache/06c4d940de7e5f6d/af85d75b3d4cd961810df5535e75cd61395ba8d4e2c4a1fcb0939d5e0f7efd00.wav,06c4a6e5a4fc02817b3b25bcd6aa564d2763cbb72dd9e4dd6445eef8f0cd8bb4,0.808563232421875,True,,1.0,HTTP WAV -> local PCMU roundtrip,after simulated phone codec,coda,celeste,https://users.rime.ai/v1/rime-tts,3.5643899647303376,4.100750918005919,3.260086825600488
05eca3e90a16aae62993a4e8c0622498daf075b34cb0dd9342baad1fa1a946ce,critical_01_baseline_r1_environment_1_15dB,critical_01,dev,baseline,1,environment_1_15dB,environment_1,15.0,15.000000062121009,/content/drive/.shortcut-targets-by-id/1gvOi3VP1hvG6qL4dZhVl6iPKkjXSn32n/DataForge/data/musan/noise/free-sound/noise-free-sound-0397.wav,381b7347876f96d6a287a55e578b9ac8f3e5d2fa4ac35d9fb7a9a52c2bdbce24,0.0,False,environmental_noise,0.0127726895944802,0.0152619321120992,0.0980371091898697,window_rms_no_wrap_v2,20ms_frames_within_40dB_of_peak_power_v1,8000,-41.49999971654662,active speech / extracted noise-window RMS; no wrapping,"Mira Patel, your Tuesday appointment is at three thirty p m, your payment of forty five dollars is due by May fourteenth, and your reference code is seven two nine four. Do not cancel the appointment.","Mira Patel, your Tuesday appointment is at 3.30 p.m. Your payment of $45 is due by May 14, and your reference code is 7294. Do not cancel the appointment.",0.2777777777777778,1.0,"{'name': {'recovered': True, 'conflict': False}, 'day': {'recovered': True, 'conflict': False}, 'time': {'recovered': True, 'conflict': False}, 'date': {'recovered': True, 'conflict': False}, 'amount': {'recovered': True, 'conflict': False}, 'code': {'recovered': True, 'conflict': False}, 'negation': {'recovered': True, 'conflict': False}}",7,7,0.8382570376710634,12.88,0.0,/content/drive/MyDrive/DataForge/noise_grid_v2/outputs/05eca3e90a16aae6/clips/critical_01_baseline_r1_environment_1_15dB.wav,522ae16873ae3c2279f4c0981e19d0a4fb130f7960e1c469ceceb2ca4a204bd6,/content/drive/MyDrive/DataForge/noise_masking/outputs/synthesis_cache/06c4d940de7e5f6d/af85d75b3d4cd961810df5535e75cd61395ba8d4e2c4a1fcb0939d5e0f7efd00.wav,06c4a6e5a4fc02817b3b25bcd6aa564d2763cbb72dd9e4dd6445eef8f0cd8bb4,0.808563232421875,True,,1.0,HTTP WAV -> local PCMU roundtrip,after simulated phone codec,coda,celeste,https://users.rime.ai/v1/rime-tts,3.475072254421049,3.736970273126045,2.9073698381093465
05eca3e90a16aae62993a4e8c0622498daf075b34cb0dd9342baad1fa1a946ce,critical_01_baseline_r1_environment_1_10dB,critical_01,dev,baseline,1,environment_1_10dB,environment_1,10.0,10.000000026915782,/content/drive/.shortcut-targets-by-id/1gvOi3VP1hvG6qL4dZhVl6iPKkjXSn32n/DataForge/data/musan/noise/free-sound/noise-free-sound-0397.wav,381b7347876f96d6a287a55e578b9ac8f3e5d2fa4ac35d9fb7a9a52c2bdbce24,0.0,False,environmental_noise,0.0127726895944802,0.0152619321120992,0.1743373726920829,window_rms_no_wrap_v2,20ms_frames_within_40dB_of_peak_power_v1,8000,-41.49999971654662,active speech / extracted noise-window RMS; no wrapping,"Mira Patel, your Tuesday appointment is at three thirty p m, your payment of forty five dollars is due by May fourteenth, and your reference code is seven two nine four. Do not cancel the appointment.","Mira Patel, your Tuesday appointment is at 3.30pm, your payment of $45 is due by May 14, and your reference code is 7294. Do not cancel the appointment.",0.3333333333333333,1.0,"{'name': {'recovered': True, 'conflict': False}, 'day': {'recovered': True, 'conflict': False}, 'time': {'recovered': True, 'conflict': False}, 'date': {'recovered': True, 'conflict': False}, 'amount': {'recovered': True, 'conflict': False}, 'code': {'recovered': True, 'conflict': False}, 'negation': {'recovered': True, 'conflict': False}}",7,7,0.7789824739799388,12.88,0.0,/content/drive/MyDrive/DataForge/noise_grid_v2/outputs/05eca3e90a16aae6/clips/critical_01_baseline_r1_environment_1_10dB.wav,520a24ee00fa4ef8a7b221ee48327d062c24fea9ca61f854ff9d7b39e08f2229,/content/drive/MyDrive/DataForge/noise_masking/outputs/synthesis_cache/06c4d940de7e5f6d/af85d75b3d4cd961810df5535e75cd61395ba8d4e2c4a1fcb0939d5e0f7efd00.wav,06c4a6e5a4fc02817b3b25bcd6aa564d2763cbb72dd9e4dd6445eef8f0cd8bb4,0.808563232421875,True,,1.0,HTTP WAV -> local PCMU roundtrip,after simulated phone codec,coda,celeste,https://users.rime.ai/v1/rime-tts,3.4381393633804187,3.4078102969107698,2.6681846425189275
05eca3e90a16aae62993a4e8c0622498daf075b34cb0dd9342baad1fa1a946ce,critical_01_baseline_r1_environment_1_5dB,critical_01,dev,baseline,1,environment_1_5dB,environment_1,5.0,4.999999823095132,/content/drive/.shortcut-targets-by-id/1gvOi3VP1hvG6qL4dZhVl6iPKkjXSn32n/DataForge/data/musan/noise/free-sound/noise-free-sound-0397.wav,381b7347876f96d6a287a55e578b9ac8f3e5d2fa4ac35d9fb7a9a52c2bdbce24,0.0,False,environmental_noise,0.0127726895944802,0.0152619321120992,0.3100205602586132,window_rms_no_wrap_v2,20ms_frames_within_40dB_of_peak_power_v1,8000,-41.49999971654662,active speech / extracted noise-window RMS; no wrapping,"Mira Patel, your Tuesday appointment is at three thirty p m, your payment of forty five dollars is due by May fourteenth, and your reference code is seven two nine four. Do not cancel the appointment.","Mira Patel, your Tuesday appointment is at 3.30 p.m. Your payment of $45 is due by May 14 and your reference code is 7294. Do not cancel the appointment.",0.2777777777777778,1.0,"{'name': {'recovered': True, 'conflict': False}, 'day': {'recovered': True, 'conflict': False}, 'time': {'recovered': True, 'conflict': False}, 'date': {'recovered': True, 'conflict': False}, 'amount': {'recovered': True, 'conflict': False}, 'code': {'recovered': True, 'conflict': False}, 'negation': {'recovered': True, 'conflict': False}}",7,7,0.7098463041479752,12.88,0.0,/content/drive/MyDrive/DataForge/noise_grid_v2/outputs/05eca3e90a16aae6/clips/critical_01_baseline_r1_environment_1_5dB.wav,a777acd4885a736c0d8de2cdd1de342f8b413f8be32d06f6b8cff4488854a68b,/content/drive/MyDrive/DataForge/noise_masking/outputs/synthesis_cache/06c4d940de7e5f6d/af85d75b3d4cd961810df5535e75cd61395ba8d4e2c4a1fcb0939d5e0f7efd00.wav,06c4a6e5a4fc02817b3b25bcd6aa564d2763cbb72dd9e4dd6445eef8f0cd8bb4,0.808563232421875,True,,1.0,HTTP WAV -> local PCMU roundtrip,after simulated phone codec,coda,celeste,https://users.rime.ai/v1/rime-tts,3.3543038847836675,2.9125370713305885,2.372544740947092
05eca3e90a16aae62993a4e8c0622498daf075b34cb0dd9342baad1fa1a946ce,critical_01_baseline_r1_environment_1_0dB,critical_01,dev,baseline,1,environment_1_0dB,environment_1,0.0,-4.75561098350586e-07,/content/drive/.shortcut-targets-by-id/1gvOi3VP1hvG6qL4dZhVl6iPKkjXSn32n/DataForge/data/musan/noise/free-sound/noise-free-sound-0397.wav,381b7347876f96d6a287a55e578b9ac8f3e5d2fa4ac35d9fb7a9a52c2bdbce24,0.0,False,environmental_noise,0.0127726895944802,0.0152619321120992,0.551303178996623,window_rms_no_wrap_v2,20ms_frames_within_40dB_of_peak_power_v1,8000,-41.49999971654662,active speech / extracted noise-window RMS; no wrapping,"Mira Patel, your Tuesday appointment is at three thirty p m, your payment of forty five dollars is due by May fourteenth, and your reference code is seven two nine four. Do not cancel the appointment.","Mira Patel, your Tuesday appointment is at 3.30 p.m. Your payment of $45 is due by May 14, and your reference code is 7294. Do not cancel the appointment.",0.2777777777777778,1.0,"{'name': {'recovered': True, 'conflict': False}, 'day': {'recovered': True, 'conflict': False}, 'time': {'recovered': True, 'conflict': False}, 'date': {'recovered': True, 'conflict': False}, 'amount': {'recovered': True, 'conflict': False}, 'code': {'recovered': True, 'conflict': False}, 'negation': {'recovered': True, 'conflict': False}}",7,7,0.6285032466923168,12.88,0.0,/content/drive/MyDrive/DataForge/noise_grid_v2/outputs/05eca3e90a16aae6/clips/critical_01_baseline_r1_environment_1_0dB.wav,02cb5a533b1770465c021ae8080267cfc530919526dc70cd5c7f2e7a003dd95f,/content/drive/MyDrive/DataForge/noise_masking/outputs/synthesis_cache/06c4d940de7e5f6d/af85d75b3d4cd961810df5535e75cd61395ba8d4e2c4a1fcb0939d5e0f7efd00.wav,06c4a6e5a4fc02817b3b25bcd6aa564d2763cbb72dd9e4dd6445eef8f0cd8bb4,0.808563232421875,True,,1.0,HTTP WAV -> local PCMU roundtrip,after simulated phone codec,coda,celeste,https://users.rime.ai/v1/rime-tts,3.2445504727777785,2.5507271600287296,2.150869144524709
05eca3e90a16aae62993a4e8c0622498daf075b34cb0dd9342baad1fa1a946ce,critical_01_baseline_r1_environment_1_-5dB,critical_01,dev,baseline,1,environment_1_-5dB,environment_1,-5.0,-5.000000226439791,/content/drive/.shortcut-targets-by-id/1gvOi3VP1hvG6qL4dZhVl6iPKkjXSn32n/DataForge/data/musan/noise/free-sound/noise-free-sound-0397.wav,381b7347876f96d6a287a55e578b9ac8f3e5d2fa4ac35d9fb7a9a52c2bdbce24,0.0,False,environmental_noise,0.0127726895944802,0.0152619321120992,0.9803710918986972,window_rms_no_wrap_v2,20ms_frames_within_40dB_of_peak_power_v1,8000,-41.49999971654662,active speech / extracted noise-window RMS; no wrapping,"Mira Patel, your Tuesday appointment is at three thirty p m, your payment of forty five dollars is due by May fourteenth, and your reference code is seven two nine four. Do not cancel the appointment.","Mira Patel, your Tuesday appointment is at 3.30 p.m. Your payment is $45 is due by May 14, and your reference code is 7294. Do not cancel the appointment.",0.3055555555555556,1.0,"{'name': {'recovered': True, 'conflict': False}, 'day': {'recovered': True, 'conflict': False}, 'time': {'recovered': True, 'conflict': False}, 'date': {'recovered': True, 'conflict': False}, 'amount': {'recovered': True, 'conflict': False}, 'code': {'recovered': True, 'conflict': False}, 'negation': {'recovered': True, 'conflict': False}}",7,7,0.5398933081296693,12.88,0.0,/content/drive/MyDrive/DataForge/noise_grid_v2/outputs/05eca3e90a16aae6/clips/critical_01_baseline_r1_environment_1_-5dB.wav,8c4956cc706d074ff3f68a55eb94e2d808e5791a488ccd65af05ba402522076a,/content/drive/MyDrive/DataForge/noise_masking/outputs/synthesis_cache/06c4d940de7e5f6d/af85d75b3d4cd961810df5535e75cd61395ba8d4e2c4a1fcb0939d5e0f7efd00.wav,06c4a6e5a4fc02817b3b25bcd6aa564d2763cbb72dd9e4dd6445eef8f0cd8bb4,0.808563232421875,True,,1.0,HTTP WAV -> local PCMU roundtrip,after simulated phone codec,coda,celeste,https://users.rime.ai/v1/rime-tts,3.110136748820623,2.283229023149328,2.042971933915665
05eca3e90a16aae62993a4e8c0622498daf075b34cb0dd9342baad1fa1a946ce,critical_01_baseline_r1_environment_2_15dB,critical_01,dev,baseline,1,environment_2_15dB,environment_2,15.0,14.999999836825491,/content/drive/.shortcut-targets-by-id/1gvOi3VP1hvG6qL4dZhVl6iPKkjXSn32n/DataForge/data/musan/noise/free-sound/noise-free-sound-0131.wav,4c75a309561d719f6d0c34738b78912ac976aa854541c6452e4e34ffcaaa3e5e,0.0,False,environmental_noise,0.0838667840138316,0.0865044144288383,0.0172966398859691,window_rms_no_wrap_v2,20ms_frames_within_40dB_of_peak_power_v1,8000,-41.49999971654662,active speech / extracted noise-window RMS; no wrapping,"Mira Patel, your Tuesday appointment is at three thirty p m, your payment of forty five dollars is due by May fourteenth, and your reference code is seven two nine four. Do not cancel the appointment.","Mira Patel, your Tuesday appointment is at 3.30 p.m. Your payment of $45 is due by May 14, and your reference code is 7294. Do not cancel the appointment.",0.2777777777777778,1.0,"{'name': {'recovered': True, 'conflict': False}, 'day': {'recovered': True, 'conflict': False}, 'time': {'recovered': True, 'conflict': False}, 'date': {'recovered': True, 'conflict': False}, 'amount': {'recovered': True, 'conflict': False}, 'code': {'recovered': True, 'conflict': False}, 'negation': {'recovered': True, 'conflict': False}}",7,7,0.8916597229471472,12.88,0.0,/content/drive/MyDrive/DataForge/noise_grid_v2/outputs/05eca3e90a16aae6/clips/critical_01_baseline_r1_environment_2_15dB.wav,1f8db4cdcf99e4bc9fa254754d57c34ce142403d8539a5b4cefc11bcbe7683fe,/content/drive/MyDrive/DataForge/noise_masking/outputs/synthesis_cache/06c4d940de7e5f6d/af85d75b3d4cd961810df5535e75cd61395ba8d4e2c4a1fcb0939d5e0f7efd00.wav,06c4a6e5a4fc02817b3b25bcd6aa564d2763cbb72dd9e4dd6445eef8f0cd8bb4,0.808563232421875,True,,1.0,HTTP WAV -> local PCMU roundtrip,after simulated phone codec,coda,celeste,https://users.rime.ai/v1/rime-tts,3.460435091228959,3.679279516034709,2.810761622128542
05eca3e90a16aae62993a4e8c0622498daf075b34cb0dd9342baad1fa1a946ce,critical_01_baseline_r1_environment_2_10dB,critical_01,dev,baseline,1,environment_2_10dB,environment_2,10.0,10.000000175610628,/content/drive/.shortcut-targets-by-id/1gvOi3VP1hvG6qL4dZhVl6iPKkjXSn32n/DataForge/data/musan/noise/free-sound/noise-free-sound-0131.wav,4c75a309561d719f6d0c34738b78912ac976aa854541c6452e4e34ffcaaa3e5e,0.0,False,environmental_noise,0.0838667840138316,0.0865044144288383,0.030758258572077,window_rms_no_wrap_v2,20ms_frames_within_40dB_of_peak_power_v1,8000,-41.49999971654662,active speech / extracted noise-window RMS; no wrapping,"Mira Patel, your Tuesday appointment is at three thirty p m, your payment of forty five dollars is due by May fourteenth, and your reference code is seven two nine four. Do not cancel the appointment.","Mira Patel, your Tuesday appointment is at 3.30 pm. Your payment of $45 is due by May 14th and your reference code is 7294. Do not cancel the appointment.",0.3333333333333333,1.0,"{'name': {'recovered': True, 'conflict': False}, 'day': {'recovered': True, 'conflict': False}, 'time': {'recovered': True, 'conflict': False}, 'date': {'recovered': True, 'conflict': False}, 'amount': {'recovered': True, 'conflict': False}, 'code': {'recovered': True, 'conflict': False}, 'negation': {'recovered': True, 'conflict': False}}",7,7,0.845846813319203,12.88,0.0,/content/drive/MyDrive/DataForge/noise_grid_v2/outputs/05eca3e90a16aae6/clips/critical_01_baseline_r1_environment_2_10dB.wav,225bc3ff062d2812e80fba886c056c4db4024e5a33dd9f549f3ee8ca04f2b0c4,/content/drive/MyDrive/DataForge/noise_masking/outputs/synthesis_cache/06c4d940de7e5f6d/af85d75b3d4cd961810df5535e75cd61395ba8d4e2c4a1fcb0939d5e0f7efd00.wav,06c4a6e5a4fc02817b3b25bcd6aa564d2763cbb72dd9e4dd6445eef8f0cd8bb4,0.808563232421875,True,,1.0,HTTP WAV -> local PCMU roundtrip,after simulated phone codec,coda,celeste,https://users.rime.ai/v1/rime-tts,3.489083246752714,3.4898453114849,2.7395702868435667
05eca3e90a16aae62993a4e8c0622498daf075b34cb0dd9342baad1fa1a946ce,critical_01_baseline_r1_environment_2_5dB,critical_01,dev,baseline,1,environment_2_5dB,environment_2,5.0,4.999999713939258,/content/drive/.shortcut-targets-by-id/1gvOi3VP1hvG6qL4dZhVl6iPKkjXSn32n/DataForge/data/musan/noise/free-sound/noise-free-sound-0131.wav,4c75a309561d719f6d0c34738b78912ac976aa854541c6452e4e34ffcaaa3e5e,0.0,False,environmental_noise,0.0838667840138316,0.0865044144288383,0.0546967779073777,window_rms_no_wrap_v2,20ms_frames_within_40dB_of_peak_power_v1,8000,-41.49999971654662,active speech / extracted noise-window RMS; no wrapping,"Mira Patel, your Tuesday appointment is at three thirty p m, your payment of forty five dollars is due by May fourteenth, and your reference code is seven two nine four. Do not cancel the appointment.","Mira Patel, your Tuesday appointment is at 3.30 pm. Your payment of $45 is due by May 14th and your reference code is 7294. Do not cancel the appointment.",0.3333333333333333,1.0,"{'name': {'recovered': True, 'conflict': False}, 'day': {'recovered': True, 'conflict': False}, 'time': {'recovered': True, 'conflict': False}, 'date': {'recovered': True, 'conflict': False}, 'amount': {'recovered': True, 'conflict': False}, 'code': {'recovered': True, 'conflict': False}, 'negation': {'recovered': True, 'conflict': False}}",7,7,0.7846041685373302,12.88,0.0,/content/drive/MyDrive/DataForge/noise_grid_v2/outputs/05eca3e90a16aae6/clips/critical_01_baseline_r1_environment_2_5dB.wav,b5259fe560ceb6f5cc9ad87d7e53bfc6b1f32105aefc8385a02f448158575aee,/content/drive/MyDrive/DataForge/noise_masking/outputs/synthesis_cache/06c4d940de7e5f6d/af85d75b3d4cd961810df5535e75cd61395ba8d4e2c4a1fcb0939d5e0f7efd00.wav,06c4a6e5a4fc02817b3b25bcd6aa564d2763cbb72dd9e4dd6445eef8f0cd8bb4,0.808563232421875,True,,1.0,HTTP WAV -> local PCMU roundtrip,after simulated phone codec,coda,celeste,https://users.rime.ai/v1/rime-tts,3.4651829827155787,3.421281664087355,2.706608666413897
05eca3e90a16aae62993a4e8c0622498daf075b34cb0dd9342baad1fa1a946ce,critical_01_baseline_r1_environment_2_0dB,critical_01,dev,baseline,1,environment_2_0dB,environment_2,0.0,1.3232454336069413e-07,/content/drive/.shortcut-targets-by-id/1gvOi3VP1hvG6qL4dZhVl6iPKkjXSn32n/DataForge/data/musan/noise/free-sound/noise-free-sound-0131.wav,4c75a309561d719f6d0c34738b78912ac976aa854541c6452e4e34ffcaaa3e5e,0.0,False,environmental_noise,0.0838667840138316,0.0865044144288383,0.0972661539481616,window_rms_no_wrap_v2,20ms_frames_within_40dB_of_peak_power_v1,8000,-41.49999971654662,active speech / extracted noise-window RMS; no wrapping,"Mira Patel, your Tuesday appointment is at three thirty p m, your payment of forty five dollars is due by May fourteenth, and your reference code is seven two nine four. Do not cancel the appointment.","Mira Patel, your Tuesday appointment is at 3.30 pm. Your payment of $45 is due by May 14th and your reference code is 7294. Do not cancel the appointment.",0.3333333333333333,1.0,"{'name': {'recovered': True, 'conflict': False}, 'day': {'recovered': True, 'conflict': False}, 'time': {'recovered': True, 'conflict': False}, 'date': {'recovered': True, 'conflict': False}, 'amount': {'recovered': True, 'conflict': False}, 'code': {'recovered': True, 'conflict': False}, 'negation': {'recovered': True, 'conflict': False}}",7,7,0.7070501742639719,12.88,0.0,/content/drive/MyDrive/DataForge/noise_grid_v2/outputs/05eca3e90a16aae6/clips/critical_01_baseline_r1_environment_2_0dB.wav,5d2c595073ce2383c5233166ed360fae566313959139c89c657166fe94d9d946,/content/drive/MyDrive/DataForge/noise_masking/outputs/synthesis_cache/06c4d940de7e5f6d/af85d75b3d4cd961810df5535e75cd61395ba8d4e2c4a1fcb0939d5e0f7efd00.wav,06c4a6e5a4fc02817b3b25bcd6aa564d2763cbb72dd9e4dd6445eef8f0cd8bb4,0.808563232421875,True,,1.0,HTTP WAV -> local PCMU roundtrip,after simulated phone codec,coda,celeste,https://users.rime.ai/v1/rime-tts,3.5390396991342987,3.2226198813975526,2.717650947975356
05eca3e90a16aae62993a4e8c0622498daf075b34cb0dd9342baad1fa1a946ce,critical_01_baseline_r1_environment_2_-5dB,critical_01,dev,baseline,1,environment_2_-5dB,environment_2,-5.0,-5.000000347433851,/content/drive/.shortcut-targets-by-id/1gvOi3VP1hvG6qL4dZhVl6iPKkjXSn32n/DataForge/data/musan/noise/free-sound/noise-free-sound-0131.wav,4c75a309561d719f6d0c34738b78912ac976aa854541c6452e4e34ffcaaa3e5e,0.0,False,environmental_noise,0.0838667840138316,0.0865044144288383,0.1729663988596919,window_rms_no_wrap_v2,20ms_frames_within_40dB_of_peak_power_v1,8000,-41.49999971654662,active speech / extracted noise-window RMS; no wrapping,"Mira Patel, your Tuesday appointment is at three thirty p m, your payment of forty five dollars is due by May fourteenth, and your reference code is seven two nine four. Do not cancel the appointment.","Mira Patel, your Tuesday appointment is at 3.30 pm. Your payment of $45 is due by May 14th, and your reference code is 7294. Do not cancel the appointment.",0.3333333333333333,1.0,"{'name': {'recovered': True, 'conflict': False}, 'day': {'recovered': True, 'conflict': False}, 'time': {'recovered': True, 'conflict': False}, 'date': {'recovered': True, 'conflict': False}, 'amount': {'recovered': True, 'conflict': False}, 'code': {'recovered': True, 'conflict': False}, 'negation': {'recovered': True, 'conflict': False}}",7,7,0.6100168090925788,12.88,0.0,/content/drive/MyDrive/DataForge/noise_grid_v2/outputs/05eca3e90a16aae6/clips/critical_01_baseline_r1_environment_2_-5dB.wav,e16a341ce0064c9db2ca7f4a6566e4ac26576006acf7f75edff412016da66ef8,/content/drive/MyDrive/DataForge/noise_masking/outputs/synthesis_cache/06c4d940de7e5f6d/af85d75b3d4cd961810df5535e75cd61395ba8d4e2c4a1fcb0939d5e0f7efd00.wav,06c4a6e5a4fc02817b3b25bcd6aa564d2763cbb72dd9e4dd6445eef8f0cd8bb4,0.808563232421875,True,,1.0,HTTP WAV -> local PCMU roundtrip,after simulated phone codec,coda,celeste,https://users.rime.ai/v1/rime-tts,3.4423529138554034,2.8026858923956937,2.552927411062354
05eca3e90a16aae62993a4e8c0622498daf075b34cb0dd9342baad1fa1a946ce,critical_07_baseline_r0_clean,critical_07,dev,baseline,0,clean,clean,,,,,,False,clean,,,,window_rms_no_wrap_v2,20ms_frames_within_40dB_of_peak_power_v1,8000,-41.499999901964,active speech / extracted noise-window RMS; no wrapping,"Priya Sen, your Tuesday appointment is at one twenty five p m, your payment of eighty dollars is due by November fifth, and your reference code is two eight four seven. Do not share the address.",pre-ascent. Your Tuesday appointment is at 1.25 p.m. Your payment of $80 is due by November 5th and your reference code is 2847. Do not share the address.,0.3333333333333333,0.8571428571428571,"{'name': {'recovered': False, 'conflict': False}, 'day': {'recovered': True, 'conflict': False}, 'time': {'recovered': True, 'conflict': False}, 'date': {'recovered': True, 'conflict': False}, 'amount': {'recovered': True, 'conflict': False}, 'code': {'recovered': True, 'conflict': False}, 'negation': {'recovered': True, 'conflict': False}}",7,6,,12.48,0.0,/content/drive/MyDrive/DataForge/noise_grid_v2/outputs/05eca3e90a16aae6/clips/critical_07_baseline_r0_clean.wav,ef0e75c954b332e47877f834e3d18c553d3c96b0006c205d596431c662b75072,/content/drive/MyDrive/DataForge/noise_masking/outputs/synthesis_cache/06c4d940de7e5f6d/1497892f821b23c16d3a3af18fddb0d460ad1cdca975af66879182a758ae3796.wav,3d3585be725b050b3d38c1b9c983095951e1084e70238d2fabd399a9127699cf,0.757781982421875,True,,1.0,HTTP WAV -> local PCMU roundtrip,after simulated phone codec,coda,celeste,https://users.rime.ai/v1/rime-tts,3.4550537947779065,4.142145837441544,3.1348437154883344
05eca3e90a16aae62993a4e8c0622498daf075b34cb0dd9342baad1fa1a946ce,critical_07_baseline_r0_speech_1_15dB,critical_07,dev,baseline,0,speech_1_15dB,speech_1,15.0,15.000000123430253,/content/drive/.shortcut-targets-by-id/1gvOi3VP1hvG6qL4dZhVl6iPKkjXSn32n/DataForge/data/musan/speech/librivox/speech-librivox-0004.wav,76965f20b10ce0ed48beed1670d8c5ed81182a2bc797ed5e4d7dbe24c4c58ae8,0.0,False,competing_speech,0.0918381103595235,0.1000447860876936,0.0149556586754121,window_rms_no_wrap_v2,20ms_frames_within_40dB_of_peak_power_v1,8000,-41.499999901964,active speech / extracted noise-window RMS; no wrapping,"Priya Sen, your Tuesday appointment is at one twenty five p m, your payment of eighty dollars is due by November fifth, and your reference code is two eight four seven. Do not share the address.","Pre-ascent. Your Tuesday appointment is at 1.25pm, your payment of $80 is due by November 5th, and your reference code is 2847. Do not share the address.",0.3888888888888889,0.8571428571428571,"{'name': {'recovered': False, 'conflict': False}, 'day': {'recovered': True, 'conflict': False}, 'time': {'recovered': True, 'conflict': False}, 'date': {'recovered': True, 'conflict': False}, 'amount': {'recovered': True, 'conflict': False}, 'code': {'recovered': True, 'conflict': False}, 'negation': {'recovered': True, 'conflict': False}}",7,6,0.780559861730148,12.48,0.0,/content/drive/MyDrive/DataForge/noise_grid_v2/outputs/05eca3e90a16aae6/clips/critical_07_baseline_r0_speech_1_15dB.wav,b56b4572db63f80ee7af86cd48aa1d4a719d5fa2d89f402f5c54d54070187529,/content/drive/MyDrive/DataForge/noise_masking/outputs/synthesis_cache/06c4d940de7e5f6d/1497892f821b23c16d3a3af18fddb0d460ad1cdca975af66879182a758ae3796.wav,3d3585be725b050b3d38c1b9c983095951e1084e70238d2fabd399a9127699cf,0.757781982421875,True,,1.0,HTTP WAV -> local PCMU roundtrip,after simulated phone codec,coda,celeste,https://users.rime.ai/v1/rime-tts,3.331767380786448,3.828023300472406,2.8329468241494213
05eca3e90a16aae62993a4e8c0622498daf075b34cb0dd9342baad1fa1a946ce,critical_07_baseline_r0_speech_1_10dB,critical_07,dev,baseline,0,speech_1_10dB,speech_1,10.0,10.000000230647558,/content/drive/.shortcut-targets-by-id/1gvOi3VP1hvG6qL4dZhVl6iPKkjXSn32n/DataForge/data/musan/speech/librivox/speech-librivox-0004.wav,76965f20b10ce0ed48beed1670d8c5ed81182a2bc797ed5e4d7dbe24c4c58ae8,0.0,False,competing_speech,0.0918381103595235,0.1000447860876936,0.0265953398860553,window_rms_no_wrap_v2,20ms_frames_within_40dB_of_peak_power_v1,8000,-41.499999901964,active speech / extracted noise-window RMS; no wrapping,"Priya Sen, your Tuesday appointment is at one twenty five p m, your payment of eighty dollars is due by November fifth, and your reference code is two eight four seven. Do not share the address.","Priya Sen, your Tuesday appointment is at 1.25pm, your payment of $80 is due by November 5th, and your reference code is 2847. Do not share the address.",0.3333333333333333,1.0,"{'name': {'recovered': True, 'conflict': False}, 'day': {'recovered': True, 'conflict': False}, 'time': {'recovered': True, 'conflict': False}, 'date': {'recovered': True, 'conflict': False}, 'amount': {'recovered': True, 'conflict': False}, 'code': {'recovered': True, 'conflict': False}, 'negation': {'recovered': True, 'conflict': False}}",7,7,0.6972227843180122,12.48,0.0,/content/drive/MyDrive/DataForge/noise_grid_v2/outputs/05eca3e90a16aae6/clips/critical_07_baseline_r0_speech_1_10dB.wav,83147c6e8844d50fb383c192aaec7997f9a29257b25b63235c7e6150f914201e,/content/drive/MyDrive/DataForge/noise_masking/outputs/synthesis_cache/06c4d940de7e5f6d/1497892f821b23c16d3a3af18fddb0d460ad1cdca975af66879182a758ae3796.wav,3d3585be725b050b3d38c1b9c983095951e1084e70238d2fabd399a9127699cf,0.757781982421875,True,,1.0,HTTP WAV -> local PCMU roundtrip,after simulated phone codec,coda,celeste,https://users.rime.ai/v1/rime-tts,3.294055146917844,3.653523041143269,2.718333350267536
05eca3e90a16aae62993a4e8c0622498daf075b34cb0dd9342baad1fa1a946ce,critical_07_baseline_r0_speech_1_5dB,critical_07,dev,baseline,0,speech_1_5dB,speech_1,5.0,4.99999984932518,/content/drive/.shortcut-targets-by-id/1gvOi3VP1hvG6qL4dZhVl6iPKkjXSn32n/DataForge/data/musan/speech/librivox/speech-librivox-0004.wav,76965f20b10ce0ed48beed1670d8c5ed81182a2bc797ed5e4d7dbe24c4c58ae8,0.0,False,competing_speech,0.0918381103595235,0.1000447860876936,0.0472939453223591,window_rms_no_wrap_v2,20ms_frames_within_40dB_of_peak_power_v1,8000,-41.499999901964,active speech / extracted noise-window RMS; no wrapping,"Priya Sen, your Tuesday appointment is at one twenty five p m, your payment of eighty dollars is due by November fifth, and your reference code is two eight four seven. Do not share the address.","Prius thing, your Tuesday appointment is at 1.25pm, your payment of $80 is due by November 5th, and your reference code is 2847. Do not share the address.",0.3888888888888889,0.8571428571428571,"{'name': {'recovered': False, 'conflict': False}, 'day': {'recovered': True, 'conflict': False}, 'time': {'recovered': True, 'conflict': False}, 'date': {'recovered': True, 'conflict': False}, 'amount': {'recovered': True, 'conflict': False}, 'code': {'recovered': True, 'conflict': False}, 'negation': {'recovered': True, 'conflict': False}}",7,6,0.6083226584294555,12.48,0.0,/content/drive/MyDrive/DataForge/noise_grid_v2/outputs/05eca3e90a16aae6/clips/critical_07_baseline_r0_speech_1_5dB.wav,61f2e1fac348cafa87c29a6fdde5f0f11948bf8e2c4191b6916246b5d887310e,/content/drive/MyDrive/DataForge/noise_masking/outputs/synthesis_cache/06c4d940de7e5f6d/1497892f821b23c16d3a3af18fddb0d460ad1cdca975af66879182a758ae3796.wav,3d3585be725b050b3d38c1b9c983095951e1084e70238d2fabd399a9127699cf,0.757781982421875,True,,1.0,HTTP WAV -> local PCMU roundtrip,after simulated phone codec,coda,celeste,https://users.rime.ai/v1/rime-tts,3.139103854604108,3.193795795472992,2.4377162228557627
05eca3e90a16aae62993a4e8c0622498daf075b34cb0dd9342baad1fa1a946ce,critical_07_baseline_r0_speech_1_0dB,critical_07,dev,baseline,0,speech_1_0dB,speech_1,0.0,8.908274060984354e-08,/content/drive/.shortcut-targets-by-id/1gvOi3VP1hvG6qL4dZhVl6iPKkjXSn32n/DataForge/data/musan/speech/librivox/speech-librivox-0004.wav,76965f20b10ce0ed48beed1670d8c5ed81182a2bc797ed5e4d7dbe24c4c58ae8,0.0,False,competing_speech,0.0918381103595235,0.1000447860876936,0.0841018491862578,window_rms_no_wrap_v2,20ms_frames_within_40dB_of_peak_power_v1,8000,-41.499999901964,active speech / extracted noise-window RMS; no wrapping,"Priya Sen, your Tuesday appointment is at one twenty five p m, your payment of eighty dollars is due by November fifth, and your reference code is two eight four seven. Do not share the address.","Prius thing, your Tuesday appointment is at 1.25pm, your payment of $80 is due by November 5th, and your reference code is 2847. Do not share the address.",0.3888888888888889,0.8571428571428571,"{'name': {'recovered': False, 'conflict': False}, 'day': {'recovered': True, 'conflict': False}, 'time': {'recovered': True, 'conflict': False}, 'date': {'recovered': True, 'conflict': False}, 'amount': {'recovered': True, 'conflict': False}, 'code': {'recovered': True, 'conflict': False}, 'negation': {'recovered': True, 'conflict': False}}",7,6,0.514084392267531,12.48,0.0,/content/drive/MyDrive/DataForge/noise_grid_v2/outputs/05eca3e90a16aae6/clips/critical_07_baseline_r0_speech_1_0dB.wav,1f7cd1fd0a4ead16e9747e997820803dca906be9590ab2089ef389f2a34f6875,/content/drive/MyDrive/DataForge/noise_masking/outputs/synthesis_cache/06c4d940de7e5f6d/1497892f821b23c16d3a3af18fddb0d460ad1cdca975af66879182a758ae3796.wav,3d3585be725b050b3d38c1b9c983095951e1084e70238d2fabd399a9127699cf,0.757781982421875,True,,1.0,HTTP WAV -> local PCMU roundtrip,after simulated phone codec,coda,celeste,https://users.rime.ai/v1/rime-tts,3.043913797662185,2.7313052199897414,2.2324794304741333
05eca3e90a16aae62993a4e8c0622498daf075b34cb0dd9342baad1fa1a946ce,critical_07_baseline_r0_speech_1_-5dB,critical_07,dev,baseline,0,speech_1_-5dB,speech_1,-5.0,-5.000000317037729,/content/drive/.shortcut-targets-by-id/1gvOi3VP1hvG6qL4dZhVl6iPKkjXSn32n/DataForge/data/musan/speech/librivox/speech-librivox-0004.wav,76965f20b10ce0ed48beed1670d8c5ed81182a2bc797ed5e4d7dbe24c4c58ae8,0.0,False,competing_speech,0.0918381103595235,0.1000447860876936,0.1495565867541211,window_rms_no_wrap_v2,20ms_frames_within_40dB_of_peak_power_v1,8000,-41.499999901964,active speech / extracted noise-window RMS; no wrapping,"Priya Sen, your Tuesday appointment is at one twenty five p m, your payment of eighty dollars is due by November fifth, and your reference code is two eight four seven. Do not share the address.","Your Tuesday appointment is at 1.25pm, your payment of $8 is due by November 5th, and your reference code is 2847. Do not share the address.",0.3888888888888889,0.7142857142857143,"{'name': {'recovered': False, 'conflict': False}, 'day': {'recovered': True, 'conflict': False}, 'time': {'recovered': True, 'conflict': False}, 'date': {'recovered': True, 'conflict': False}, 'amount': {'recovered': False, 'conflict': False}, 'code': {'recovered': True, 'conflict': False}, 'negation': {'recovered': True, 'conflict': False}}",7,5,0.4156356966255616,12.48,0.0,/content/drive/MyDrive/DataForge/noise_grid_v2/outputs/05eca3e90a16aae6/clips/critical_07_baseline_r0_speech_1_-5dB.wav,f3ec96b6dbf6715d98ad536320f89075478c5fd25379c9751efe1e44f705bc3d,/content/drive/MyDrive/DataForge/noise_masking/outputs/synthesis_cache/06c4d940de7e5f6d/1497892f821b23c16d3a3af18fddb0d460ad1cdca975af66879182a758ae3796.wav,3d3585be725b050b3d38c1b9c983095951e1084e70238d2fabd399a9127699cf,0.757781982421875,True,,1.0,HTTP WAV -> local PCMU roundtrip,after simulated phone codec,coda,celeste,https://users.rime.ai/v1/rime-tts,3.311585141587944,2.884298709714433,2.4532000832242247
05eca3e90a16aae62993a4e8c0622498daf075b34cb0dd9342baad1fa1a946ce,critical_07_baseline_r0_speech_2_15dB,critical_07,dev,baseline,0,speech_2_15dB,speech_2,15.0,15.000000276115642,/content/drive/.shortcut-targets-by-id/1gvOi3VP1hvG6qL4dZhVl6iPKkjXSn32n/DataForge/data/musan/speech/librivox/speech-librivox-0003.wav,8c1370aaca2843057072ded459deb739413910e7a2c5a1f21d3e04c2b3fe4c6b,0.0,False,competing_speech,0.0861615546950171,0.0923887645507374,0.0161949960069059,window_rms_no_wrap_v2,20ms_frames_within_40dB_of_peak_power_v1,8000,-41.499999901964,active speech / extracted noise-window RMS; no wrapping,"Priya Sen, your Tuesday appointment is at one twenty five p m, your payment of eighty dollars is due by November fifth, and your reference code is two eight four seven. Do not share the address.",preassent. Your Tuesday appointment is at 1.25 p.m. Your payment of $80 is due by November 5th and your reference code is 2847. Do not share the address.,0.3333333333333333,0.8571428571428571,"{'name': {'recovered': False, 'conflict': False}, 'day': {'recovered': True, 'conflict': False}, 'time': {'recovered': True, 'conflict': False}, 'date': {'recovered': True, 'conflict': False}, 'amount': {'recovered': True, 'conflict': False}, 'code': {'recovered': True, 'conflict': False}, 'negation': {'recovered': True, 'conflict': False}}",7,6,0.8008846612884394,12.48,0.0,/content/drive/MyDrive/DataForge/noise_grid_v2/outputs/05eca3e90a16aae6/clips/critical_07_baseline_r0_speech_2_15dB.wav,f2317b327033a95950de10f2f1e0249adc188a75208f13ddda731be9cb4fb84d,/content/drive/MyDrive/DataForge/noise_masking/outputs/synthesis_cache/06c4d940de7e5f6d/1497892f821b23c16d3a3af18fddb0d460ad1cdca975af66879182a758ae3796.wav,3d3585be725b050b3d38c1b9c983095951e1084e70238d2fabd399a9127699cf,0.757781982421875,True,,1.0,HTTP WAV -> local PCMU roundtrip,after simulated phone codec,coda,celeste,https://users.rime.ai/v1/rime-tts,3.453470300266372,4.011955155791806,3.0691675922197
05eca3e90a16aae62993a4e8c0622498daf075b34cb0dd9342baad1fa1a946ce,critical_07_baseline_r0_speech_2_10dB,critical_07,dev,baseline,0,speech_2_10dB,speech_2,10.0,9.999999876742208,/content/drive/.shortcut-targets-by-id/1gvOi3VP1hvG6qL4dZhVl6iPKkjXSn32n/DataForge/data/musan/speech/librivox/speech-librivox-0003.wav,8c1370aaca2843057072ded459deb739413910e7a2c5a1f21d3e04c2b3fe4c6b,0.0,False,competing_speech,0.0861615546950171,0.0923887645507374,0.0287992279447433,window_rms_no_wrap_v2,20ms_frames_within_40dB_of_peak_power_v1,8000,-41.499999901964,active speech / extracted noise-window RMS; no wrapping,"Priya Sen, your Tuesday appointment is at one twenty five p m, your payment of eighty dollars is due by November fifth, and your reference code is two eight four seven. Do not share the address.",preassent. Your Tuesday appointment is at 1.25 p.m. Your payment of $80 is due by November 5th and your reference code is 2847. Do not share the address.,0.3333333333333333,0.8571428571428571,"{'name': {'recovered': False, 'conflict': False}, 'day': {'recovered': True, 'conflict': False}, 'time': {'recovered': True, 'conflict': False}, 'date': {'recovered': True, 'conflict': False}, 'amount': {'recovered': True, 'conflict': False}, 'code': {'recovered': True, 'conflict': False}, 'negation': {'recovered': True, 'conflict': False}}",7,6,0.7394160791009013,12.48,0.0,/content/drive/MyDrive/DataForge/noise_grid_v2/outputs/05eca3e90a16aae6/clips/critical_07_baseline_r0_speech_2_10dB.wav,88d317c69611306b2ae35d4ae5950267776d326cdedfd9a4933ad03487cba8d9,/content/drive/MyDrive/DataForge/noise_masking/outputs/synthesis_cache/06c4d940de7e5f6d/1497892f821b23c16d3a3af18fddb0d460ad1cdca975af66879182a758ae3796.wav,3d3585be725b050b3d38c1b9c983095951e1084e70238d2fabd399a9127699cf,0.757781982421875,True,,1.0,HTTP WAV -> local PCMU roundtrip,after simulated phone codec,coda,celeste,https://users.rime.ai/v1/rime-tts,3.4450827335089524,4.013050159339111,3.071876041897854
05eca3e90a16aae62993a4e8c0622498daf075b34cb0dd9342baad1fa1a946ce,critical_07_baseline_r0_speech_2_5dB,critical_07,dev,baseline,0,speech_2_5dB,speech_2,5.0,4.999999931112442,/content/drive/.shortcut-targets-by-id/1gvOi3VP1hvG6qL4dZhVl6iPKkjXSn32n/DataForge/data/musan/speech/librivox/speech-librivox-0003.wav,8c1370aaca2843057072ded459deb739413910e7a2c5a1f21d3e04c2b3fe4c6b,0.0,False,competing_speech,0.0861615546950171,0.0923887645507374,0.0512130740791546,window_rms_no_wrap_v2,20ms_frames_within_40dB_of_peak_power_v1,8000,-41.499999901964,active speech / extracted noise-window RMS; no wrapping,"Priya Sen, your Tuesday appointment is at one twenty five p m, your payment of eighty dollars is due by November fifth, and your reference code is two eight four seven. Do not share the address.",pre ascend a machine that flies at 125 p.m. the payment of $80 is due by november 5th for the 1903 collection and your reference code is 2847 do not share the address,0.5833333333333334,0.7142857142857143,"{'name': {'recovered': False, 'conflict': False}, 'day': {'recovered': False, 'conflict': False}, 'time': {'recovered': True, 'conflict': False}, 'date': {'recovered': True, 'conflict': False}, 'amount': {'recovered': True, 'conflict': False}, 'code': {'recovered': True, 'conflict': False}, 'negation': {'recovered': True, 'conflict': False}}",7,5,0.6703855413428208,12.48,0.0,/content/drive/MyDrive/DataForge/noise_grid_v2/outputs/05eca3e90a16aae6/clips/critical_07_baseline_r0_speech_2_5dB.wav,000fa20fb5f1c330883c98cea3ffaa34da07d2a1516b6913748c6f617bcd2b5d,/content/drive/MyDrive/DataForge/noise_masking/outputs/synthesis_cache/06c4d940de7e5f6d/1497892f821b23c16d3a3af18fddb0d460ad1cdca975af66879182a758ae3796.wav,3d3585be725b050b3d38c1b9c983095951e1084e70238d2fabd399a9127699cf,0.757781982421875,True,,1.0,HTTP WAV -> local PCMU roundtrip,after simulated phone codec,coda,celeste,https://users.rime.ai/v1/rime-tts,3.4041607750076643,3.69513137816214,2.884317028766102
05eca3e90a16aae62993a4e8c0622498daf075b34cb0dd9342baad1fa1a946ce,critical_07_baseline_r0_speech_2_0dB,critical_07,dev,baseline,0,speech_2_0dB,speech_2,0.0,-3.320768570968776e-07,/content/drive/.shortcut-targets-by-id/1gvOi3VP1hvG6qL4dZhVl6iPKkjXSn32n/DataForge/data/musan/speech/librivox/speech-librivox-0003.wav,8c1370aaca2843057072ded459deb739413910e7a2c5a1f21d3e04c2b3fe4c6b,0.0,False,competing_speech,0.0861615546950171,0.0923887645507374,0.0910711551597588,window_rms_no_wrap_v2,20ms_frames_within_40dB_of_peak_power_v1,8000,-41.499999901964,active speech / extracted noise-window RMS; no wrapping,"Priya Sen, your Tuesday appointment is at one twenty five p m, your payment of eighty dollars is due by November fifth, and your reference code is two eight four seven. Do not share the address.",pre ascend a machine that flies at 125 p.m by the time dispatch for the 1903 collection and your reference code is 2847 this is a liverbox recording,0.7777777777777778,0.2857142857142857,"{'name': {'recovered': False, 'conflict': False}, 'day': {'recovered': False, 'conflict': False}, 'time': {'recovered': True, 'conflict': False}, 'date': {'recovered': False, 'conflict': False}, 'amount': {'recovered': False, 'conflict': False}, 'code': {'recovered': True, 'conflict': False}, 'negation': {'recovered': False, 'conflict': False}}",7,2,0.5953709968058685,12.48,0.0,/content/drive/MyDrive/DataForge/noise_grid_v2/outputs/05eca3e90a16aae6/clips/critical_07_baseline_r0_speech_2_0dB.wav,b23eec2587f15b092a588d0b62169dda128da5fe8e5af4493a58cbb199f4ae77,/content/drive/MyDrive/DataForge/noise_masking/outputs/synthesis_cache/06c4d940de7e5f6d/1497892f821b23c16d3a3af18fddb0d460ad1cdca975af66879182a758ae3796.wav,3d3585be725b050b3d38c1b9c983095951e1084e70238d2fabd399a9127699cf,0.757781982421875,True,,1.0,HTTP WAV -> local PCMU roundtrip,after simulated phone codec,coda,celeste,https://users.rime.ai/v1/rime-tts,3.357833563243677,3.5836383747353864,2.798506945452424
05eca3e90a16aae62993a4e8c0622498daf075b34cb0dd9342baad1fa1a946ce,critical_07_baseline_r0_speech_2_-5dB,critical_07,dev,baseline,0,speech_2_-5dB,speech_2,-5.0,-5.000000123009821,/content/drive/.shortcut-targets-by-id/1gvOi3VP1hvG6qL4dZhVl6iPKkjXSn32n/DataForge/data/musan/speech/librivox/speech-librivox-0003.wav,8c1370aaca2843057072ded459deb739413910e7a2c5a1f21d3e04c2b3fe4c6b,0.0,False,competing_speech,0.0861615546950171,0.0923887645507374,0.1619499600690591,window_rms_no_wrap_v2,20ms_frames_within_40dB_of_peak_power_v1,8000,-41.499999901964,active speech / extracted noise-window RMS; no wrapping,"Priya Sen, your Tuesday appointment is at one twenty five p m, your payment of eighty dollars is due by November fifth, and your reference code is two eight four seven. Do not share the address.",pre ascend a machine that flies at 125 by the times dispatch for the 1903 collection code is two eight four seven this is a little box recording,0.8333333333333334,0.1428571428571428,"{'name': {'recovered': False, 'conflict': False}, 'day': {'recovered': False, 'conflict': False}, 'time': {'recovered': False, 'conflict': False}, 'date': {'recovered': False, 'conflict': False}, 'amount': {'recovered': False, 'conflict': False}, 'code': {'recovered': True, 'conflict': False}, 'negation': {'recovered': False, 'conflict': False}}",7,1,0.5229097274634966,12.48,0.0,/content/drive/MyDrive/DataForge/noise_grid_v2/outputs/05eca3e90a16aae6/clips/critical_07_baseline_r0_speech_2_-5dB.wav,935b27941719cb9461b58d6326f54b1d1de70ab537fadb6c57d050aa975b79ab,/content/drive/MyDrive/DataForge/noise_masking/outputs/synthesis_cache/06c4d940de7e5f6d/1497892f821b23c16d3a3af18fddb0d460ad1cdca975af66879182a758ae3796.wav,3d3585be725b050b3d38c1b9c983095951e1084e70238d2fabd399a9127699cf,0.757781982421875,True,,1.0,HTTP WAV -> local PCMU roundtrip,after simulated phone codec,coda,celeste,https://users.rime.ai/v1/rime-tts,3.3699972083990413,3.680979099380946,2.88428903228414
05eca3e90a16aae62993a4e8c0622498daf075b34cb0dd9342baad1fa1a946ce,critical_07_baseline_r0_environment_1_15dB,critical_07,dev,baseline,0,environment_1_15dB,environment_1,15.0,14.999999793180208,/content/drive/.shortcut-targets-by-id/1gvOi3VP1hvG6qL4dZhVl6iPKkjXSn32n/DataForge/data/musan/noise/free-sound/noise-free-sound-0397.wav,381b7347876f96d6a287a55e578b9ac8f3e5d2fa4ac35d9fb7a9a52c2bdbce24,0.0,False,environmental_noise,0.0127726895944802,0.0154540318457426,0.0968184670458249,window_rms_no_wrap_v2,20ms_frames_within_40dB_of_peak_power_v1,8000,-41.499999901964,active speech / extracted noise-window RMS; no wrapping,"Priya Sen, your Tuesday appointment is at one twenty five p m, your payment of eighty dollars is due by November fifth, and your reference code is two eight four seven. Do not share the address.","Pria Sen, your Tuesday appointment is at 1.25pm, your payment of $80 is due by November 5th, and your reference code is 2847. Do not share the address.",0.3611111111111111,0.8571428571428571,"{'name': {'recovered': False, 'conflict': False}, 'day': {'recovered': True, 'conflict': False}, 'time': {'recovered': True, 'conflict': False}, 'date': {'recovered': True, 'conflict': False}, 'amount': {'recovered': True, 'conflict': False}, 'code': {'recovered': True, 'conflict': False}, 'negation': {'recovered': True, 'conflict': False}}",7,6,0.8091126621651317,12.48,0.0,/content/drive/MyDrive/DataForge/noise_grid_v2/outputs/05eca3e90a16aae6/clips/critical_07_baseline_r0_environment_1_15dB.wav,6a02c512d8e92383355f006af7aa433341b0f53721da2178abcf7055d1df0730,/content/drive/MyDrive/DataForge/noise_masking/outputs/synthesis_cache/06c4d940de7e5f6d/1497892f821b23c16d3a3af18fddb0d460ad1cdca975af66879182a758ae3796.wav,3d3585be725b050b3d38c1b9c983095951e1084e70238d2fabd399a9127699cf,0.757781982421875,True,,1.0,HTTP WAV -> local PCMU roundtrip,after simulated phone codec,coda,celeste,https://users.rime.ai/v1/rime-tts,3.4020530522712558,3.1312161081787973,2.494519089136133
05eca3e90a16aae62993a4e8c0622498daf075b34cb0dd9342baad1fa1a946ce,critical_07_baseline_r0_environment_1_10dB,critical_07,dev,baseline,0,environment_1_10dB,environment_1,10.0,10.000000246084277,/content/drive/.shortcut-targets-by-id/1gvOi3VP1hvG6qL4dZhVl6iPKkjXSn32n/DataForge/data/musan/noise/free-sound/noise-free-sound-0397.wav,381b7347876f96d6a287a55e578b9ac8f3e5d2fa4ac35d9fb7a9a52c2bdbce24,0.0,False,environmental_noise,0.0127726895944802,0.0154540318457426,0.1721702864591225,window_rms_no_wrap_v2,20ms_frames_within_40dB_of_peak_power_v1,8000,-41.499999901964,active speech / extracted noise-window RMS; no wrapping,"Priya Sen, your Tuesday appointment is at one twenty five p m, your payment of eighty dollars is due by November fifth, and your reference code is two eight four seven. Do not share the address.","Priya Sen, your Tuesday appointment is at 1.25pm, your payment of $80 is due by November 5th and your reference code is 2847. Do not share the address.",0.3333333333333333,1.0,"{'name': {'recovered': True, 'conflict': False}, 'day': {'recovered': True, 'conflict': False}, 'time': {'recovered': True, 'conflict': False}, 'date': {'recovered': True, 'conflict': False}, 'amount': {'recovered': True, 'conflict': False}, 'code': {'recovered': True, 'conflict': False}, 'negation': {'recovered': True, 'conflict': False}}",7,7,0.7350502003106386,12.48,0.0,/content/drive/MyDrive/DataForge/noise_grid_v2/outputs/05eca3e90a16aae6/clips/critical_07_baseline_r0_environment_1_10dB.wav,96e88628a7bb110bc96e70542c8bd1ac20e1c5aa94b91e818ed6c430f2a9a1b6,/content/drive/MyDrive/DataForge/noise_masking/outputs/synthesis_cache/06c4d940de7e5f6d/1497892f821b23c16d3a3af18fddb0d460ad1cdca975af66879182a758ae3796.wav,3d3585be725b050b3d38c1b9c983095951e1084e70238d2fabd399a9127699cf,0.757781982421875,True,,1.0,HTTP WAV -> local PCMU roundtrip,after simulated phone codec,coda,celeste,https://users.rime.ai/v1/rime-tts,3.37640737889552,2.7942292890135376,2.342089719307569
05eca3e90a16aae62993a4e8c0622498daf075b34cb0dd9342baad1fa1a946ce,critical_07_baseline_r0_environment_1_5dB,critical_07,dev,baseline,0,environment_1_5dB,environment_1,5.0,4.999999684519024,/content/drive/.shortcut-targets-by-id/1gvOi3VP1hvG6qL4dZhVl6iPKkjXSn32n/DataForge/data/musan/noise/free-sound/noise-free-sound-0397.wav,381b7347876f96d6a287a55e578b9ac8f3e5d2fa4ac35d9fb7a9a52c2bdbce24,0.0,False,environmental_noise,0.0127726895944802,0.0154540318457426,0.3061668754307607,window_rms_no_wrap_v2,20ms_frames_within_40dB_of_peak_power_v1,8000,-41.499999901964,active speech / extracted noise-window RMS; no wrapping,"Priya Sen, your Tuesday appointment is at one twenty five p m, your payment of eighty dollars is due by November fifth, and your reference code is two eight four seven. Do not share the address.","Pre-assign, your Tuesday appointment is at 1.25 pm, your payment of $80 is due by November 5th, and your reference code is 2847. Do not share the address.",0.3888888888888889,0.8571428571428571,"{'name': {'recovered': False, 'conflict': False}, 'day': {'recovered': True, 'conflict': False}, 'time': {'recovered': True, 'conflict': False}, 'date': {'recovered': True, 'conflict': False}, 'amount': {'recovered': True, 'conflict': False}, 'code': {'recovered': True, 'conflict': False}, 'negation': {'recovered': True, 'conflict': False}}",7,6,0.6542106579411969,12.48,0.0,/content/drive/MyDrive/DataForge/noise_grid_v2/outputs/05eca3e90a16aae6/clips/critical_07_baseline_r0_environment_1_5dB.wav,8d7fa01d2a77cb8ea9553030635fb11b82ef690aa09579a26fb1c1402ddb777c,/content/drive/MyDrive/DataForge/noise_masking/outputs/synthesis_cache/06c4d940de7e5f6d/1497892f821b23c16d3a3af18fddb0d460ad1cdca975af66879182a758ae3796.wav,3d3585be725b050b3d38c1b9c983095951e1084e70238d2fabd399a9127699cf,0.757781982421875,True,,1.0,HTTP WAV -> local PCMU roundtrip,after simulated phone codec,coda,celeste,https://users.rime.ai/v1/rime-tts,3.2431719577505445,2.541052546524772,2.211021691912616
05eca3e90a16aae62993a4e8c0622498daf075b34cb0dd9342baad1fa1a946ce,critical_07_baseline_r0_environment_1_0dB,critical_07,dev,baseline,0,environment_1_0dB,environment_1,0.0,4.3692867918434323e-07,/content/drive/.shortcut-targets-by-id/1gvOi3VP1hvG6qL4dZhVl6iPKkjXSn32n/DataForge/data/musan/noise/free-sound/noise-free-sound-0397.wav,381b7347876f96d6a287a55e578b9ac8f3e5d2fa4ac35d9fb7a9a52c2bdbce24,0.0,False,environmental_noise,0.0127726895944802,0.0154540318457426,0.5444502506144735,window_rms_no_wrap_v2,20ms_frames_within_40dB_of_peak_power_v1,8000,-41.499999901964,active speech / extracted noise-window RMS; no wrapping,"Priya Sen, your Tuesday appointment is at one twenty five p m, your payment of eighty dollars is due by November fifth, and your reference code is two eight four seven. Do not share the address.","Pre-assign, your Tuesday appointment is at 1.25pm, your payment of $80 is due by November 5th, and your reference code is 2847. Do not share the address.",0.3888888888888889,0.8571428571428571,"{'name': {'recovered': False, 'conflict': False}, 'day': {'recovered': True, 'conflict': False}, 'time': {'recovered': True, 'conflict': False}, 'date': {'recovered': True, 'conflict': False}, 'amount': {'recovered': True, 'conflict': False}, 'code': {'recovered': True, 'conflict': False}, 'negation': {'recovered': True, 'conflict': False}}",7,6,0.5707639657876922,12.48,0.0,/content/drive/MyDrive/DataForge/noise_grid_v2/outputs/05eca3e90a16aae6/clips/critical_07_baseline_r0_environment_1_0dB.wav,3959a41864048817dd93c7d235c38966b2ae0f852ce87a29cd40546df35f45e0,/content/drive/MyDrive/DataForge/noise_masking/outputs/synthesis_cache/06c4d940de7e5f6d/1497892f821b23c16d3a3af18fddb0d460ad1cdca975af66879182a758ae3796.wav,3d3585be725b050b3d38c1b9c983095951e1084e70238d2fabd399a9127699cf,0.757781982421875,True,,1.0,HTTP WAV -> local PCMU roundtrip,after simulated phone codec,coda,celeste,https://users.rime.ai/v1/rime-tts,3.0316597335090782,2.322054273037598,2.0941822341078966
05eca3e90a16aae62993a4e8c0622498daf075b34cb0dd9342baad1fa1a946ce,critical_07_baseline_r0_environment_1_-5dB,critical_07,dev,baseline,0,environment_1_-5dB,environment_1,-5.0,-4.999999807708502,/content/drive/.shortcut-targets-by-id/1gvOi3VP1hvG6qL4dZhVl6iPKkjXSn32n/DataForge/data/musan/noise/free-sound/noise-free-sound-0397.wav,381b7347876f96d6a287a55e578b9ac8f3e5d2fa4ac35d9fb7a9a52c2bdbce24,0.0,False,environmental_noise,0.0127726895944802,0.0154540318457426,0.9681846704582496,window_rms_no_wrap_v2,20ms_frames_within_40dB_of_peak_power_v1,8000,-41.499999901964,active speech / extracted noise-window RMS; no wrapping,"Priya Sen, your Tuesday appointment is at one twenty five p m, your payment of eighty dollars is due by November fifth, and your reference code is two eight four seven. Do not share the address.","Pre-assign. Your Tuesday appointment is at 1.25 PM. Your payment of $80 is due by November 5th, and your reference code is 2847. Do not share the address.",0.3888888888888889,0.8571428571428571,"{'name': {'recovered': False, 'conflict': False}, 'day': {'recovered': True, 'conflict': False}, 'time': {'recovered': True, 'conflict': False}, 'date': {'recovered': True, 'conflict': False}, 'amount': {'recovered': True, 'conflict': False}, 'code': {'recovered': True, 'conflict': False}, 'negation': {'recovered': True, 'conflict': False}}",7,6,0.4866388111607715,12.48,0.0,/content/drive/MyDrive/DataForge/noise_grid_v2/outputs/05eca3e90a16aae6/clips/critical_07_baseline_r0_environment_1_-5dB.wav,948979d4586ad8eadac63cf535769611d7069bdacaeef018dc891fc555245d30,/content/drive/MyDrive/DataForge/noise_masking/outputs/synthesis_cache/06c4d940de7e5f6d/1497892f821b23c16d3a3af18fddb0d460ad1cdca975af66879182a758ae3796.wav,3d3585be725b050b3d38c1b9c983095951e1084e70238d2fabd399a9127699cf,0.757781982421875,True,,1.0,HTTP WAV -> local PCMU roundtrip,after simulated phone codec,coda,celeste,https://users.rime.ai/v1/rime-tts,1.8495046411876657,1.5340558804993885,1.4182889660752942
05eca3e90a16aae62993a4e8c0622498daf075b34cb0dd9342baad1fa1a946ce,critical_07_baseline_r0_environment_2_15dB,critical_07,dev,baseline,0,environment_2_15dB,environment_2,15.0,15.000000406678703,/content/drive/.shortcut-targets-by-id/1gvOi3VP1hvG6qL4dZhVl6iPKkjXSn32n/DataForge/data/musan/noise/free-sound/noise-free-sound-0131.wav,4c75a309561d719f6d0c34738b78912ac976aa854541c6452e4e34ffcaaa3e5e,0.0,False,environmental_noise,0.0838667840138316,0.0877999533061486,0.0170414176390841,window_rms_no_wrap_v2,20ms_frames_within_40dB_of_peak_power_v1,8000,-41.499999901964,active speech / extracted noise-window RMS; no wrapping,"Priya Sen, your Tuesday appointment is at one twenty five p m, your payment of eighty dollars is due by November fifth, and your reference code is two eight four seven. Do not share the address.","Priya Sen, your Tuesday appointment is at 1.25 pm, your payment of $80 is due by November 5th, and your reference code is 2847. Do not share the address.",0.3333333333333333,1.0,"{'name': {'recovered': True, 'conflict': False}, 'day': {'recovered': True, 'conflict': False}, 'time': {'recovered': True, 'conflict': False}, 'date': {'recovered': True, 'conflict': False}, 'amount': {'recovered': True, 'conflict': False}, 'code': {'recovered': True, 'conflict': False}, 'negation': {'recovered': True, 'conflict': False}}",7,7,0.8706429774703683,12.48,0.0,/content/drive/MyDrive/DataForge/noise_grid_v2/outputs/05eca3e90a16aae6/clips/critical_07_baseline_r0_environment_2_15dB.wav,061fdfa18d14e751099d7b2b4a264144758ee5da7a70f4ac458044a0d3a81f91,/content/drive/MyDrive/DataForge/noise_masking/outputs/synthesis_cache/06c4d940de7e5f6d/1497892f821b23c16d3a3af18fddb0d460ad1cdca975af66879182a758ae3796.wav,3d3585be725b050b3d38c1b9c983095951e1084e70238d2fabd399a9127699cf,0.757781982421875,True,,1.0,HTTP WAV -> local PCMU roundtrip,after simulated phone codec,coda,celeste,https://users.rime.ai/v1/rime-tts,3.468429094999321,3.712009417492856,2.878840743145628
05eca3e90a16aae62993a4e8c0622498daf075b34cb0dd9342baad1fa1a946ce,critical_07_baseline_r0_environment_2_10dB,critical_07,dev,baseline,0,environment_2_10dB,environment_2,10.0,9.999999995613724,/content/drive/.shortcut-targets-by-id/1gvOi3VP1hvG6qL4dZhVl6iPKkjXSn32n/DataForge/data/musan/noise/free-sound/noise-free-sound-0131.wav,4c75a309561d719f6d0c34738b78912ac976aa854541c6452e4e34ffcaaa3e5e,0.0,False,environmental_noise,0.0838667840138316,0.0877999533061486,0.0303044021054573,window_rms_no_wrap_v2,20ms_frames_within_40dB_of_peak_power_v1,8000,-41.499999901964,active speech / extracted noise-window RMS; no wrapping,"Priya Sen, your Tuesday appointment is at one twenty five p m, your payment of eighty dollars is due by November fifth, and your reference code is two eight four seven. Do not share the address.","Priya Sen, your Tuesday appointment is at 1.25 pm, your payment of $80 is due by November 5th, and your reference code is 2847. Do not share the address.",0.3333333333333333,1.0,"{'name': {'recovered': True, 'conflict': False}, 'day': {'recovered': True, 'conflict': False}, 'time': {'recovered': True, 'conflict': False}, 'date': {'recovered': True, 'conflict': False}, 'amount': {'recovered': True, 'conflict': False}, 'code': {'recovered': True, 'conflict': False}, 'negation': {'recovered': True, 'conflict': False}}",7,7,0.8238643581470563,12.48,0.0,/content/drive/MyDrive/DataForge/noise_grid_v2/outputs/05eca3e90a16aae6/clips/critical_07_baseline_r0_environment_2_10dB.wav,2ae3d84c9631313dc6d2c2a24e8c580829a6c21bbb1e3fb85d5605653539382e,/content/drive/MyDrive/DataForge/noise_masking/outputs/synthesis_cache/06c4d940de7e5f6d/1497892f821b23c16d3a3af18fddb0d460ad1cdca975af66879182a758ae3796.wav,3d3585be725b050b3d38c1b9c983095951e1084e70238d2fabd399a9127699cf,0.757781982421875,True,,1.0,HTTP WAV -> local PCMU roundtrip,after simulated phone codec,coda,celeste,https://users.rime.ai/v1/rime-tts,3.496561756340248,3.4877302941270205,2.7804365785148555
05eca3e90a16aae62993a4e8c0622498daf075b34cb0dd9342baad1fa1a946ce,critical_07_baseline_r0_environment_2_5dB,critical_07,dev,baseline,0,environment_2_5dB,environment_2,5.0,4.999999797456729,/content/drive/.shortcut-targets-by-id/1gvOi3VP1hvG6qL4dZhVl6iPKkjXSn32n/DataForge/data/musan/noise/free-sound/noise-free-sound-0131.wav,4c75a309561d719f6d0c34738b78912ac976aa854541c6452e4e34ffcaaa3e5e,0.0,False,environmental_noise,0.0838667840138316,0.0877999533061486,0.053889694297675,window_rms_no_wrap_v2,20ms_frames_within_40dB_of_peak_power_v1,8000,-41.499999901964,active speech / extracted noise-window RMS; no wrapping,"Priya Sen, your Tuesday appointment is at one twenty five p m, your payment of eighty dollars is due by November fifth, and your reference code is two eight four seven. Do not share the address.","Priya Sen, your Tuesday appointment is at 1.25 pm, your payment of $80 is due by November 5th, and your reference code is 2847. Do not share the address.",0.3333333333333333,1.0,"{'name': {'recovered': True, 'conflict': False}, 'day': {'recovered': True, 'conflict': False}, 'time': {'recovered': True, 'conflict': False}, 'date': {'recovered': True, 'conflict': False}, 'amount': {'recovered': True, 'conflict': False}, 'code': {'recovered': True, 'conflict': False}, 'negation': {'recovered': True, 'conflict': False}}",7,7,0.7642431121862245,12.48,0.0,/content/drive/MyDrive/DataForge/noise_grid_v2/outputs/05eca3e90a16aae6/clips/critical_07_baseline_r0_environment_2_5dB.wav,e6b0d3814cb31f3f77fa1de991905f4c17959049312c78b593e23732bfeed935,/content/drive/MyDrive/DataForge/noise_masking/outputs/synthesis_cache/06c4d940de7e5f6d/1497892f821b23c16d3a3af18fddb0d460ad1cdca975af66879182a758ae3796.wav,3d3585be725b050b3d38c1b9c983095951e1084e70238d2fabd399a9127699cf,0.757781982421875,True,,1.0,HTTP WAV -> local PCMU roundtrip,after simulated phone codec,coda,celeste,https://users.rime.ai/v1/rime-tts,3.492894111307744,3.1878685142330405,2.6267246106607445
05eca3e90a16aae62993a4e8c0622498daf075b34cb0dd9342baad1fa1a946ce,critical_07_baseline_r0_environment_2_0dB,critical_07,dev,baseline,0,environment_2_0dB,environment_2,0.0,1.2772384316266034e-07,/content/drive/.shortcut-targets-by-id/1gvOi3VP1hvG6qL4dZhVl6iPKkjXSn32n/DataForge/data/musan/noise/free-sound/noise-free-sound-0131.wav,4c75a309561d719f6d0c34738b78912ac976aa854541c6452e4e34ffcaaa3e5e,0.0,False,environmental_noise,0.0838667840138316,0.0877999533061486,0.0958309337828475,window_rms_no_wrap_v2,20ms_frames_within_40dB_of_peak_power_v1,8000,-41.499999901964,active speech / extracted noise-window RMS; no wrapping,"Priya Sen, your Tuesday appointment is at one twenty five p m, your payment of eighty dollars is due by November fifth, and your reference code is two eight four seven. Do not share the address.","Priya Sen, your Tuesday appointment is at 1.25 pm, your payment of $80 is due by November 5th, and your reference code is 2847. Do not share the address.",0.3333333333333333,1.0,"{'name': {'recovered': True, 'conflict': False}, 'day': {'recovered': True, 'conflict': False}, 'time': {'recovered': True, 'conflict': False}, 'date': {'recovered': True, 'conflict': False}, 'amount': {'recovered': True, 'conflict': False}, 'code': {'recovered': True, 'conflict': False}, 'negation': {'recovered': True, 'conflict': False}}",7,7,0.6834358415934619,12.48,0.0,/content/drive/MyDrive/DataForge/noise_grid_v2/outputs/05eca3e90a16aae6/clips/critical_07_baseline_r0_environment_2_0dB.wav,9248e8d9fdc15689f2d0455aca8d0483243755c1dd6d32dc6290d6a18305043d,/content/drive/MyDrive/DataForge/noise_masking/outputs/synthesis_cache/06c4d940de7e5f6d/1497892f821b23c16d3a3af18fddb0d460ad1cdca975af66879182a758ae3796.wav,3d3585be725b050b3d38c1b9c983095951e1084e70238d2fabd399a9127699cf,0.757781982421875,True,,1.0,HTTP WAV -> local PCMU roundtrip,after simulated phone codec,coda,celeste,https://users.rime.ai/v1/rime-tts,3.283307805629489,2.8109487384279257,2.378703572628254
05eca3e90a16aae62993a4e8c0622498daf075b34cb0dd9342baad1fa1a946ce,critical_07_baseline_r0_environment_2_-5dB,critical_07,dev,baseline,0,environment_2_-5dB,environment_2,-5.0,-5.000000160384848,/content/drive/.shortcut-targets-by-id/1gvOi3VP1hvG6qL4dZhVl6iPKkjXSn32n/DataForge/data/musan/noise/free-sound/noise-free-sound-0131.wav,4c75a309561d719f6d0c34738b78912ac976aa854541c6452e4e34ffcaaa3e5e,0.0,False,environmental_noise,0.0838667840138316,0.0877999533061486,0.1704141763908411,window_rms_no_wrap_v2,20ms_frames_within_40dB_of_peak_power_v1,8000,-41.499999901964,active speech / extracted noise-window RMS; no wrapping,"Priya Sen, your Tuesday appointment is at one twenty five p m, your payment of eighty dollars is due by November fifth, and your reference code is two eight four seven. Do not share the address.","Priya Sen, your Tuesday appointment is at 1.25pm, your payment of $80 is due by November 5th, and your reference code is 2847. Do not share the address.",0.3333333333333333,1.0,"{'name': {'recovered': True, 'conflict': False}, 'day': {'recovered': True, 'conflict': False}, 'time': {'recovered': True, 'conflict': False}, 'date': {'recovered': True, 'conflict': False}, 'amount': {'recovered': True, 'conflict': False}, 'code': {'recovered': True, 'conflict': False}, 'negation': {'recovered': True, 'conflict': False}}",7,7,0.5814453334382317,12.48,0.0,/content/drive/MyDrive/DataForge/noise_grid_v2/outputs/05eca3e90a16aae6/clips/critical_07_baseline_r0_environment_2_-5dB.wav,98cb6c660194e00506d60cbfad5c4d3d588a7851a5ae3acce034e2fa82f5040b,/content/drive/MyDrive/DataForge/noise_masking/outputs/synthesis_cache/06c4d940de7e5f6d/1497892f821b23c16d3a3af18fddb0d460ad1cdca975af66879182a758ae3796.wav,3d3585be725b050b3d38c1b9c983095951e1084e70238d2fabd399a9127699cf,0.757781982421875,True,,1.0,HTTP WAV -> local PCMU roundtrip,after simulated phone codec,coda,celeste,https://users.rime.ai/v1/rime-tts,1.375563730569811,1.3708645533804942,1.2485869052783432
05eca3e90a16aae62993a4e8c0622498daf075b34cb0dd9342baad1fa1a946ce,critical_06_baseline_r1_clean,critical_06,dev,baseline,1,clean,clean,,,,,,False,clean,,,,window_rms_no_wrap_v2,20ms_frames_within_40dB_of_peak_power_v1,8000,-41.50000010364609,active speech / extracted noise-window RMS; no wrapping,"Omar Reed, your Saturday appointment is at eleven fifty a m, your payment of fifty dollars is due by October twelfth, and your reference code is nine three five eight. Do not cancel the delivery.","Omar Reed, your Saturday appointment is at 11.50 a.m., your payment of $50 is due by October 12th, and your reference code is 9358. Do not cancel the delivery.",0.2571428571428571,1.0,"{'name': {'recovered': True, 'conflict': False}, 'day': {'recovered': True, 'conflict': False}, 'time': {'recovered': True, 'conflict': False}, 'date': {'recovered': True, 'conflict': False}, 'amount': {'recovered': True, 'conflict': False}, 'code': {'recovered': True, 'conflict': False}, 'negation': {'recovered': True, 'conflict': False}}",7,7,,12.56,0.0,/content/drive/MyDrive/DataForge/noise_grid_v2/outputs/05eca3e90a16aae6/clips/critical_06_baseline_r1_clean.wav,b2a53032116983c673f9482eb333c2df6be9ed8208fcf1555a8af4fce93d6b99,/content/drive/MyDrive/DataForge/noise_masking/outputs/synthesis_cache/06c4d940de7e5f6d/4d8ba00a9293d0119393c283e49eeaf7d97ac22c98511a70004dfbf2839c2bf7.wav,95f9a577de4005d9d0b21e1f4279fa9eccf1d80174f0ae426e28366e199acfd1,0.972625732421875,True,,1.0,HTTP WAV -> local PCMU roundtrip,after simulated phone codec,coda,celeste,https://users.rime.ai/v1/rime-tts,3.4753503439344127,4.149775567218368,3.150551667191324
05eca3e90a16aae62993a4e8c0622498daf075b34cb0dd9342baad1fa1a946ce,critical_06_baseline_r1_speech_1_15dB,critical_06,dev,baseline,1,speech_1_15dB,speech_1,15.0,15.000000195145082,/content/drive/.shortcut-targets-by-id/1gvOi3VP1hvG6qL4dZhVl6iPKkjXSn32n/DataForge/data/musan/speech/librivox/speech-librivox-0004.wav,76965f20b10ce0ed48beed1670d8c5ed81182a2bc797ed5e4d7dbe24c4c58ae8,0.0,False,competing_speech,0.0918381103595235,0.1003539779840865,0.0149095797525591,window_rms_no_wrap_v2,20ms_frames_within_40dB_of_peak_power_v1,8000,-41.50000010364609,active speech / extracted noise-window RMS; no wrapping,"Omar Reed, your Saturday appointment is at eleven fifty a m, your payment of fifty dollars is due by October twelfth, and your reference code is nine three five eight. Do not cancel the delivery.","Omar Reed, your Saturday appointment is at 11.50 a.m., your payment of $50 is due by October 12, and your reference code is 9358. Do not cancel the delivery.",0.2571428571428571,1.0,"{'name': {'recovered': True, 'conflict': False}, 'day': {'recovered': True, 'conflict': False}, 'time': {'recovered': True, 'conflict': False}, 'date': {'recovered': True, 'conflict': False}, 'amount': {'recovered': True, 'conflict': False}, 'code': {'recovered': True, 'conflict': False}, 'negation': {'recovered': True, 'conflict': False}}",7,7,0.8310231834962237,12.56,0.0,/content/drive/MyDrive/DataForge/noise_grid_v2/outputs/05eca3e90a16aae6/clips/critical_06_baseline_r1_speech_1_15dB.wav,2cedc5305597ce25541921a47b7487de22cdfdd4a3750a356bfb2f9f654a06d4,/content/drive/MyDrive/DataForge/noise_masking/outputs/synthesis_cache/06c4d940de7e5f6d/4d8ba00a9293d0119393c283e49eeaf7d97ac22c98511a70004dfbf2839c2bf7.wav,95f9a577de4005d9d0b21e1f4279fa9eccf1d80174f0ae426e28366e199acfd1,0.972625732421875,True,,1.0,HTTP WAV -> local PCMU roundtrip,after simulated phone codec,coda,celeste,https://users.rime.ai/v1/rime-tts,3.2981396766467324,3.728018772430688,2.717285705258681
05eca3e90a16aae62993a4e8c0622498daf075b34cb0dd9342baad1fa1a946ce,critical_06_baseline_r1_speech_1_10dB,critical_06,dev,baseline,1,speech_1_10dB,speech_1,10.0,9.999999715187595,/content/drive/.shortcut-targets-by-id/1gvOi3VP1hvG6qL4dZhVl6iPKkjXSn32n/DataForge/data/musan/speech/librivox/speech-librivox-0004.wav,76965f20b10ce0ed48beed1670d8c5ed81182a2bc797ed5e4d7dbe24c4c58ae8,0.0,False,competing_speech,0.0918381103595235,0.1003539779840865,0.0265133986863092,window_rms_no_wrap_v2,20ms_frames_within_40dB_of_peak_power_v1,8000,-41.50000010364609,active speech / extracted noise-window RMS; no wrapping,"Omar Reed, your Saturday appointment is at eleven fifty a m, your payment of fifty dollars is due by October twelfth, and your reference code is nine three five eight. Do not cancel the delivery.","Omar Reed, your Saturday appointment is at 11.50 a.m., your payment of $50 is due by October 12th, and your reference code is 9358. Do not cancel the delivery.",0.2571428571428571,1.0,"{'name': {'recovered': True, 'conflict': False}, 'day': {'recovered': True, 'conflict': False}, 'time': {'recovered': True, 'conflict': False}, 'date': {'recovered': True, 'conflict': False}, 'amount': {'recovered': True, 'conflict': False}, 'code': {'recovered': True, 'conflict': False}, 'negation': {'recovered': True, 'conflict': False}}",7,7,0.7471585043744201,12.56,0.0,/content/drive/MyDrive/DataForge/noise_grid_v2/outputs/05eca3e90a16aae6/clips/critical_06_baseline_r1_speech_1_10dB.wav,caafc699ba2f2ee37cc82c998e90a3edd9b3138442574886d62870b648f737ef,/content/drive/MyDrive/DataForge/noise_masking/outputs/synthesis_cache/06c4d940de7e5f6d/4d8ba00a9293d0119393c283e49eeaf7d97ac22c98511a70004dfbf2839c2bf7.wav,95f9a577de4005d9d0b21e1f4279fa9eccf1d80174f0ae426e28366e199acfd1,0.972625732421875,True,,1.0,HTTP WAV -> local PCMU roundtrip,after simulated phone codec,coda,celeste,https://users.rime.ai/v1/rime-tts,3.227091441197286,3.530199513792289,2.5473014301046986
05eca3e90a16aae62993a4e8c0622498daf075b34cb0dd9342baad1fa1a946ce,critical_06_baseline_r1_speech_1_5dB,critical_06,dev,baseline,1,speech_1_5dB,speech_1,5.0,4.9999999188130735,/content/drive/.shortcut-targets-by-id/1gvOi3VP1hvG6qL4dZhVl6iPKkjXSn32n/DataForge/data/musan/speech/librivox/speech-librivox-0004.wav,76965f20b10ce0ed48beed1670d8c5ed81182a2bc797ed5e4d7dbe24c4c58ae8,0.0,False,competing_speech,0.0918381103595235,0.1003539779840865,0.0471482309740166,window_rms_no_wrap_v2,20ms_frames_within_40dB_of_peak_power_v1,8000,-41.50000010364609,active speech / extracted noise-window RMS; no wrapping,"Omar Reed, your Saturday appointment is at eleven fifty a m, your payment of fifty dollars is due by October twelfth, and your reference code is nine three five eight. Do not cancel the delivery.","Omar Rees, your Saturday appointment is at 11.50am, your payment of $50 is due by October 12th and your reference code is 935A. Do not cancel the delivery.",0.3428571428571428,0.7142857142857143,"{'name': {'recovered': False, 'conflict': False}, 'day': {'recovered': True, 'conflict': False}, 'time': {'recovered': True, 'conflict': False}, 'date': {'recovered': True, 'conflict': False}, 'amount': {'recovered': True, 'conflict': False}, 'code': {'recovered': False, 'conflict': False}, 'negation': {'recovered': True, 'conflict': False}}",7,5,0.6498220698941933,12.56,0.0,/content/drive/MyDrive/DataForge/noise_grid_v2/outputs/05eca3e90a16aae6/clips/critical_06_baseline_r1_speech_1_5dB.wav,2632d67bd969ba5122bcb3364b526d32f31aed0f2f7570897cbbde1b404f5f97,/content/drive/MyDrive/DataForge/noise_masking/outputs/synthesis_cache/06c4d940de7e5f6d/4d8ba00a9293d0119393c283e49eeaf7d97ac22c98511a70004dfbf2839c2bf7.wav,95f9a577de4005d9d0b21e1f4279fa9eccf1d80174f0ae426e28366e199acfd1,0.972625732421875,True,,1.0,HTTP WAV -> local PCMU roundtrip,after simulated phone codec,coda,celeste,https://users.rime.ai/v1/rime-tts,3.1831408272645625,3.1825069606446106,2.37582477038247
05eca3e90a16aae62993a4e8c0622498daf075b34cb0dd9342baad1fa1a946ce,critical_06_baseline_r1_speech_1_0dB,critical_06,dev,baseline,1,speech_1_0dB,speech_1,0.0,-3.783480208454373e-07,/content/drive/.shortcut-targets-by-id/1gvOi3VP1hvG6qL4dZhVl6iPKkjXSn32n/DataForge/data/musan/speech/librivox/speech-librivox-0004.wav,76965f20b10ce0ed48beed1670d8c5ed81182a2bc797ed5e4d7dbe24c4c58ae8,0.0,False,competing_speech,0.0918381103595235,0.1003539779840865,0.0838427283608532,window_rms_no_wrap_v2,20ms_frames_within_40dB_of_peak_power_v1,8000,-41.50000010364609,active speech / extracted noise-window RMS; no wrapping,"Omar Reed, your Saturday appointment is at eleven fifty a m, your payment of fifty dollars is due by October twelfth, and your reference code is nine three five eight. Do not cancel the delivery.","Omar, your Saturday appointment is at 11.50 a.m., your payment of $50 is issued by October 12, and your reference code is 9358. Do not cancel the delivery.",0.3142857142857143,0.8571428571428571,"{'name': {'recovered': False, 'conflict': False}, 'day': {'recovered': True, 'conflict': False}, 'time': {'recovered': True, 'conflict': False}, 'date': {'recovered': True, 'conflict': False}, 'amount': {'recovered': True, 'conflict': False}, 'code': {'recovered': True, 'conflict': False}, 'negation': {'recovered': True, 'conflict': False}}",7,6,0.5490770760623307,12.56,0.0,/content/drive/MyDrive/DataForge/noise_grid_v2/outputs/05eca3e90a16aae6/clips/critical_06_baseline_r1_speech_1_0dB.wav,b85aaff8e7d6bc95ac07820d4760fd96c66872c7f91eb312d9b763a4ac7f06ff,/content/drive/MyDrive/DataForge/noise_masking/outputs/synthesis_cache/06c4d940de7e5f6d/4d8ba00a9293d0119393c283e49eeaf7d97ac22c98511a70004dfbf2839c2bf7.wav,95f9a577de4005d9d0b21e1f4279fa9eccf1d80174f0ae426e28366e199acfd1,0.972625732421875,True,,1.0,HTTP WAV -> local PCMU roundtrip,after simulated phone codec,coda,celeste,https://users.rime.ai/v1/rime-tts,3.178845532629127,3.019032556577347,2.350891159026243
05eca3e90a16aae62993a4e8c0622498daf075b34cb0dd9342baad1fa1a946ce,critical_06_baseline_r1_speech_1_-5dB,critical_06,dev,baseline,1,speech_1_-5dB,speech_1,-5.0,-5.00000034941436,/content/drive/.shortcut-targets-by-id/1gvOi3VP1hvG6qL4dZhVl6iPKkjXSn32n/DataForge/data/musan/speech/librivox/speech-librivox-0004.wav,76965f20b10ce0ed48beed1670d8c5ed81182a2bc797ed5e4d7dbe24c4c58ae8,0.0,False,competing_speech,0.0918381103595235,0.1003539779840865,0.1490957975255918,window_rms_no_wrap_v2,20ms_frames_within_40dB_of_peak_power_v1,8000,-41.50000010364609,active speech / extracted noise-window RMS; no wrapping,"Omar Reed, your Saturday appointment is at eleven fifty a m, your payment of fifty dollars is due by October twelfth, and your reference code is nine three five eight. Do not cancel the delivery.","On my leave, the Saturday appointment is at 11.60 a.m. The receipt of $50 is by October 12th and the reference code is 935. Do not cancel the delivery.",0.4857142857142857,0.5714285714285714,"{'name': {'recovered': False, 'conflict': False}, 'day': {'recovered': True, 'conflict': False}, 'time': {'recovered': False, 'conflict': False}, 'date': {'recovered': True, 'conflict': False}, 'amount': {'recovered': True, 'conflict': False}, 'code': {'recovered': False, 'conflict': False}, 'negation': {'recovered': True, 'conflict': False}}",7,4,0.4489324352710738,12.56,0.0,/content/drive/MyDrive/DataForge/noise_grid_v2/outputs/05eca3e90a16aae6/clips/critical_06_baseline_r1_speech_1_-5dB.wav,c1eb3aa76cb6fa8a9fc13df5a639185499881abe9f4471d4652892372f1e3eeb,/content/drive/MyDrive/DataForge/noise_masking/outputs/synthesis_cache/06c4d940de7e5f6d/4d8ba00a9293d0119393c283e49eeaf7d97ac22c98511a70004dfbf2839c2bf7.wav,95f9a577de4005d9d0b21e1f4279fa9eccf1d80174f0ae426e28366e199acfd1,0.972625732421875,True,,1.0,HTTP WAV -> local PCMU roundtrip,after simulated phone codec,coda,celeste,https://users.rime.ai/v1/rime-tts,3.2810802791562046,3.134975107065684,2.5152691200184467
05eca3e90a16aae62993a4e8c0622498daf075b34cb0dd9342baad1fa1a946ce,critical_06_baseline_r1_speech_2_15dB,critical_06,dev,baseline,1,speech_2_15dB,speech_2,15.0,15.00000013867198,/content/drive/.shortcut-targets-by-id/1gvOi3VP1hvG6qL4dZhVl6iPKkjXSn32n/DataForge/data/musan/speech/librivox/speech-librivox-0003.wav,8c1370aaca2843057072ded459deb739413910e7a2c5a1f21d3e04c2b3fe4c6b,0.0,False,competing_speech,0.0861615546950171,0.0931744207403285,0.016058437781011,window_rms_no_wrap_v2,20ms_frames_within_40dB_of_peak_power_v1,8000,-41.50000010364609,active speech / extracted noise-window RMS; no wrapping,"Omar Reed, your Saturday appointment is at eleven fifty a m, your payment of fifty dollars is due by October twelfth, and your reference code is nine three five eight. Do not cancel the delivery.","Omar Reed, your Saturday appointment is at 11.50 am, your payment of $50 is due by October 12, and your reference code is 9358. Do not cancel the delivery.",0.3142857142857143,1.0,"{'name': {'recovered': True, 'conflict': False}, 'day': {'recovered': True, 'conflict': False}, 'time': {'recovered': True, 'conflict': False}, 'date': {'recovered': True, 'conflict': False}, 'amount': {'recovered': True, 'conflict': False}, 'code': {'recovered': True, 'conflict': False}, 'negation': {'recovered': True, 'conflict': False}}",7,7,0.8207692271362615,12.56,0.0,/content/drive/MyDrive/DataForge/noise_grid_v2/outputs/05eca3e90a16aae6/clips/critical_06_baseline_r1_speech_2_15dB.wav,ddb9aafd61b05e3231194df0dc54cae5bc9d92f7d58deae6a1554c045b1a2071,/content/drive/MyDrive/DataForge/noise_masking/outputs/synthesis_cache/06c4d940de7e5f6d/4d8ba00a9293d0119393c283e49eeaf7d97ac22c98511a70004dfbf2839c2bf7.wav,95f9a577de4005d9d0b21e1f4279fa9eccf1d80174f0ae426e28366e199acfd1,0.972625732421875,True,,1.0,HTTP WAV -> local PCMU roundtrip,after simulated phone codec,coda,celeste,https://users.rime.ai/v1/rime-tts,3.4524345530459364,4.017796327627079,3.0505185001617017
05eca3e90a16aae62993a4e8c0622498daf075b34cb0dd9342baad1fa1a946ce,critical_06_baseline_r1_speech_2_10dB,critical_06,dev,baseline,1,speech_2_10dB,speech_2,10.0,9.999999855651067,/content/drive/.shortcut-targets-by-id/1gvOi3VP1hvG6qL4dZhVl6iPKkjXSn32n/DataForge/data/musan/speech/librivox/speech-librivox-0003.wav,8c1370aaca2843057072ded459deb739413910e7a2c5a1f21d3e04c2b3fe4c6b,0.0,False,competing_speech,0.0861615546950171,0.0931744207403285,0.0285563892633629,window_rms_no_wrap_v2,20ms_frames_within_40dB_of_peak_power_v1,8000,-41.50000010364609,active speech / extracted noise-window RMS; no wrapping,"Omar Reed, your Saturday appointment is at eleven fifty a m, your payment of fifty dollars is due by October twelfth, and your reference code is nine three five eight. Do not cancel the delivery.","Omar Reed, your Saturday appointment is at 11.50 am, your payment of $50 is due by October 12, and your reference code is 9358. Do not cancel the delivery.",0.3142857142857143,1.0,"{'name': {'recovered': True, 'conflict': False}, 'day': {'recovered': True, 'conflict': False}, 'time': {'recovered': True, 'conflict': False}, 'date': {'recovered': True, 'conflict': False}, 'amount': {'recovered': True, 'conflict': False}, 'code': {'recovered': True, 'conflict': False}, 'negation': {'recovered': True, 'conflict': False}}",7,7,0.7543937276315648,12.56,0.0,/content/drive/MyDrive/DataForge/noise_grid_v2/outputs/05eca3e90a16aae6/clips/critical_06_baseline_r1_speech_2_10dB.wav,b6786ce432e67baabc1809f7a0057526eaa9f05a8feee596d5858ec775de7999,/content/drive/MyDrive/DataForge/noise_masking/outputs/synthesis_cache/06c4d940de7e5f6d/4d8ba00a9293d0119393c283e49eeaf7d97ac22c98511a70004dfbf2839c2bf7.wav,95f9a577de4005d9d0b21e1f4279fa9eccf1d80174f0ae426e28366e199acfd1,0.972625732421875,True,,1.0,HTTP WAV -> local PCMU roundtrip,after simulated phone codec,coda,celeste,https://users.rime.ai/v1/rime-tts,3.400137658227356,3.9259099653540286,2.95467980713158
05eca3e90a16aae62993a4e8c0622498daf075b34cb0dd9342baad1fa1a946ce,critical_06_baseline_r1_speech_2_5dB,critical_06,dev,baseline,1,speech_2_5dB,speech_2,5.0,5.0000000411117975,/content/drive/.shortcut-targets-by-id/1gvOi3VP1hvG6qL4dZhVl6iPKkjXSn32n/DataForge/data/musan/speech/librivox/speech-librivox-0003.wav,8c1370aaca2843057072ded459deb739413910e7a2c5a1f21d3e04c2b3fe4c6b,0.0,False,competing_speech,0.0861615546950171,0.0931744207403285,0.0507812390520949,window_rms_no_wrap_v2,20ms_frames_within_40dB_of_peak_power_v1,8000,-41.50000010364609,active speech / extracted noise-window RMS; no wrapping,"Omar Reed, your Saturday appointment is at eleven fifty a m, your payment of fifty dollars is due by October twelfth, and your reference code is nine three five eight. Do not cancel the delivery.","Omar Reed, your Saturday appointment is at 11.50am, your payment of $50 is due by October 12th, and your reference code is 9358. Do not cancel the delivery.",0.3142857142857143,1.0,"{'name': {'recovered': True, 'conflict': False}, 'day': {'recovered': True, 'conflict': False}, 'time': {'recovered': True, 'conflict': False}, 'date': {'recovered': True, 'conflict': False}, 'amount': {'recovered': True, 'conflict': False}, 'code': {'recovered': True, 'conflict': False}, 'negation': {'recovered': True, 'conflict': False}}",7,7,0.6811070614658051,12.56,0.0,/content/drive/MyDrive/DataForge/noise_grid_v2/outputs/05eca3e90a16aae6/clips/critical_06_baseline_r1_speech_2_5dB.wav,df7bcb717eea399745d478ff3933b4334419f792d044d341af4a4c9db7f82db0,/content/drive/MyDrive/DataForge/noise_masking/outputs/synthesis_cache/06c4d940de7e5f6d/4d8ba00a9293d0119393c283e49eeaf7d97ac22c98511a70004dfbf2839c2bf7.wav,95f9a577de4005d9d0b21e1f4279fa9eccf1d80174f0ae426e28366e199acfd1,0.972625732421875,True,,1.0,HTTP WAV -> local PCMU roundtrip,after simulated phone codec,coda,celeste,https://users.rime.ai/v1/rime-tts,3.3573953191480923,3.583134696479377,2.749680471669767
05eca3e90a16aae62993a4e8c0622498daf075b34cb0dd9342baad1fa1a946ce,critical_06_baseline_r1_speech_2_0dB,critical_06,dev,baseline,1,speech_2_0dB,speech_2,0.0,-2.820933114178587e-07,/content/drive/.shortcut-targets-by-id/1gvOi3VP1hvG6qL4dZhVl6iPKkjXSn32n/DataForge/data/musan/speech/librivox/speech-librivox-0003.wav,8c1370aaca2843057072ded459deb739413910e7a2c5a1f21d3e04c2b3fe4c6b,0.0,False,competing_speech,0.0861615546950171,0.0931744207403285,0.0903032318226049,window_rms_no_wrap_v2,20ms_frames_within_40dB_of_peak_power_v1,8000,-41.50000010364609,active speech / extracted noise-window RMS; no wrapping,"Omar Reed, your Saturday appointment is at eleven fifty a m, your payment of fifty dollars is due by October twelfth, and your reference code is nine three five eight. Do not cancel the delivery.","Omar Reed, your Saturday appointment is at 11.50am, your payment is $50.00 in due by October 12th, and your reference code is 9358. Do not cancel the delivery.",0.3714285714285714,1.0,"{'name': {'recovered': True, 'conflict': False}, 'day': {'recovered': True, 'conflict': False}, 'time': {'recovered': True, 'conflict': False}, 'date': {'recovered': True, 'conflict': False}, 'amount': {'recovered': True, 'conflict': False}, 'code': {'recovered': True, 'conflict': False}, 'negation': {'recovered': True, 'conflict': False}}",7,7,0.603376088881694,12.56,0.0,/content/drive/MyDrive/DataForge/noise_grid_v2/outputs/05eca3e90a16aae6/clips/critical_06_baseline_r1_speech_2_0dB.wav,95bb3fec4651e44ee5c67995a5f98795e43b9f39584c1006ad1f084bff80155a,/content/drive/MyDrive/DataForge/noise_masking/outputs/synthesis_cache/06c4d940de7e5f6d/4d8ba00a9293d0119393c283e49eeaf7d97ac22c98511a70004dfbf2839c2bf7.wav,95f9a577de4005d9d0b21e1f4279fa9eccf1d80174f0ae426e28366e199acfd1,0.972625732421875,True,,1.0,HTTP WAV -> local PCMU roundtrip,after simulated phone codec,coda,celeste,https://users.rime.ai/v1/rime-tts,3.360498061548584,3.2258127506607077,2.6070489806326616
05eca3e90a16aae62993a4e8c0622498daf075b34cb0dd9342baad1fa1a946ce,critical_06_baseline_r1_speech_2_-5dB,critical_06,dev,baseline,1,speech_2_-5dB,speech_2,-5.0,-4.999999860851662,/content/drive/.shortcut-targets-by-id/1gvOi3VP1hvG6qL4dZhVl6iPKkjXSn32n/DataForge/data/musan/speech/librivox/speech-librivox-0003.wav,8c1370aaca2843057072ded459deb739413910e7a2c5a1f21d3e04c2b3fe4c6b,0.0,False,competing_speech,0.0861615546950171,0.0931744207403285,0.1605843778101099,window_rms_no_wrap_v2,20ms_frames_within_40dB_of_peak_power_v1,8000,-41.50000010364609,active speech / extracted noise-window RMS; no wrapping,"Omar Reed, your Saturday appointment is at eleven fifty a m, your payment of fifty dollars is due by October twelfth, and your reference code is nine three five eight. Do not cancel the delivery.","Omar Reed, your strategy is pointing out that at 11.50 a.m. your payment at $50 is due by October 12th and your reference code is 9358. Do not sample the delivery.",0.4571428571428571,0.7142857142857143,"{'name': {'recovered': True, 'conflict': False}, 'day': {'recovered': False, 'conflict': False}, 'time': {'recovered': True, 'conflict': False}, 'date': {'recovered': True, 'conflict': False}, 'amount': {'recovered': True, 'conflict': False}, 'code': {'recovered': True, 'conflict': False}, 'negation': {'recovered': False, 'conflict': False}}",7,5,0.5273474566979073,12.56,0.0,/content/drive/MyDrive/DataForge/noise_grid_v2/outputs/05eca3e90a16aae6/clips/critical_06_baseline_r1_speech_2_-5dB.wav,adfae87017a0f2f3a788614493904dac00e590d51cb8c0967608c53aa0b28994,/content/drive/MyDrive/DataForge/noise_masking/outputs/synthesis_cache/06c4d940de7e5f6d/4d8ba00a9293d0119393c283e49eeaf7d97ac22c98511a70004dfbf2839c2bf7.wav,95f9a577de4005d9d0b21e1f4279fa9eccf1d80174f0ae426e28366e199acfd1,0.972625732421875,True,,1.0,HTTP WAV -> local PCMU roundtrip,after simulated phone codec,coda,celeste,https://users.rime.ai/v1/rime-tts,3.469387224966194,3.424412787603868,2.8246760556556376
05eca3e90a16aae62993a4e8c0622498daf075b34cb0dd9342baad1fa1a946ce,critical_06_baseline_r1_environment_1_15dB,critical_06,dev,baseline,1,environment_1_15dB,environment_1,15.0,14.99999990961671,/content/drive/.shortcut-targets-by-id/1gvOi3VP1hvG6qL4dZhVl6iPKkjXSn32n/DataForge/data/musan/noise/free-sound/noise-free-sound-0397.wav,381b7347876f96d6a287a55e578b9ac8f3e5d2fa4ac35d9fb7a9a52c2bdbce24,0.0,False,environmental_noise,0.0127726895944802,0.0154065811578069,0.0971166557274855,window_rms_no_wrap_v2,20ms_frames_within_40dB_of_peak_power_v1,8000,-41.50000010364609,active speech / extracted noise-window RMS; no wrapping,"Omar Reed, your Saturday appointment is at eleven fifty a m, your payment of fifty dollars is due by October twelfth, and your reference code is nine three five eight. Do not cancel the delivery.","Omar Reed, your Saturday appointment is at 11.50 a.m., your payment of $50 is due by October 12, and your reference code is 9358. Do not cancel the delivery.",0.2571428571428571,1.0,"{'name': {'recovered': True, 'conflict': False}, 'day': {'recovered': True, 'conflict': False}, 'time': {'recovered': True, 'conflict': False}, 'date': {'recovered': True, 'conflict': False}, 'amount': {'recovered': True, 'conflict': False}, 'code': {'recovered': True, 'conflict': False}, 'negation': {'recovered': True, 'conflict': False}}",7,7,0.8341948856551564,12.56,0.0,/content/drive/MyDrive/DataForge/noise_grid_v2/outputs/05eca3e90a16aae6/clips/critical_06_baseline_r1_environment_1_15dB.wav,fb9d530f33d179fc4cae122c86127b2078c7c46e1eafa64ecc3e3bce989d9441,/content/drive/MyDrive/DataForge/noise_masking/outputs/synthesis_cache/06c4d940de7e5f6d/4d8ba00a9293d0119393c283e49eeaf7d97ac22c98511a70004dfbf2839c2bf7.wav,95f9a577de4005d9d0b21e1f4279fa9eccf1d80174f0ae426e28366e199acfd1,0.972625732421875,True,,1.0,HTTP WAV -> local PCMU roundtrip,after simulated phone codec,coda,celeste,https://users.rime.ai/v1/rime-tts,3.420185425657433,3.46788802924099,2.6932067839725686
05eca3e90a16aae62993a4e8c0622498daf075b34cb0dd9342baad1fa1a946ce,critical_06_baseline_r1_environment_1_10dB,critical_06,dev,baseline,1,environment_1_10dB,environment_1,10.0,9.999999732126485,/content/drive/.shortcut-targets-by-id/1gvOi3VP1hvG6qL4dZhVl6iPKkjXSn32n/DataForge/data/musan/noise/free-sound/noise-free-sound-0397.wav,381b7347876f96d6a287a55e578b9ac8f3e5d2fa4ac35d9fb7a9a52c2bdbce24,0.0,False,environmental_noise,0.0127726895944802,0.0154065811578069,0.1727005492520261,window_rms_no_wrap_v2,20ms_frames_within_40dB_of_peak_power_v1,8000,-41.50000010364609,active speech / extracted noise-window RMS; no wrapping,"Omar Reed, your Saturday appointment is at eleven fifty a m, your payment of fifty dollars is due by October twelfth, and your reference code is nine three five eight. Do not cancel the delivery.","Omar Reed, your Saturday appointment is at 11.50am, your payment of $50 is due by October 12th and your reference code is 9358. Do not cancel the delivery.",0.3142857142857143,1.0,"{'name': {'recovered': True, 'conflict': False}, 'day': {'recovered': True, 'conflict': False}, 'time': {'recovered': True, 'conflict': False}, 'date': {'recovered': True, 'conflict': False}, 'amount': {'recovered': True, 'conflict': False}, 'code': {'recovered': True, 'conflict': False}, 'negation': {'recovered': True, 'conflict': False}}",7,7,0.7714598272529284,12.56,0.0,/content/drive/MyDrive/DataForge/noise_grid_v2/outputs/05eca3e90a16aae6/clips/critical_06_baseline_r1_environment_1_10dB.wav,f5ad810984b3a967092f0d5d19a333fe6ce8c7239cf90407d3497a4cf0242d88,/content/drive/MyDrive/DataForge/noise_masking/outputs/synthesis_cache/06c4d940de7e5f6d/4d8ba00a9293d0119393c283e49eeaf7d97ac22c98511a70004dfbf2839c2bf7.wav,95f9a577de4005d9d0b21e1f4279fa9eccf1d80174f0ae426e28366e199acfd1,0.972625732421875,True,,1.0,HTTP WAV -> local PCMU roundtrip,after simulated phone codec,coda,celeste,https://users.rime.ai/v1/rime-tts,3.413654377273498,3.1737035410436443,2.530206239423924
05eca3e90a16aae62993a4e8c0622498daf075b34cb0dd9342baad1fa1a946ce,critical_06_baseline_r1_environment_1_5dB,critical_06,dev,baseline,1,environment_1_5dB,environment_1,5.0,4.999999953032433,/content/drive/.shortcut-targets-by-id/1gvOi3VP1hvG6qL4dZhVl6iPKkjXSn32n/DataForge/data/musan/noise/free-sound/noise-free-sound-0397.wav,381b7347876f96d6a287a55e578b9ac8f3e5d2fa4ac35d9fb7a9a52c2bdbce24,0.0,False,environmental_noise,0.0127726895944802,0.0154065811578069,0.307109830837291,window_rms_no_wrap_v2,20ms_frames_within_40dB_of_peak_power_v1,8000,-41.50000010364609,active speech / extracted noise-window RMS; no wrapping,"Omar Reed, your Saturday appointment is at eleven fifty a m, your payment of fifty dollars is due by October twelfth, and your reference code is nine three five eight. Do not cancel the delivery.","Omar Reed, your Saturday appointment is at 11.50 a.m., your payment of $50 is due by October 12, and your reference code is 9358. Do not cancel the delivery.",0.2571428571428571,1.0,"{'name': {'recovered': True, 'conflict': False}, 'day': {'recovered': True, 'conflict': False}, 'time': {'recovered': True, 'conflict': False}, 'date': {'recovered': True, 'conflict': False}, 'amount': {'recovered': True, 'conflict': False}, 'code': {'recovered': True, 'conflict': False}, 'negation': {'recovered': True, 'conflict': False}}",7,7,0.7005154068292575,12.56,0.0,/content/drive/MyDrive/DataForge/noise_grid_v2/outputs/05eca3e90a16aae6/clips/critical_06_baseline_r1_environment_1_5dB.wav,e0c19d5721c6ee92f09fae5e06071e1e305382aa681051ed9e450aa2b013d9cd,/content/drive/MyDrive/DataForge/noise_masking/outputs/synthesis_cache/06c4d940de7e5f6d/4d8ba00a9293d0119393c283e49eeaf7d97ac22c98511a70004dfbf2839c2bf7.wav,95f9a577de4005d9d0b21e1f4279fa9eccf1d80174f0ae426e28366e199acfd1,0.972625732421875,True,,1.0,HTTP WAV -> local PCMU roundtrip,after simulated phone codec,coda,celeste,https://users.rime.ai/v1/rime-tts,3.382663236715277,2.9039063313087663,2.375450843493823
05eca3e90a16aae62993a4e8c0622498daf075b34cb0dd9342baad1fa1a946ce,critical_06_baseline_r1_environment_1_0dB,critical_06,dev,baseline,1,environment_1_0dB,environment_1,0.0,1.0351597043353733e-07,/content/drive/.shortcut-targets-by-id/1gvOi3VP1hvG6qL4dZhVl6iPKkjXSn32n/DataForge/data/musan/noise/free-sound/noise-free-sound-0397.wav,381b7347876f96d6a287a55e578b9ac8f3e5d2fa4ac35d9fb7a9a52c2bdbce24,0.0,False,environmental_noise,0.0127726895944802,0.0154065811578069,0.5461270887984914,window_rms_no_wrap_v2,20ms_frames_within_40dB_of_peak_power_v1,8000,-41.50000010364609,active speech / extracted noise-window RMS; no wrapping,"Omar Reed, your Saturday appointment is at eleven fifty a m, your payment of fifty dollars is due by October twelfth, and your reference code is nine three five eight. Do not cancel the delivery.","Omar Reed, your Saturday appointment is at 11.50 a.m., your payment is $50 is due by October 12, and your reference code is 9358. Do not cancel the delivery.",0.2857142857142857,1.0,"{'name': {'recovered': True, 'conflict': False}, 'day': {'recovered': True, 'conflict': False}, 'time': {'recovered': True, 'conflict': False}, 'date': {'recovered': True, 'conflict': False}, 'amount': {'recovered': True, 'conflict': False}, 'code': {'recovered': True, 'conflict': False}, 'negation': {'recovered': True, 'conflict': False}}",7,7,0.6250847299161955,12.56,0.0,/content/drive/MyDrive/DataForge/noise_grid_v2/outputs/05eca3e90a16aae6/clips/critical_06_baseline_r1_environment_1_0dB.wav,01820b53d74decb53d365038171dfbaf585eea033dbd40d5d136d6520779267f,/content/drive/MyDrive/DataForge/noise_masking/outputs/synthesis_cache/06c4d940de7e5f6d/4d8ba00a9293d0119393c283e49eeaf7d97ac22c98511a70004dfbf2839c2bf7.wav,95f9a577de4005d9d0b21e1f4279fa9eccf1d80174f0ae426e28366e199acfd1,0.972625732421875,True,,1.0,HTTP WAV -> local PCMU roundtrip,after simulated phone codec,coda,celeste,https://users.rime.ai/v1/rime-tts,3.2775840192956505,2.49417209445849,2.1909292483959537
05eca3e90a16aae62993a4e8c0622498daf075b34cb0dd9342baad1fa1a946ce,critical_06_baseline_r1_environment_1_-5dB,critical_06,dev,baseline,1,environment_1_-5dB,environment_1,-5.0,-4.99999992369231,/content/drive/.shortcut-targets-by-id/1gvOi3VP1hvG6qL4dZhVl6iPKkjXSn32n/DataForge/data/musan/noise/free-sound/noise-free-sound-0397.wav,381b7347876f96d6a287a55e578b9ac8f3e5d2fa4ac35d9fb7a9a52c2bdbce24,0.0,False,environmental_noise,0.0127726895944802,0.0154065811578069,0.9711665572748556,window_rms_no_wrap_v2,20ms_frames_within_40dB_of_peak_power_v1,8000,-41.50000010364609,active speech / extracted noise-window RMS; no wrapping,"Omar Reed, your Saturday appointment is at eleven fifty a m, your payment of fifty dollars is due by October twelfth, and your reference code is nine three five eight. Do not cancel the delivery.","Omar Reed, your Saturday appointment is at 11.50am, your payment is $50 is due by October 12th and your reference code is 9358. Do not cancel the delivery.",0.3428571428571428,1.0,"{'name': {'recovered': True, 'conflict': False}, 'day': {'recovered': True, 'conflict': False}, 'time': {'recovered': True, 'conflict': False}, 'date': {'recovered': True, 'conflict': False}, 'amount': {'recovered': True, 'conflict': False}, 'code': {'recovered': True, 'conflict': False}, 'negation': {'recovered': True, 'conflict': False}}",7,7,0.5462508581311084,12.56,0.0,/content/drive/MyDrive/DataForge/noise_grid_v2/outputs/05eca3e90a16aae6/clips/critical_06_baseline_r1_environment_1_-5dB.wav,ace55ae2e60a926eeaac4ee37169d6f95c3242c9ad1f9e32476b17bf5104d422,/content/drive/MyDrive/DataForge/noise_masking/outputs/synthesis_cache/06c4d940de7e5f6d/4d8ba00a9293d0119393c283e49eeaf7d97ac22c98511a70004dfbf2839c2bf7.wav,95f9a577de4005d9d0b21e1f4279fa9eccf1d80174f0ae426e28366e199acfd1,0.972625732421875,True,,1.0,HTTP WAV -> local PCMU roundtrip,after simulated phone codec,coda,celeste,https://users.rime.ai/v1/rime-tts,3.069366753250554,2.1761260465784336,2.049138366577621
05eca3e90a16aae62993a4e8c0622498daf075b34cb0dd9342baad1fa1a946ce,critical_06_baseline_r1_environment_2_15dB,critical_06,dev,baseline,1,environment_2_15dB,environment_2,15.0,14.999999538647872,/content/drive/.shortcut-targets-by-id/1gvOi3VP1hvG6qL4dZhVl6iPKkjXSn32n/DataForge/data/musan/noise/free-sound/noise-free-sound-0131.wav,4c75a309561d719f6d0c34738b78912ac976aa854541c6452e4e34ffcaaa3e5e,0.0,False,environmental_noise,0.0838667840138316,0.0875310441465979,0.0170937711623135,window_rms_no_wrap_v2,20ms_frames_within_40dB_of_peak_power_v1,8000,-41.50000010364609,active speech / extracted noise-window RMS; no wrapping,"Omar Reed, your Saturday appointment is at eleven fifty a m, your payment of fifty dollars is due by October twelfth, and your reference code is nine three five eight. Do not cancel the delivery.","Omar Reed, your Saturday appointment is at 11.50 a.m., your payment of $50 is due by October 12th, and your reference code is 9358. Do not cancel the delivery.",0.2571428571428571,1.0,"{'name': {'recovered': True, 'conflict': False}, 'day': {'recovered': True, 'conflict': False}, 'time': {'recovered': True, 'conflict': False}, 'date': {'recovered': True, 'conflict': False}, 'amount': {'recovered': True, 'conflict': False}, 'code': {'recovered': True, 'conflict': False}, 'negation': {'recovered': True, 'conflict': False}}",7,7,0.9008544734504288,12.56,0.0,/content/drive/MyDrive/DataForge/noise_grid_v2/outputs/05eca3e90a16aae6/clips/critical_06_baseline_r1_environment_2_15dB.wav,7ac3201bb416e9e458fcbc958964c2e4de4380baa5395b4e6bbdbc997c1cf9e0,/content/drive/MyDrive/DataForge/noise_masking/outputs/synthesis_cache/06c4d940de7e5f6d/4d8ba00a9293d0119393c283e49eeaf7d97ac22c98511a70004dfbf2839c2bf7.wav,95f9a577de4005d9d0b21e1f4279fa9eccf1d80174f0ae426e28366e199acfd1,0.972625732421875,True,,1.0,HTTP WAV -> local PCMU roundtrip,after simulated phone codec,coda,celeste,https://users.rime.ai/v1/rime-tts,3.410944217842601,3.5254760293130327,2.6924388418913856
05eca3e90a16aae62993a4e8c0622498daf075b34cb0dd9342baad1fa1a946ce,critical_06_baseline_r1_environment_2_10dB,critical_06,dev,baseline,1,environment_2_10dB,environment_2,10.0,10.000000129132813,/content/drive/.shortcut-targets-by-id/1gvOi3VP1hvG6qL4dZhVl6iPKkjXSn32n/DataForge/data/musan/noise/free-sound/noise-free-sound-0131.wav,4c75a309561d719f6d0c34738b78912ac976aa854541c6452e4e34ffcaaa3e5e,0.0,False,environmental_noise,0.0838667840138316,0.0875310441465979,0.0303975012978592,window_rms_no_wrap_v2,20ms_frames_within_40dB_of_peak_power_v1,8000,-41.50000010364609,active speech / extracted noise-window RMS; no wrapping,"Omar Reed, your Saturday appointment is at eleven fifty a m, your payment of fifty dollars is due by October twelfth, and your reference code is nine three five eight. Do not cancel the delivery.","Omar Reed, your Saturday appointment is at 11.50 a.m., your payment of $50 is due by October 12th, and your reference code is 9358. Do not cancel the delivery.",0.2571428571428571,1.0,"{'name': {'recovered': True, 'conflict': False}, 'day': {'recovered': True, 'conflict': False}, 'time': {'recovered': True, 'conflict': False}, 'date': {'recovered': True, 'conflict': False}, 'amount': {'recovered': True, 'conflict': False}, 'code': {'recovered': True, 'conflict': False}, 'negation': {'recovered': True, 'conflict': False}}",7,7,0.8533937144313052,12.56,0.0,/content/drive/MyDrive/DataForge/noise_grid_v2/outputs/05eca3e90a16aae6/clips/critical_06_baseline_r1_environment_2_10dB.wav,403b6a246b7478d5ac7cc7815f48a2f25a94e75a4b315f1183a033202e1a166f,/content/drive/MyDrive/DataForge/noise_masking/outputs/synthesis_cache/06c4d940de7e5f6d/4d8ba00a9293d0119393c283e49eeaf7d97ac22c98511a70004dfbf2839c2bf7.wav,95f9a577de4005d9d0b21e1f4279fa9eccf1d80174f0ae426e28366e199acfd1,0.972625732421875,True,,1.0,HTTP WAV -> local PCMU roundtrip,after simulated phone codec,coda,celeste,https://users.rime.ai/v1/rime-tts,3.435884233183698,3.347732986447608,2.6165245579106324
05eca3e90a16aae62993a4e8c0622498daf075b34cb0dd9342baad1fa1a946ce,critical_06_baseline_r1_environment_2_5dB,critical_06,dev,baseline,1,environment_2_5dB,environment_2,5.0,4.99999991576518,/content/drive/.shortcut-targets-by-id/1gvOi3VP1hvG6qL4dZhVl6iPKkjXSn32n/DataForge/data/musan/noise/free-sound/noise-free-sound-0131.wav,4c75a309561d719f6d0c34738b78912ac976aa854541c6452e4e34ffcaaa3e5e,0.0,False,environmental_noise,0.0838667840138316,0.0875310441465979,0.0540552506746144,window_rms_no_wrap_v2,20ms_frames_within_40dB_of_peak_power_v1,8000,-41.50000010364609,active speech / extracted noise-window RMS; no wrapping,"Omar Reed, your Saturday appointment is at eleven fifty a m, your payment of fifty dollars is due by October twelfth, and your reference code is nine three five eight. Do not cancel the delivery.","Omar Reed, your Saturday appointment is at 11.50 am, your payment of $50 is due by October 12th, and your reference code is 9358. Do not cancel the delivery.",0.3142857142857143,1.0,"{'name': {'recovered': True, 'conflict': False}, 'day': {'recovered': True, 'conflict': False}, 'time': {'recovered': True, 'conflict': False}, 'date': {'recovered': True, 'conflict': False}, 'amount': {'recovered': True, 'conflict': False}, 'code': {'recovered': True, 'conflict': False}, 'negation': {'recovered': True, 'conflict': False}}",7,7,0.7885654773966754,12.56,0.0,/content/drive/MyDrive/DataForge/noise_grid_v2/outputs/05eca3e90a16aae6/clips/critical_06_baseline_r1_environment_2_5dB.wav,aa5abf5a530c4f4d5cd94e0a3ea8cb80caa2e0cb3c980e82f4f6262770ca547e,/content/drive/MyDrive/DataForge/noise_masking/outputs/synthesis_cache/06c4d940de7e5f6d/4d8ba00a9293d0119393c283e49eeaf7d97ac22c98511a70004dfbf2839c2bf7.wav,95f9a577de4005d9d0b21e1f4279fa9eccf1d80174f0ae426e28366e199acfd1,0.972625732421875,True,,1.0,HTTP WAV -> local PCMU roundtrip,after simulated phone codec,coda,celeste,https://users.rime.ai/v1/rime-tts,3.447653848500954,3.200912434468384,2.5730566273438558
05eca3e90a16aae62993a4e8c0622498daf075b34cb0dd9342baad1fa1a946ce,critical_06_baseline_r1_environment_2_0dB,critical_06,dev,baseline,1,environment_2_0dB,environment_2,0.0,-2.4267107590717453e-07,/content/drive/.shortcut-targets-by-id/1gvOi3VP1hvG6qL4dZhVl6iPKkjXSn32n/DataForge/data/musan/noise/free-sound/noise-free-sound-0131.wav,4c75a309561d719f6d0c34738b78912ac976aa854541c6452e4e34ffcaaa3e5e,0.0,False,environmental_noise,0.0838667840138316,0.0875310441465979,0.0961253392791594,window_rms_no_wrap_v2,20ms_frames_within_40dB_of_peak_power_v1,8000,-41.50000010364609,active speech / extracted noise-window RMS; no wrapping,"Omar Reed, your Saturday appointment is at eleven fifty a m, your payment of fifty dollars is due by October twelfth, and your reference code is nine three five eight. Do not cancel the delivery.","Omar Reed, your Saturday appointment is at 11.50 am, your payment of $50 is due by October 12th, and your reference code is 9358. Do not cancel the delivery.",0.3142857142857143,1.0,"{'name': {'recovered': True, 'conflict': False}, 'day': {'recovered': True, 'conflict': False}, 'time': {'recovered': True, 'conflict': False}, 'date': {'recovered': True, 'conflict': False}, 'amount': {'recovered': True, 'conflict': False}, 'code': {'recovered': True, 'conflict': False}, 'negation': {'recovered': True, 'conflict': False}}",7,7,0.704974802548977,12.56,0.0,/content/drive/MyDrive/DataForge/noise_grid_v2/outputs/05eca3e90a16aae6/clips/critical_06_baseline_r1_environment_2_0dB.wav,cc056cd602adb7f683ef1d92bab3a0a8885177ac43be22459b5ad6ad1c01385e,/content/drive/MyDrive/DataForge/noise_masking/outputs/synthesis_cache/06c4d940de7e5f6d/4d8ba00a9293d0119393c283e49eeaf7d97ac22c98511a70004dfbf2839c2bf7.wav,95f9a577de4005d9d0b21e1f4279fa9eccf1d80174f0ae426e28366e199acfd1,0.972625732421875,True,,1.0,HTTP WAV -> local PCMU roundtrip,after simulated phone codec,coda,celeste,https://users.rime.ai/v1/rime-tts,3.2338024072725444,2.893128318690751,2.4513194237277625
05eca3e90a16aae62993a4e8c0622498daf075b34cb0dd9342baad1fa1a946ce,critical_06_baseline_r1_environment_2_-5dB,critical_06,dev,baseline,1,environment_2_-5dB,environment_2,-5.0,-5.000000277726233,/content/drive/.shortcut-targets-by-id/1gvOi3VP1hvG6qL4dZhVl6iPKkjXSn32n/DataForge/data/musan/noise/free-sound/noise-free-sound-0131.wav,4c75a309561d719f6d0c34738b78912ac976aa854541c6452e4e34ffcaaa3e5e,0.0,False,environmental_noise,0.0838667840138316,0.0875310441465979,0.170937711623135,window_rms_no_wrap_v2,20ms_frames_within_40dB_of_peak_power_v1,8000,-41.50000010364609,active speech / extracted noise-window RMS; no wrapping,"Omar Reed, your Saturday appointment is at eleven fifty a m, your payment of fifty dollars is due by October twelfth, and your reference code is nine three five eight. Do not cancel the delivery.","Omar Reed, your Saturday appointment is at 11.50 am, your payment of $50 is due by October 12th, and your reference code is 9358. Do not cancel the delivery.",0.3142857142857143,1.0,"{'name': {'recovered': True, 'conflict': False}, 'day': {'recovered': True, 'conflict': False}, 'time': {'recovered': True, 'conflict': False}, 'date': {'recovered': True, 'conflict': False}, 'amount': {'recovered': True, 'conflict': False}, 'code': {'recovered': True, 'conflict': False}, 'negation': {'recovered': True, 'conflict': False}}",7,7,0.6028451139229538,12.56,0.0,/content/drive/MyDrive/DataForge/noise_grid_v2/outputs/05eca3e90a16aae6/clips/critical_06_baseline_r1_environment_2_-5dB.wav,64cefeb406b4b4d2f8e279b429475b6a43643e14177fd80039874af39fe707cb,/content/drive/MyDrive/DataForge/noise_masking/outputs/synthesis_cache/06c4d940de7e5f6d/4d8ba00a9293d0119393c283e49eeaf7d97ac22c98511a70004dfbf2839c2bf7.wav,95f9a577de4005d9d0b21e1f4279fa9eccf1d80174f0ae426e28366e199acfd1,0.972625732421875,True,,1.0,HTTP WAV -> local PCMU roundtrip,after simulated phone codec,coda,celeste,https://users.rime.ai/v1/rime-tts,1.80274240677354,1.6994943920611094,1.5061320521367068
05eca3e90a16aae62993a4e8c0622498daf075b34cb0dd9342baad1fa1a946ce,critical_06_baseline_r0_clean,critical_06,dev,baseline,0,clean,clean,,,,,,False,clean,,,,window_rms_no_wrap_v2,20ms_frames_within_40dB_of_peak_power_v1,8000,-41.50000036251132,active speech / extracted noise-window RMS; no wrapping,"Omar Reed, your Saturday appointment is at eleven fifty a m, your payment of fifty dollars is due by October twelfth, and your reference code is nine three five eight. Do not cancel the delivery.","Omar Reed, your Saturday appointment is at 11.50 a.m., your payment of $50 is due by October 12, and your reference code is 9358. Do not cancel the delivery.",0.2571428571428571,1.0,"{'name': {'recovered': True, 'conflict': False}, 'day': {'recovered': True, 'conflict': False}, 'time': {'recovered': True, 'conflict': False}, 'date': {'recovered': True, 'conflict': False}, 'amount': {'recovered': True, 'conflict': False}, 'code': {'recovered': True, 'conflict': False}, 'negation': {'recovered': True, 'conflict': False}}",7,7,,13.2,0.0,/content/drive/MyDrive/DataForge/noise_grid_v2/outputs/05eca3e90a16aae6/clips/critical_06_baseline_r0_clean.wav,caf97e1caf32210370334b3289b7bb5d2776c298df76bc504c7f15d74b1e4e1b,/content/drive/MyDrive/DataForge/noise_masking/outputs/synthesis_cache/06c4d940de7e5f6d/d6dacb75713a9355495364619aa482accde8de6690041869281bac4dcc9e92c0.wav,16edd07404a52e084173a55090f43e074343f1a3fad75a31c15b60b3da2979c9,0.902313232421875,True,,1.0,HTTP WAV -> local PCMU roundtrip,after simulated phone codec,coda,celeste,https://users.rime.ai/v1/rime-tts,3.4981230900415325,4.19559587817609,3.199465549342382
05eca3e90a16aae62993a4e8c0622498daf075b34cb0dd9342baad1fa1a946ce,critical_06_baseline_r0_speech_1_15dB,critical_06,dev,baseline,0,speech_1_15dB,speech_1,15.0,14.999999746125482,/content/drive/.shortcut-targets-by-id/1gvOi3VP1hvG6qL4dZhVl6iPKkjXSn32n/DataForge/data/musan/speech/librivox/speech-librivox-0004.wav,76965f20b10ce0ed48beed1670d8c5ed81182a2bc797ed5e4d7dbe24c4c58ae8,0.0,False,competing_speech,0.0918381103595235,0.1003399092211296,0.0149116697958201,window_rms_no_wrap_v2,20ms_frames_within_40dB_of_peak_power_v1,8000,-41.50000036251132,active speech / extracted noise-window RMS; no wrapping,"Omar Reed, your Saturday appointment is at eleven fifty a m, your payment of fifty dollars is due by October twelfth, and your reference code is nine three five eight. Do not cancel the delivery.","Omar Reed, your Saturday appointment is at 11.50 a.m., your payment of $50 is due by October 12, and your reference code is 9358. Do not cancel the delivery.",0.2571428571428571,1.0,"{'name': {'recovered': True, 'conflict': False}, 'day': {'recovered': True, 'conflict': False}, 'time': {'recovered': True, 'conflict': False}, 'date': {'recovered': True, 'conflict': False}, 'amount': {'recovered': True, 'conflict': False}, 'code': {'recovered': True, 'conflict': False}, 'negation': {'recovered': True, 'conflict': False}}",7,7,0.8089914585956589,13.2,0.0,/content/drive/MyDrive/DataForge/noise_grid_v2/outputs/05eca3e90a16aae6/clips/critical_06_baseline_r0_speech_1_15dB.wav,30f734561bddb6fec727e071efa40bc18ca2fb5e42d5cb1cad3fd0ef9b0027d8,/content/drive/MyDrive/DataForge/noise_masking/outputs/synthesis_cache/06c4d940de7e5f6d/d6dacb75713a9355495364619aa482accde8de6690041869281bac4dcc9e92c0.wav,16edd07404a52e084173a55090f43e074343f1a3fad75a31c15b60b3da2979c9,0.902313232421875,True,,1.0,HTTP WAV -> local PCMU roundtrip,after simulated phone codec,coda,celeste,https://users.rime.ai/v1/rime-tts,3.356372070559757,3.739277036659261,2.83132874331596
05eca3e90a16aae62993a4e8c0622498daf075b34cb0dd9342baad1fa1a946ce,critical_06_baseline_r0_speech_1_10dB,critical_06,dev,baseline,0,speech_1_10dB,speech_1,10.0,9.999999945602465,/content/drive/.shortcut-targets-by-id/1gvOi3VP1hvG6qL4dZhVl6iPKkjXSn32n/DataForge/data/musan/speech/librivox/speech-librivox-0004.wav,76965f20b10ce0ed48beed1670d8c5ed81182a2bc797ed5e4d7dbe24c4c58ae8,0.0,False,competing_speech,0.0918381103595235,0.1003399092211296,0.0265171153672062,window_rms_no_wrap_v2,20ms_frames_within_40dB_of_peak_power_v1,8000,-41.50000036251132,active speech / extracted noise-window RMS; no wrapping,"Omar Reed, your Saturday appointment is at eleven fifty a m, your payment of fifty dollars is due by October twelfth, and your reference code is nine three five eight. Do not cancel the delivery.","Omar Reed, your Saturday appointment is at 11.50 a.m., your payment of $50 is due by October 12 and your reference code is 9358. Do not cancel the delivery.",0.2571428571428571,1.0,"{'name': {'recovered': True, 'conflict': False}, 'day': {'recovered': True, 'conflict': False}, 'time': {'recovered': True, 'conflict': False}, 'date': {'recovered': True, 'conflict': False}, 'amount': {'recovered': True, 'conflict': False}, 'code': {'recovered': True, 'conflict': False}, 'negation': {'recovered': True, 'conflict': False}}",7,7,0.7303930769577284,13.2,0.0,/content/drive/MyDrive/DataForge/noise_grid_v2/outputs/05eca3e90a16aae6/clips/critical_06_baseline_r0_speech_1_10dB.wav,f2a61b6d47057eb6c61bf8a604db1a2b353873b27e4f3fa4dcdbb32cc7e39fef,/content/drive/MyDrive/DataForge/noise_masking/outputs/synthesis_cache/06c4d940de7e5f6d/d6dacb75713a9355495364619aa482accde8de6690041869281bac4dcc9e92c0.wav,16edd07404a52e084173a55090f43e074343f1a3fad75a31c15b60b3da2979c9,0.902313232421875,True,,1.0,HTTP WAV -> local PCMU roundtrip,after simulated phone codec,coda,celeste,https://users.rime.ai/v1/rime-tts,3.329738736243635,3.592829160034719,2.739864618911242
05eca3e90a16aae62993a4e8c0622498daf075b34cb0dd9342baad1fa1a946ce,critical_06_baseline_r0_speech_1_5dB,critical_06,dev,baseline,0,speech_1_5dB,speech_1,5.0,5.000000036454314,/content/drive/.shortcut-targets-by-id/1gvOi3VP1hvG6qL4dZhVl6iPKkjXSn32n/DataForge/data/musan/speech/librivox/speech-librivox-0004.wav,76965f20b10ce0ed48beed1670d8c5ed81182a2bc797ed5e4d7dbe24c4c58ae8,0.0,False,competing_speech,0.0918381103595235,0.1003399092211296,0.0471548402711296,window_rms_no_wrap_v2,20ms_frames_within_40dB_of_peak_power_v1,8000,-41.50000036251132,active speech / extracted noise-window RMS; no wrapping,"Omar Reed, your Saturday appointment is at eleven fifty a m, your payment of fifty dollars is due by October twelfth, and your reference code is nine three five eight. Do not cancel the delivery.","Omar Reeve, your Saturday appointment is at 11.50 am. Your payment of $50 is due by October 12 and your reference code is 9358. Do not cancel the delivery.",0.3428571428571428,0.8571428571428571,"{'name': {'recovered': False, 'conflict': False}, 'day': {'recovered': True, 'conflict': False}, 'time': {'recovered': True, 'conflict': False}, 'date': {'recovered': True, 'conflict': False}, 'amount': {'recovered': True, 'conflict': False}, 'code': {'recovered': True, 'conflict': False}, 'negation': {'recovered': True, 'conflict': False}}",7,6,0.6334718978534232,13.2,0.0,/content/drive/MyDrive/DataForge/noise_grid_v2/outputs/05eca3e90a16aae6/clips/critical_06_baseline_r0_speech_1_5dB.wav,d8a4caf323f1ce6bde521da74efcb105d2b608658d8aa95829113fb8dcd3ecf4,/content/drive/MyDrive/DataForge/noise_masking/outputs/synthesis_cache/06c4d940de7e5f6d/d6dacb75713a9355495364619aa482accde8de6690041869281bac4dcc9e92c0.wav,16edd07404a52e084173a55090f43e074343f1a3fad75a31c15b60b3da2979c9,0.902313232421875,True,,1.0,HTTP WAV -> local PCMU roundtrip,after simulated phone codec,coda,celeste,https://users.rime.ai/v1/rime-tts,3.3424912577417403,3.366931552027205,2.672889553132332
05eca3e90a16aae62993a4e8c0622498daf075b34cb0dd9342baad1fa1a946ce,critical_06_baseline_r0_speech_1_0dB,critical_06,dev,baseline,0,speech_1_0dB,speech_1,0.0,-7.820095945583262e-09,/content/drive/.shortcut-targets-by-id/1gvOi3VP1hvG6qL4dZhVl6iPKkjXSn32n/DataForge/data/musan/speech/librivox/speech-librivox-0004.wav,76965f20b10ce0ed48beed1670d8c5ed81182a2bc797ed5e4d7dbe24c4c58ae8,0.0,False,competing_speech,0.0918381103595235,0.1003399092211296,0.083854481537824,window_rms_no_wrap_v2,20ms_frames_within_40dB_of_peak_power_v1,8000,-41.50000036251132,active speech / extracted noise-window RMS; no wrapping,"Omar Reed, your Saturday appointment is at eleven fifty a m, your payment of fifty dollars is due by October twelfth, and your reference code is nine three five eight. Do not cancel the delivery.","Omar Lee, your Saturday appointment is at 11.50am. Your payment of $50 is due by October 12 and your reference code is 9358. Do not cancel the delivery.",0.3428571428571428,0.8571428571428571,"{'name': {'recovered': False, 'conflict': False}, 'day': {'recovered': True, 'conflict': False}, 'time': {'recovered': True, 'conflict': False}, 'date': {'recovered': True, 'conflict': False}, 'amount': {'recovered': True, 'conflict': False}, 'code': {'recovered': True, 'conflict': False}, 'negation': {'recovered': True, 'conflict': False}}",7,6,0.5304545836548233,13.2,0.0,/content/drive/MyDrive/DataForge/noise_grid_v2/outputs/05eca3e90a16aae6/clips/critical_06_baseline_r0_speech_1_0dB.wav,3436fc129ab29c277f7dd98d1ace3387015b7c9e89e0e743918dc3b6fc03924b,/content/drive/MyDrive/DataForge/noise_masking/outputs/synthesis_cache/06c4d940de7e5f6d/d6dacb75713a9355495364619aa482accde8de6690041869281bac4dcc9e92c0.wav,16edd07404a52e084173a55090f43e074343f1a3fad75a31c15b60b3da2979c9,0.902313232421875,True,,1.0,HTTP WAV -> local PCMU roundtrip,after simulated phone codec,coda,celeste,https://users.rime.ai/v1/rime-tts,3.2770452107450816,3.1558089730251746,2.54772755752782
05eca3e90a16aae62993a4e8c0622498daf075b34cb0dd9342baad1fa1a946ce,critical_06_baseline_r0_speech_1_-5dB,critical_06,dev,baseline,0,speech_1_-5dB,speech_1,-5.0,-4.99999982810954,/content/drive/.shortcut-targets-by-id/1gvOi3VP1hvG6qL4dZhVl6iPKkjXSn32n/DataForge/data/musan/speech/librivox/speech-librivox-0004.wav,76965f20b10ce0ed48beed1670d8c5ed81182a2bc797ed5e4d7dbe24c4c58ae8,0.0,False,competing_speech,0.0918381103595235,0.1003399092211296,0.1491166979582015,window_rms_no_wrap_v2,20ms_frames_within_40dB_of_peak_power_v1,8000,-41.50000036251132,active speech / extracted noise-window RMS; no wrapping,"Omar Reed, your Saturday appointment is at eleven fifty a m, your payment of fifty dollars is due by October twelfth, and your reference code is nine three five eight. Do not cancel the delivery.","Omar Li, your Saturday appointment is at 11.50am. The payment of $50 is due by October 12 and your reference code is 935A. Do not cancel the delivery.",0.3714285714285714,0.7142857142857143,"{'name': {'recovered': False, 'conflict': False}, 'day': {'recovered': True, 'conflict': False}, 'time': {'recovered': True, 'conflict': False}, 'date': {'recovered': True, 'conflict': False}, 'amount': {'recovered': True, 'conflict': False}, 'code': {'recovered': False, 'conflict': False}, 'negation': {'recovered': True, 'conflict': False}}",7,5,0.4306717773585582,13.2,0.0,/content/drive/MyDrive/DataForge/noise_grid_v2/outputs/05eca3e90a16aae6/clips/critical_06_baseline_r0_speech_1_-5dB.wav,b81ea5f33c9d4564cfd4c66270ead3b620ff453dfef4ff5a4327c11dd63bc994,/content/drive/MyDrive/DataForge/noise_masking/outputs/synthesis_cache/06c4d940de7e5f6d/d6dacb75713a9355495364619aa482accde8de6690041869281bac4dcc9e92c0.wav,16edd07404a52e084173a55090f43e074343f1a3fad75a31c15b60b3da2979c9,0.902313232421875,True,,1.0,HTTP WAV -> local PCMU roundtrip,after simulated phone codec,coda,celeste,https://users.rime.ai/v1/rime-tts,3.383172606344233,2.823063416802056,2.46370545750239
05eca3e90a16aae62993a4e8c0622498daf075b34cb0dd9342baad1fa1a946ce,critical_06_baseline_r0_speech_2_15dB,critical_06,dev,baseline,0,speech_2_15dB,speech_2,15.0,15.000000149319884,/content/drive/.shortcut-targets-by-id/1gvOi3VP1hvG6qL4dZhVl6iPKkjXSn32n/DataForge/data/musan/speech/librivox/speech-librivox-0003.wav,8c1370aaca2843057072ded459deb739413910e7a2c5a1f21d3e04c2b3fe4c6b,0.0,False,competing_speech,0.0861615546950171,0.0931816270077486,0.0160571954117482,window_rms_no_wrap_v2,20ms_frames_within_40dB_of_peak_power_v1,8000,-41.50000036251132,active speech / extracted noise-window RMS; no wrapping,"Omar Reed, your Saturday appointment is at eleven fifty a m, your payment of fifty dollars is due by October twelfth, and your reference code is nine three five eight. Do not cancel the delivery.","Omar Reed, your Saturday appointment is at 11.50 a.m. Your payment of $50 is due by October 12th and your reference code is 9358. Do not cancel the delivery.",0.2571428571428571,1.0,"{'name': {'recovered': True, 'conflict': False}, 'day': {'recovered': True, 'conflict': False}, 'time': {'recovered': True, 'conflict': False}, 'date': {'recovered': True, 'conflict': False}, 'amount': {'recovered': True, 'conflict': False}, 'code': {'recovered': True, 'conflict': False}, 'negation': {'recovered': True, 'conflict': False}}",7,7,0.7928954177480616,13.2,0.0,/content/drive/MyDrive/DataForge/noise_grid_v2/outputs/05eca3e90a16aae6/clips/critical_06_baseline_r0_speech_2_15dB.wav,adbbb0c766a6444a70a076ac6b3e18f3238abbd3638d16597c8bb02d1ef90531,/content/drive/MyDrive/DataForge/noise_masking/outputs/synthesis_cache/06c4d940de7e5f6d/d6dacb75713a9355495364619aa482accde8de6690041869281bac4dcc9e92c0.wav,16edd07404a52e084173a55090f43e074343f1a3fad75a31c15b60b3da2979c9,0.902313232421875,True,,1.0,HTTP WAV -> local PCMU roundtrip,after simulated phone codec,coda,celeste,https://users.rime.ai/v1/rime-tts,3.373976955377592,3.9981716370809055,3.006172643580876
05eca3e90a16aae62993a4e8c0622498daf075b34cb0dd9342baad1fa1a946ce,critical_06_baseline_r0_speech_2_10dB,critical_06,dev,baseline,0,speech_2_10dB,speech_2,10.0,9.999999798838749,/content/drive/.shortcut-targets-by-id/1gvOi3VP1hvG6qL4dZhVl6iPKkjXSn32n/DataForge/data/musan/speech/librivox/speech-librivox-0003.wav,8c1370aaca2843057072ded459deb739413910e7a2c5a1f21d3e04c2b3fe4c6b,0.0,False,competing_speech,0.0861615546950171,0.0931816270077486,0.0285541799836832,window_rms_no_wrap_v2,20ms_frames_within_40dB_of_peak_power_v1,8000,-41.50000036251132,active speech / extracted noise-window RMS; no wrapping,"Omar Reed, your Saturday appointment is at eleven fifty a m, your payment of fifty dollars is due by October twelfth, and your reference code is nine three five eight. Do not cancel the delivery.","Omar Reed, your Saturday appointment is at 11.50 a.m., your payment of $50 is due by October 12th, and your reference code is 9358. Do not cancel the delivery.",0.2571428571428571,1.0,"{'name': {'recovered': True, 'conflict': False}, 'day': {'recovered': True, 'conflict': False}, 'time': {'recovered': True, 'conflict': False}, 'date': {'recovered': True, 'conflict': False}, 'amount': {'recovered': True, 'conflict': False}, 'code': {'recovered': True, 'conflict': False}, 'negation': {'recovered': True, 'conflict': False}}",7,7,0.731187110247884,13.2,0.0,/content/drive/MyDrive/DataForge/noise_grid_v2/outputs/05eca3e90a16aae6/clips/critical_06_baseline_r0_speech_2_10dB.wav,ac2bb0f3aca0807d3eaeb7c17528720ed8e554f637cf6827b58acc59766a4bd8,/content/drive/MyDrive/DataForge/noise_masking/outputs/synthesis_cache/06c4d940de7e5f6d/d6dacb75713a9355495364619aa482accde8de6690041869281bac4dcc9e92c0.wav,16edd07404a52e084173a55090f43e074343f1a3fad75a31c15b60b3da2979c9,0.902313232421875,True,,1.0,HTTP WAV -> local PCMU roundtrip,after simulated phone codec,coda,celeste,https://users.rime.ai/v1/rime-tts,3.34941176263362,3.916881392622473,2.9464558053558685
05eca3e90a16aae62993a4e8c0622498daf075b34cb0dd9342baad1fa1a946ce,critical_06_baseline_r0_speech_2_5dB,critical_06,dev,baseline,0,speech_2_5dB,speech_2,5.0,5.000000290331364,/content/drive/.shortcut-targets-by-id/1gvOi3VP1hvG6qL4dZhVl6iPKkjXSn32n/DataForge/data/musan/speech/librivox/speech-librivox-0003.wav,8c1370aaca2843057072ded459deb739413910e7a2c5a1f21d3e04c2b3fe4c6b,0.0,False,competing_speech,0.0861615546950171,0.0931816270077486,0.0507773103355295,window_rms_no_wrap_v2,20ms_frames_within_40dB_of_peak_power_v1,8000,-41.50000036251132,active speech / extracted noise-window RMS; no wrapping,"Omar Reed, your Saturday appointment is at eleven fifty a m, your payment of fifty dollars is due by October twelfth, and your reference code is nine three five eight. Do not cancel the delivery.","Omar Reed, your Saturday appointment is at 11.50 a.m. Your payment of $50 is by October 12 and your reference code is 9358. Do not cancel the delivery.",0.2857142857142857,1.0,"{'name': {'recovered': True, 'conflict': False}, 'day': {'recovered': True, 'conflict': False}, 'time': {'recovered': True, 'conflict': False}, 'date': {'recovered': True, 'conflict': False}, 'amount': {'recovered': True, 'conflict': False}, 'code': {'recovered': True, 'conflict': False}, 'negation': {'recovered': True, 'conflict': False}}",7,7,0.6624727130719973,13.2,0.0,/content/drive/MyDrive/DataForge/noise_grid_v2/outputs/05eca3e90a16aae6/clips/critical_06_baseline_r0_speech_2_5dB.wav,147996e7dbe93d25bf864e708c6df0087fda1577eb9a7ad42787dcf14b6dc58f,/content/drive/MyDrive/DataForge/noise_masking/outputs/synthesis_cache/06c4d940de7e5f6d/d6dacb75713a9355495364619aa482accde8de6690041869281bac4dcc9e92c0.wav,16edd07404a52e084173a55090f43e074343f1a3fad75a31c15b60b3da2979c9,0.902313232421875,True,,1.0,HTTP WAV -> local PCMU roundtrip,after simulated phone codec,coda,celeste,https://users.rime.ai/v1/rime-tts,3.3719447776283547,3.8344470174730345,2.946947633761842
05eca3e90a16aae62993a4e8c0622498daf075b34cb0dd9342baad1fa1a946ce,critical_06_baseline_r0_speech_2_0dB,critical_06,dev,baseline,0,speech_2_0dB,speech_2,0.0,-6.340294580292958e-08,/content/drive/.shortcut-targets-by-id/1gvOi3VP1hvG6qL4dZhVl6iPKkjXSn32n/DataForge/data/musan/speech/librivox/speech-librivox-0003.wav,8c1370aaca2843057072ded459deb739413910e7a2c5a1f21d3e04c2b3fe4c6b,0.0,False,competing_speech,0.0861615546950171,0.0931816270077486,0.0902962454668287,window_rms_no_wrap_v2,20ms_frames_within_40dB_of_peak_power_v1,8000,-41.50000036251132,active speech / extracted noise-window RMS; no wrapping,"Omar Reed, your Saturday appointment is at eleven fifty a m, your payment of fifty dollars is due by October twelfth, and your reference code is nine three five eight. Do not cancel the delivery.","Omar Reed, in a Saturday appointment, is at 11.50 am, your payment is $50 by October 12th, and your reference code is 9358. Do not cancel the delivery.",0.4285714285714285,1.0,"{'name': {'recovered': True, 'conflict': False}, 'day': {'recovered': True, 'conflict': False}, 'time': {'recovered': True, 'conflict': False}, 'date': {'recovered': True, 'conflict': False}, 'amount': {'recovered': True, 'conflict': False}, 'code': {'recovered': True, 'conflict': False}, 'negation': {'recovered': True, 'conflict': False}}",7,7,0.5881151724224578,13.2,0.0,/content/drive/MyDrive/DataForge/noise_grid_v2/outputs/05eca3e90a16aae6/clips/critical_06_baseline_r0_speech_2_0dB.wav,533a842cf5d217b092fa45f26e5d832d57d352bb972ec98ae9927c0d74d893c6,/content/drive/MyDrive/DataForge/noise_masking/outputs/synthesis_cache/06c4d940de7e5f6d/d6dacb75713a9355495364619aa482accde8de6690041869281bac4dcc9e92c0.wav,16edd07404a52e084173a55090f43e074343f1a3fad75a31c15b60b3da2979c9,0.902313232421875,True,,1.0,HTTP WAV -> local PCMU roundtrip,after simulated phone codec,coda,celeste,https://users.rime.ai/v1/rime-tts,3.442155409791712,3.695970808342243,2.9429632564797066
05eca3e90a16aae62993a4e8c0622498daf075b34cb0dd9342baad1fa1a946ce,critical_06_baseline_r0_speech_2_-5dB,critical_06,dev,baseline,0,speech_2_-5dB,speech_2,-5.0,-4.999999656605947,/content/drive/.shortcut-targets-by-id/1gvOi3VP1hvG6qL4dZhVl6iPKkjXSn32n/DataForge/data/musan/speech/librivox/speech-librivox-0003.wav,8c1370aaca2843057072ded459deb739413910e7a2c5a1f21d3e04c2b3fe4c6b,0.0,False,competing_speech,0.0861615546950171,0.0931816270077486,0.160571954117482,window_rms_no_wrap_v2,20ms_frames_within_40dB_of_peak_power_v1,8000,-41.50000036251132,active speech / extracted noise-window RMS; no wrapping,"Omar Reed, your Saturday appointment is at eleven fifty a m, your payment of fifty dollars is due by October twelfth, and your reference code is nine three five eight. Do not cancel the delivery.","Omar Reed, a machine that flies by the Times Dispatch Richmond Virginia for the 1903 collection. Your record code is 9358. Do not cancel the delivery.",0.7142857142857143,0.4285714285714285,"{'name': {'recovered': True, 'conflict': False}, 'day': {'recovered': False, 'conflict': False}, 'time': {'recovered': False, 'conflict': False}, 'date': {'recovered': False, 'conflict': False}, 'amount': {'recovered': False, 'conflict': False}, 'code': {'recovered': True, 'conflict': False}, 'negation': {'recovered': True, 'conflict': False}}",7,3,0.5110172774116379,13.2,0.0,/content/drive/MyDrive/DataForge/noise_grid_v2/outputs/05eca3e90a16aae6/clips/critical_06_baseline_r0_speech_2_-5dB.wav,a8309898f45e6d5e98789a0264c09fcacddfff6b3c734ffe05dc61c8cfb914a9,/content/drive/MyDrive/DataForge/noise_masking/outputs/synthesis_cache/06c4d940de7e5f6d/d6dacb75713a9355495364619aa482accde8de6690041869281bac4dcc9e92c0.wav,16edd07404a52e084173a55090f43e074343f1a3fad75a31c15b60b3da2979c9,0.902313232421875,True,,1.0,HTTP WAV -> local PCMU roundtrip,after simulated phone codec,coda,celeste,https://users.rime.ai/v1/rime-tts,3.4615127219480035,3.8504541888147674,3.0420104249596958
05eca3e90a16aae62993a4e8c0622498daf075b34cb0dd9342baad1fa1a946ce,critical_06_baseline_r0_environment_1_15dB,critical_06,dev,baseline,0,environment_1_15dB,environment_1,15.0,14.999999722059489,/content/drive/.shortcut-targets-by-id/1gvOi3VP1hvG6qL4dZhVl6iPKkjXSn32n/DataForge/data/musan/noise/free-sound/noise-free-sound-0397.wav,381b7347876f96d6a287a55e578b9ac8f3e5d2fa4ac35d9fb7a9a52c2bdbce24,0.0,False,environmental_noise,0.0127726895944802,0.0150848872621129,0.0991877213034258,window_rms_no_wrap_v2,20ms_frames_within_40dB_of_peak_power_v1,8000,-41.50000036251132,active speech / extracted noise-window RMS; no wrapping,"Omar Reed, your Saturday appointment is at eleven fifty a m, your payment of fifty dollars is due by October twelfth, and your reference code is nine three five eight. Do not cancel the delivery.","Omar Reed, your Saturday appointment is at 11.50 a.m., your payment of $50 is due by October 12th and your reference code is 9358. Do not cancel the delivery.",0.2571428571428571,1.0,"{'name': {'recovered': True, 'conflict': False}, 'day': {'recovered': True, 'conflict': False}, 'time': {'recovered': True, 'conflict': False}, 'date': {'recovered': True, 'conflict': False}, 'amount': {'recovered': True, 'conflict': False}, 'code': {'recovered': True, 'conflict': False}, 'negation': {'recovered': True, 'conflict': False}}",7,7,0.7993067832848805,13.2,0.0,/content/drive/MyDrive/DataForge/noise_grid_v2/outputs/05eca3e90a16aae6/clips/critical_06_baseline_r0_environment_1_15dB.wav,97671c1dcaf67aa04f55ec4e43087e3a3a5c2c3bebb23359d76d4906667a4079,/content/drive/MyDrive/DataForge/noise_masking/outputs/synthesis_cache/06c4d940de7e5f6d/d6dacb75713a9355495364619aa482accde8de6690041869281bac4dcc9e92c0.wav,16edd07404a52e084173a55090f43e074343f1a3fad75a31c15b60b3da2979c9,0.902313232421875,True,,1.0,HTTP WAV -> local PCMU roundtrip,after simulated phone codec,coda,celeste,https://users.rime.ai/v1/rime-tts,3.41732699894841,3.8446772764371473,2.927243411467595
05eca3e90a16aae62993a4e8c0622498daf075b34cb0dd9342baad1fa1a946ce,critical_06_baseline_r0_environment_1_10dB,critical_06,dev,baseline,0,environment_1_10dB,environment_1,10.0,10.000000102748627,/content/drive/.shortcut-targets-by-id/1gvOi3VP1hvG6qL4dZhVl6iPKkjXSn32n/DataForge/data/musan/noise/free-sound/noise-free-sound-0397.wav,381b7347876f96d6a287a55e578b9ac8f3e5d2fa4ac35d9fb7a9a52c2bdbce24,0.0,False,environmental_noise,0.0127726895944802,0.0150848872621129,0.1763834825225612,window_rms_no_wrap_v2,20ms_frames_within_40dB_of_peak_power_v1,8000,-41.50000036251132,active speech / extracted noise-window RMS; no wrapping,"Omar Reed, your Saturday appointment is at eleven fifty a m, your payment of fifty dollars is due by October twelfth, and your reference code is nine three five eight. Do not cancel the delivery.","Omar Reed, your Saturday appointment is at 11.50 a.m., your payment of $50 is due by October 12 and your reference code is 9358. Do not cancel the delivery.",0.2571428571428571,1.0,"{'name': {'recovered': True, 'conflict': False}, 'day': {'recovered': True, 'conflict': False}, 'time': {'recovered': True, 'conflict': False}, 'date': {'recovered': True, 'conflict': False}, 'amount': {'recovered': True, 'conflict': False}, 'code': {'recovered': True, 'conflict': False}, 'negation': {'recovered': True, 'conflict': False}}",7,7,0.7355240229782847,13.2,0.0,/content/drive/MyDrive/DataForge/noise_grid_v2/outputs/05eca3e90a16aae6/clips/critical_06_baseline_r0_environment_1_10dB.wav,d319c8966018f564a77a1757c6f14f8477eda28c3ef418aec7253b8dff969065,/content/drive/MyDrive/DataForge/noise_masking/outputs/synthesis_cache/06c4d940de7e5f6d/d6dacb75713a9355495364619aa482accde8de6690041869281bac4dcc9e92c0.wav,16edd07404a52e084173a55090f43e074343f1a3fad75a31c15b60b3da2979c9,0.902313232421875,True,,1.0,HTTP WAV -> local PCMU roundtrip,after simulated phone codec,coda,celeste,https://users.rime.ai/v1/rime-tts,3.433704950088164,3.5336478183265227,2.766348117493624
05eca3e90a16aae62993a4e8c0622498daf075b34cb0dd9342baad1fa1a946ce,critical_06_baseline_r0_environment_1_5dB,critical_06,dev,baseline,0,environment_1_5dB,environment_1,5.0,5.000000399340837,/content/drive/.shortcut-targets-by-id/1gvOi3VP1hvG6qL4dZhVl6iPKkjXSn32n/DataForge/data/musan/noise/free-sound/noise-free-sound-0397.wav,381b7347876f96d6a287a55e578b9ac8f3e5d2fa4ac35d9fb7a9a52c2bdbce24,0.0,False,environmental_noise,0.0127726895944802,0.0150848872621129,0.3136591152408309,window_rms_no_wrap_v2,20ms_frames_within_40dB_of_peak_power_v1,8000,-41.50000036251132,active speech / extracted noise-window RMS; no wrapping,"Omar Reed, your Saturday appointment is at eleven fifty a m, your payment of fifty dollars is due by October twelfth, and your reference code is nine three five eight. Do not cancel the delivery.","Omar Reed, your Saturday appointment is at 11.50 a.m., your payment of $50 is due by October 12, and your reference code is 9358. Do not cancel the delivery.",0.2571428571428571,1.0,"{'name': {'recovered': True, 'conflict': False}, 'day': {'recovered': True, 'conflict': False}, 'time': {'recovered': True, 'conflict': False}, 'date': {'recovered': True, 'conflict': False}, 'amount': {'recovered': True, 'conflict': False}, 'code': {'recovered': True, 'conflict': False}, 'negation': {'recovered': True, 'conflict': False}}",7,7,0.6650658423893802,13.2,0.0,/content/drive/MyDrive/DataForge/noise_grid_v2/outputs/05eca3e90a16aae6/clips/critical_06_baseline_r0_environment_1_5dB.wav,d9559424f78bea9b99d1a62e7615fde02372b729ae36756705a557aae17fda42,/content/drive/MyDrive/DataForge/noise_masking/outputs/synthesis_cache/06c4d940de7e5f6d/d6dacb75713a9355495364619aa482accde8de6690041869281bac4dcc9e92c0.wav,16edd07404a52e084173a55090f43e074343f1a3fad75a31c15b60b3da2979c9,0.902313232421875,True,,1.0,HTTP WAV -> local PCMU roundtrip,after simulated phone codec,coda,celeste,https://users.rime.ai/v1/rime-tts,3.427183524101879,3.105795327335628,2.554983691827103
05eca3e90a16aae62993a4e8c0622498daf075b34cb0dd9342baad1fa1a946ce,critical_06_baseline_r0_environment_1_0dB,critical_06,dev,baseline,0,environment_1_0dB,environment_1,0.0,2.2177769235579617e-07,/content/drive/.shortcut-targets-by-id/1gvOi3VP1hvG6qL4dZhVl6iPKkjXSn32n/DataForge/data/musan/noise/free-sound/noise-free-sound-0397.wav,381b7347876f96d6a287a55e578b9ac8f3e5d2fa4ac35d9fb7a9a52c2bdbce24,0.0,False,environmental_noise,0.0127726895944802,0.0150848872621129,0.5577735464037954,window_rms_no_wrap_v2,20ms_frames_within_40dB_of_peak_power_v1,8000,-41.50000036251132,active speech / extracted noise-window RMS; no wrapping,"Omar Reed, your Saturday appointment is at eleven fifty a m, your payment of fifty dollars is due by October twelfth, and your reference code is nine three five eight. Do not cancel the delivery.","Omar Reed, your Saturday appointment is at 11.50 a.m. Your payment of $50 is due by October 12, and your reference code is 9358. Do not cancel the delivery.",0.2571428571428571,1.0,"{'name': {'recovered': True, 'conflict': False}, 'day': {'recovered': True, 'conflict': False}, 'time': {'recovered': True, 'conflict': False}, 'date': {'recovered': True, 'conflict': False}, 'amount': {'recovered': True, 'conflict': False}, 'code': {'recovered': True, 'conflict': False}, 'negation': {'recovered': True, 'conflict': False}}",7,7,0.5922357251833001,13.2,0.0,/content/drive/MyDrive/DataForge/noise_grid_v2/outputs/05eca3e90a16aae6/clips/critical_06_baseline_r0_environment_1_0dB.wav,f972a342a8ad9a4dd74bb453e605f48cfe6e83f6a5c70d2af68af7b6587deb45,/content/drive/MyDrive/DataForge/noise_masking/outputs/synthesis_cache/06c4d940de7e5f6d/d6dacb75713a9355495364619aa482accde8de6690041869281bac4dcc9e92c0.wav,16edd07404a52e084173a55090f43e074343f1a3fad75a31c15b60b3da2979c9,0.902313232421875,True,,1.0,HTTP WAV -> local PCMU roundtrip,after simulated phone codec,coda,celeste,https://users.rime.ai/v1/rime-tts,3.413510099505773,2.595528939347409,2.3268725438030144
05eca3e90a16aae62993a4e8c0622498daf075b34cb0dd9342baad1fa1a946ce,critical_06_baseline_r0_environment_1_-5dB,critical_06,dev,baseline,0,environment_1_-5dB,environment_1,-5.0,-4.999999875243631,/content/drive/.shortcut-targets-by-id/1gvOi3VP1hvG6qL4dZhVl6iPKkjXSn32n/DataForge/data/musan/noise/free-sound/noise-free-sound-0397.wav,381b7347876f96d6a287a55e578b9ac8f3e5d2fa4ac35d9fb7a9a52c2bdbce24,0.0,False,environmental_noise,0.0127726895944802,0.0150848872621129,0.991877213034259,window_rms_no_wrap_v2,20ms_frames_within_40dB_of_peak_power_v1,8000,-41.50000036251132,active speech / extracted noise-window RMS; no wrapping,"Omar Reed, your Saturday appointment is at eleven fifty a m, your payment of fifty dollars is due by October twelfth, and your reference code is nine three five eight. Do not cancel the delivery.","Omar Reed, your Saturday appointment is at 11.50 a.m. Your payment of $60 is due by October 12, and your reference code is 935-8. Do not cancel the delivery.",0.2571428571428571,0.8571428571428571,"{'name': {'recovered': True, 'conflict': False}, 'day': {'recovered': True, 'conflict': False}, 'time': {'recovered': True, 'conflict': False}, 'date': {'recovered': True, 'conflict': False}, 'amount': {'recovered': True, 'conflict': False}, 'code': {'recovered': False, 'conflict': False}, 'negation': {'recovered': True, 'conflict': False}}",7,6,0.518282169237171,13.2,0.0,/content/drive/MyDrive/DataForge/noise_grid_v2/outputs/05eca3e90a16aae6/clips/critical_06_baseline_r0_environment_1_-5dB.wav,280d5c419f2e571c7ea59276a72c4ff3e81a3f9223a7f4cb0d9d243feb1dd490,/content/drive/MyDrive/DataForge/noise_masking/outputs/synthesis_cache/06c4d940de7e5f6d/d6dacb75713a9355495364619aa482accde8de6690041869281bac4dcc9e92c0.wav,16edd07404a52e084173a55090f43e074343f1a3fad75a31c15b60b3da2979c9,0.902313232421875,True,,1.0,HTTP WAV -> local PCMU roundtrip,after simulated phone codec,coda,celeste,https://users.rime.ai/v1/rime-tts,3.0627518027894007,2.014674682893604,2.029952657499961
05eca3e90a16aae62993a4e8c0622498daf075b34cb0dd9342baad1fa1a946ce,critical_06_baseline_r0_environment_2_15dB,critical_06,dev,baseline,0,environment_2_15dB,environment_2,15.0,15.00000015518589,/content/drive/.shortcut-targets-by-id/1gvOi3VP1hvG6qL4dZhVl6iPKkjXSn32n/DataForge/data/musan/noise/free-sound/noise-free-sound-0131.wav,4c75a309561d719f6d0c34738b78912ac976aa854541c6452e4e34ffcaaa3e5e,0.0,False,environmental_noise,0.0838667840138316,0.0854924321326839,0.0175013806055476,window_rms_no_wrap_v2,20ms_frames_within_40dB_of_peak_power_v1,8000,-41.50000036251132,active speech / extracted noise-window RMS; no wrapping,"Omar Reed, your Saturday appointment is at eleven fifty a m, your payment of fifty dollars is due by October twelfth, and your reference code is nine three five eight. Do not cancel the delivery.","Omar Reed, your Saturday appointment is at 11.50 a.m., your payment of $50 is due by October 12, and your reference code is 9358. Do not cancel the delivery.",0.2571428571428571,1.0,"{'name': {'recovered': True, 'conflict': False}, 'day': {'recovered': True, 'conflict': False}, 'time': {'recovered': True, 'conflict': False}, 'date': {'recovered': True, 'conflict': False}, 'amount': {'recovered': True, 'conflict': False}, 'code': {'recovered': True, 'conflict': False}, 'negation': {'recovered': True, 'conflict': False}}",7,7,0.872537413227417,13.2,0.0,/content/drive/MyDrive/DataForge/noise_grid_v2/outputs/05eca3e90a16aae6/clips/critical_06_baseline_r0_environment_2_15dB.wav,7afa0e98f4f779a7d53a683529e8b4a9cfe20868c2019b3ec7fc1e0026a9e530,/content/drive/MyDrive/DataForge/noise_masking/outputs/synthesis_cache/06c4d940de7e5f6d/d6dacb75713a9355495364619aa482accde8de6690041869281bac4dcc9e92c0.wav,16edd07404a52e084173a55090f43e074343f1a3fad75a31c15b60b3da2979c9,0.902313232421875,True,,1.0,HTTP WAV -> local PCMU roundtrip,after simulated phone codec,coda,celeste,https://users.rime.ai/v1/rime-tts,3.4258146379515475,3.8578018808758903,2.9393926338343164
05eca3e90a16aae62993a4e8c0622498daf075b34cb0dd9342baad1fa1a946ce,critical_06_baseline_r0_environment_2_10dB,critical_06,dev,baseline,0,environment_2_10dB,environment_2,10.0,9.999999803742632,/content/drive/.shortcut-targets-by-id/1gvOi3VP1hvG6qL4dZhVl6iPKkjXSn32n/DataForge/data/musan/noise/free-sound/noise-free-sound-0131.wav,4c75a309561d719f6d0c34738b78912ac976aa854541c6452e4e34ffcaaa3e5e,0.0,False,environmental_noise,0.0838667840138316,0.0854924321326839,0.0311223447780999,window_rms_no_wrap_v2,20ms_frames_within_40dB_of_peak_power_v1,8000,-41.50000036251132,active speech / extracted noise-window RMS; no wrapping,"Omar Reed, your Saturday appointment is at eleven fifty a m, your payment of fifty dollars is due by October twelfth, and your reference code is nine three five eight. Do not cancel the delivery.","Omar Reed, your Saturday appointment is at 11.50 a.m., your payment of $50 is due by October 12th, and your reference code is 9358. Do not cancel the delivery.",0.2571428571428571,1.0,"{'name': {'recovered': True, 'conflict': False}, 'day': {'recovered': True, 'conflict': False}, 'time': {'recovered': True, 'conflict': False}, 'date': {'recovered': True, 'conflict': False}, 'amount': {'recovered': True, 'conflict': False}, 'code': {'recovered': True, 'conflict': False}, 'negation': {'recovered': True, 'conflict': False}}",7,7,0.8258689359615484,13.2,0.0,/content/drive/MyDrive/DataForge/noise_grid_v2/outputs/05eca3e90a16aae6/clips/critical_06_baseline_r0_environment_2_10dB.wav,b2fc50e7a784debd1e9c93284ba7a5013b2ed98ed713b7accaefead9a25a65fc,/content/drive/MyDrive/DataForge/noise_masking/outputs/synthesis_cache/06c4d940de7e5f6d/d6dacb75713a9355495364619aa482accde8de6690041869281bac4dcc9e92c0.wav,16edd07404a52e084173a55090f43e074343f1a3fad75a31c15b60b3da2979c9,0.902313232421875,True,,1.0,HTTP WAV -> local PCMU roundtrip,after simulated phone codec,coda,celeste,https://users.rime.ai/v1/rime-tts,3.397772470723615,3.6278368542501895,2.784429598524202
05eca3e90a16aae62993a4e8c0622498daf075b34cb0dd9342baad1fa1a946ce,critical_06_baseline_r0_environment_2_5dB,critical_06,dev,baseline,0,environment_2_5dB,environment_2,5.0,5.000000146144013,/content/drive/.shortcut-targets-by-id/1gvOi3VP1hvG6qL4dZhVl6iPKkjXSn32n/DataForge/data/musan/noise/free-sound/noise-free-sound-0131.wav,4c75a309561d719f6d0c34738b78912ac976aa854541c6452e4e34ffcaaa3e5e,0.0,False,environmental_noise,0.0838667840138316,0.0854924321326839,0.0553442249110275,window_rms_no_wrap_v2,20ms_frames_within_40dB_of_peak_power_v1,8000,-41.50000036251132,active speech / extracted noise-window RMS; no wrapping,"Omar Reed, your Saturday appointment is at eleven fifty a m, your payment of fifty dollars is due by October twelfth, and your reference code is nine three five eight. Do not cancel the delivery.","Omar Reed, your Saturday appointment is at 11.50 a.m., your payment of $50 is due by October 12th, and your reference code is 9358. Do not cancel the delivery.",0.2571428571428571,1.0,"{'name': {'recovered': True, 'conflict': False}, 'day': {'recovered': True, 'conflict': False}, 'time': {'recovered': True, 'conflict': False}, 'date': {'recovered': True, 'conflict': False}, 'amount': {'recovered': True, 'conflict': False}, 'code': {'recovered': True, 'conflict': False}, 'negation': {'recovered': True, 'conflict': False}}",7,7,0.7647262171146926,13.2,0.0,/content/drive/MyDrive/DataForge/noise_grid_v2/outputs/05eca3e90a16aae6/clips/critical_06_baseline_r0_environment_2_5dB.wav,96f60dfd1474f9a685a59ecf32eace47bf93edfc22a7e70b5a162225c9735137,/content/drive/MyDrive/DataForge/noise_masking/outputs/synthesis_cache/06c4d940de7e5f6d/d6dacb75713a9355495364619aa482accde8de6690041869281bac4dcc9e92c0.wav,16edd07404a52e084173a55090f43e074343f1a3fad75a31c15b60b3da2979c9,0.902313232421875,True,,1.0,HTTP WAV -> local PCMU roundtrip,after simulated phone codec,coda,celeste,https://users.rime.ai/v1/rime-tts,3.395760070501032,3.4665748095829585,2.6820649836951334
05eca3e90a16aae62993a4e8c0622498daf075b34cb0dd9342baad1fa1a946ce,critical_06_baseline_r0_environment_2_0dB,critical_06,dev,baseline,0,environment_2_0dB,environment_2,0.0,-2.160453882549156e-07,/content/drive/.shortcut-targets-by-id/1gvOi3VP1hvG6qL4dZhVl6iPKkjXSn32n/DataForge/data/musan/noise/free-sound/noise-free-sound-0131.wav,4c75a309561d719f6d0c34738b78912ac976aa854541c6452e4e34ffcaaa3e5e,0.0,False,environmental_noise,0.0838667840138316,0.0854924321326839,0.0984174956238435,window_rms_no_wrap_v2,20ms_frames_within_40dB_of_peak_power_v1,8000,-41.50000036251132,active speech / extracted noise-window RMS; no wrapping,"Omar Reed, your Saturday appointment is at eleven fifty a m, your payment of fifty dollars is due by October twelfth, and your reference code is nine three five eight. Do not cancel the delivery.","Omar Reed, your Saturday appointment is at 11.50 am. Your payment of $50 is due by October 12th and your reference code is 9358. Do not cancel the delivery.",0.3142857142857143,1.0,"{'name': {'recovered': True, 'conflict': False}, 'day': {'recovered': True, 'conflict': False}, 'time': {'recovered': True, 'conflict': False}, 'date': {'recovered': True, 'conflict': False}, 'amount': {'recovered': True, 'conflict': False}, 'code': {'recovered': True, 'conflict': False}, 'negation': {'recovered': True, 'conflict': False}}",7,7,0.685052010727587,13.2,0.0,/content/drive/MyDrive/DataForge/noise_grid_v2/outputs/05eca3e90a16aae6/clips/critical_06_baseline_r0_environment_2_0dB.wav,bc3ce40f6afa6d0da59e16169b624f76425e384b942fac6fd43ee7782da06e73,/content/drive/MyDrive/DataForge/noise_masking/outputs/synthesis_cache/06c4d940de7e5f6d/d6dacb75713a9355495364619aa482accde8de6690041869281bac4dcc9e92c0.wav,16edd07404a52e084173a55090f43e074343f1a3fad75a31c15b60b3da2979c9,0.902313232421875,True,,1.0,HTTP WAV -> local PCMU roundtrip,after simulated phone codec,coda,celeste,https://users.rime.ai/v1/rime-tts,3.3697299352908727,3.1428600007581604,2.52291308044378
05eca3e90a16aae62993a4e8c0622498daf075b34cb0dd9342baad1fa1a946ce,critical_06_baseline_r0_environment_2_-5dB,critical_06,dev,baseline,0,environment_2_-5dB,environment_2,-5.0,-5.000000220034643,/content/drive/.shortcut-targets-by-id/1gvOi3VP1hvG6qL4dZhVl6iPKkjXSn32n/DataForge/data/musan/noise/free-sound/noise-free-sound-0131.wav,4c75a309561d719f6d0c34738b78912ac976aa854541c6452e4e34ffcaaa3e5e,0.0,False,environmental_noise,0.0838667840138316,0.0854924321326839,0.1750138060554767,window_rms_no_wrap_v2,20ms_frames_within_40dB_of_peak_power_v1,8000,-41.50000036251132,active speech / extracted noise-window RMS; no wrapping,"Omar Reed, your Saturday appointment is at eleven fifty a m, your payment of fifty dollars is due by October twelfth, and your reference code is nine three five eight. Do not cancel the delivery.","Omar Reed, your Saturday appointment is at 11.50 a.m., your payment of $50 is due by October 12, and your reference code is 9358. Do not cancel the delivery.",0.2571428571428571,1.0,"{'name': {'recovered': True, 'conflict': False}, 'day': {'recovered': True, 'conflict': False}, 'time': {'recovered': True, 'conflict': False}, 'date': {'recovered': True, 'conflict': False}, 'amount': {'recovered': True, 'conflict': False}, 'code': {'recovered': True, 'conflict': False}, 'negation': {'recovered': True, 'conflict': False}}",7,7,0.5895464804870768,13.2,0.0,/content/drive/MyDrive/DataForge/noise_grid_v2/outputs/05eca3e90a16aae6/clips/critical_06_baseline_r0_environment_2_-5dB.wav,9c59db0c00f31f2966ba5b0297999d5bb1f44e20ad439d2bd2f1e8c58a9da4d6,/content/drive/MyDrive/DataForge/noise_masking/outputs/synthesis_cache/06c4d940de7e5f6d/d6dacb75713a9355495364619aa482accde8de6690041869281bac4dcc9e92c0.wav,16edd07404a52e084173a55090f43e074343f1a3fad75a31c15b60b3da2979c9,0.902313232421875,True,,1.0,HTTP WAV -> local PCMU roundtrip,after simulated phone codec,coda,celeste,https://users.rime.ai/v1/rime-tts,3.067077496021613,2.6566929313693484,2.2842878215401314
05eca3e90a16aae62993a4e8c0622498daf075b34cb0dd9342baad1fa1a946ce,critical_02_baseline_r1_clean,critical_02,dev,baseline,1,clean,clean,,,,,,False,clean,,,,window_rms_no_wrap_v2,20ms_frames_within_40dB_of_peak_power_v1,8000,-41.5000002479568,active speech / extracted noise-window RMS; no wrapping,"Arun Shah, your Wednesday appointment is at ten fifteen a m, your payment of sixty dollars is due by June second, and your reference code is eight one six three. Do not change the address.","Arun Shah, your Wednesday appointment is at 10.15am, your payment of $60 is due by June 2nd, and your reference code is 8163. Do not change the address.",0.3142857142857143,1.0,"{'name': {'recovered': True, 'conflict': False}, 'day': {'recovered': True, 'conflict': False}, 'time': {'recovered': True, 'conflict': False}, 'date': {'recovered': True, 'conflict': False}, 'amount': {'recovered': True, 'conflict': False}, 'code': {'recovered': True, 'conflict': False}, 'negation': {'recovered': True, 'conflict': False}}",7,7,,15.2,0.0,/content/drive/MyDrive/DataForge/noise_grid_v2/outputs/05eca3e90a16aae6/clips/critical_02_baseline_r1_clean.wav,00fbc7cfa3eb016e6066ec32bbf103ce5194436265d1365359afad28e982da6e,/content/drive/MyDrive/DataForge/noise_masking/outputs/synthesis_cache/06c4d940de7e5f6d/e6125a0f5f8588ca84c7afc2d8bd4bc9b14080d4a6b894e39418111483b11217.wav,87898748cba499a1b38fbdb1c86ff3b8cbf540b9b72e64bb26eb4ddb85ff29b8,0.968719482421875,True,,1.0,HTTP WAV -> local PCMU roundtrip,after simulated phone codec,coda,celeste,https://users.rime.ai/v1/rime-tts,3.3614475960718493,4.189211815874876,3.057657473360152
05eca3e90a16aae62993a4e8c0622498daf075b34cb0dd9342baad1fa1a946ce,critical_02_baseline_r1_speech_1_15dB,critical_02,dev,baseline,1,speech_1_15dB,speech_1,15.0,14.999999999830216,/content/drive/.shortcut-targets-by-id/1gvOi3VP1hvG6qL4dZhVl6iPKkjXSn32n/DataForge/data/musan/speech/librivox/speech-librivox-0004.wav,76965f20b10ce0ed48beed1670d8c5ed81182a2bc797ed5e4d7dbe24c4c58ae8,0.0,False,competing_speech,0.0918381103595235,0.0943226188216253,0.0158629566489329,window_rms_no_wrap_v2,20ms_frames_within_40dB_of_peak_power_v1,8000,-41.5000002479568,active speech / extracted noise-window RMS; no wrapping,"Arun Shah, your Wednesday appointment is at ten fifteen a m, your payment of sixty dollars is due by June second, and your reference code is eight one six three. Do not change the address.",Your Wednesday appointment is at 10.15 a.m. Your payment of $60 is due by June 2nd and your reference code is 8163. Do not change the address.,0.3142857142857143,0.8571428571428571,"{'name': {'recovered': False, 'conflict': False}, 'day': {'recovered': True, 'conflict': False}, 'time': {'recovered': True, 'conflict': False}, 'date': {'recovered': True, 'conflict': False}, 'amount': {'recovered': True, 'conflict': False}, 'code': {'recovered': True, 'conflict': False}, 'negation': {'recovered': True, 'conflict': False}}",7,6,0.8156349186474928,15.2,0.0,/content/drive/MyDrive/DataForge/noise_grid_v2/outputs/05eca3e90a16aae6/clips/critical_02_baseline_r1_speech_1_15dB.wav,14baeb89ce1b7cb11998317913a39c991bef7c5e386b817ff8c4e1fa85ad747d,/content/drive/MyDrive/DataForge/noise_masking/outputs/synthesis_cache/06c4d940de7e5f6d/e6125a0f5f8588ca84c7afc2d8bd4bc9b14080d4a6b894e39418111483b11217.wav,87898748cba499a1b38fbdb1c86ff3b8cbf540b9b72e64bb26eb4ddb85ff29b8,0.968719482421875,True,,1.0,HTTP WAV -> local PCMU roundtrip,after simulated phone codec,coda,celeste,https://users.rime.ai/v1/rime-tts,3.109063411897252,3.6767433005123342,2.546454747450242
05eca3e90a16aae62993a4e8c0622498daf075b34cb0dd9342baad1fa1a946ce,critical_02_baseline_r1_speech_1_10dB,critical_02,dev,baseline,1,speech_1_10dB,speech_1,10.0,9.99999979796202,/content/drive/.shortcut-targets-by-id/1gvOi3VP1hvG6qL4dZhVl6iPKkjXSn32n/DataForge/data/musan/speech/librivox/speech-librivox-0004.wav,76965f20b10ce0ed48beed1670d8c5ed81182a2bc797ed5e4d7dbe24c4c58ae8,0.0,False,competing_speech,0.0918381103595235,0.0943226188216253,0.0282087691911375,window_rms_no_wrap_v2,20ms_frames_within_40dB_of_peak_power_v1,8000,-41.5000002479568,active speech / extracted noise-window RMS; no wrapping,"Arun Shah, your Wednesday appointment is at ten fifteen a m, your payment of sixty dollars is due by June second, and your reference code is eight one six three. Do not change the address.",Your Wednesday appointment is at 10.15 a.m. Your payment of $60 is due by June 2nd and your reference code is 8163. Do not change the address.,0.3142857142857143,0.8571428571428571,"{'name': {'recovered': False, 'conflict': False}, 'day': {'recovered': True, 'conflict': False}, 'time': {'recovered': True, 'conflict': False}, 'date': {'recovered': True, 'conflict': False}, 'amount': {'recovered': True, 'conflict': False}, 'code': {'recovered': True, 'conflict': False}, 'negation': {'recovered': True, 'conflict': False}}",7,6,0.7313031037526155,15.2,0.0,/content/drive/MyDrive/DataForge/noise_grid_v2/outputs/05eca3e90a16aae6/clips/critical_02_baseline_r1_speech_1_10dB.wav,415e0d738fd28739a6f885421d978e87fe40139ceab938056994e05c072e9726,/content/drive/MyDrive/DataForge/noise_masking/outputs/synthesis_cache/06c4d940de7e5f6d/e6125a0f5f8588ca84c7afc2d8bd4bc9b14080d4a6b894e39418111483b11217.wav,87898748cba499a1b38fbdb1c86ff3b8cbf540b9b72e64bb26eb4ddb85ff29b8,0.968719482421875,True,,1.0,HTTP WAV -> local PCMU roundtrip,after simulated phone codec,coda,celeste,https://users.rime.ai/v1/rime-tts,3.065162283860133,3.647591591729021,2.5343140786628666
05eca3e90a16aae62993a4e8c0622498daf075b34cb0dd9342baad1fa1a946ce,critical_02_baseline_r1_speech_1_5dB,critical_02,dev,baseline,1,speech_1_5dB,speech_1,5.0,5.000000320886219,/content/drive/.shortcut-targets-by-id/1gvOi3VP1hvG6qL4dZhVl6iPKkjXSn32n/DataForge/data/musan/speech/librivox/speech-librivox-0004.wav,76965f20b10ce0ed48beed1670d8c5ed81182a2bc797ed5e4d7dbe24c4c58ae8,0.0,False,competing_speech,0.0918381103595235,0.0943226188216253,0.0501630734351402,window_rms_no_wrap_v2,20ms_frames_within_40dB_of_peak_power_v1,8000,-41.5000002479568,active speech / extracted noise-window RMS; no wrapping,"Arun Shah, your Wednesday appointment is at ten fifteen a m, your payment of sixty dollars is due by June second, and your reference code is eight one six three. Do not change the address.","Autumn Shah, your Wednesday appointment is at 10.15am. Your payment of $60 is due by June 2nd, and your reference code is 8163. Do not change the address.",0.3428571428571428,0.8571428571428571,"{'name': {'recovered': False, 'conflict': False}, 'day': {'recovered': True, 'conflict': False}, 'time': {'recovered': True, 'conflict': False}, 'date': {'recovered': True, 'conflict': False}, 'amount': {'recovered': True, 'conflict': False}, 'code': {'recovered': True, 'conflict': False}, 'negation': {'recovered': True, 'conflict': False}}",7,6,0.6333039077661164,15.2,0.0,/content/drive/MyDrive/DataForge/noise_grid_v2/outputs/05eca3e90a16aae6/clips/critical_02_baseline_r1_speech_1_5dB.wav,3629e34bd370f1dc5641f8ec1b90ddaa219cb2559e040c790c609b050c7ba828,/content/drive/MyDrive/DataForge/noise_masking/outputs/synthesis_cache/06c4d940de7e5f6d/e6125a0f5f8588ca84c7afc2d8bd4bc9b14080d4a6b894e39418111483b11217.wav,87898748cba499a1b38fbdb1c86ff3b8cbf540b9b72e64bb26eb4ddb85ff29b8,0.968719482421875,True,,1.0,HTTP WAV -> local PCMU roundtrip,after simulated phone codec,coda,celeste,https://users.rime.ai/v1/rime-tts,3.089601617527124,3.479547011174899,2.5150601471476928
05eca3e90a16aae62993a4e8c0622498daf075b34cb0dd9342baad1fa1a946ce,critical_02_baseline_r1_speech_1_0dB,critical_02,dev,baseline,1,speech_1_0dB,speech_1,0.0,-5.613492632112856e-08,/content/drive/.shortcut-targets-by-id/1gvOi3VP1hvG6qL4dZhVl6iPKkjXSn32n/DataForge/data/musan/speech/librivox/speech-librivox-0004.wav,76965f20b10ce0ed48beed1670d8c5ed81182a2bc797ed5e4d7dbe24c4c58ae8,0.0,False,competing_speech,0.0918381103595235,0.0943226188216253,0.0892039606339803,window_rms_no_wrap_v2,20ms_frames_within_40dB_of_peak_power_v1,8000,-41.5000002479568,active speech / extracted noise-window RMS; no wrapping,"Arun Shah, your Wednesday appointment is at ten fifteen a m, your payment of sixty dollars is due by June second, and your reference code is eight one six three. Do not change the address.","Autumn Shah, your Wednesday appointment is at 10.15am, your payment of $60 is due by June 2nd, and your reference code is 8163. Do not change the address.",0.3428571428571428,0.8571428571428571,"{'name': {'recovered': False, 'conflict': False}, 'day': {'recovered': True, 'conflict': False}, 'time': {'recovered': True, 'conflict': False}, 'date': {'recovered': True, 'conflict': False}, 'amount': {'recovered': True, 'conflict': False}, 'code': {'recovered': True, 'conflict': False}, 'negation': {'recovered': True, 'conflict': False}}",7,6,0.531177508568697,15.2,0.0,/content/drive/MyDrive/DataForge/noise_grid_v2/outputs/05eca3e90a16aae6/clips/critical_02_baseline_r1_speech_1_0dB.wav,6518d7fbeda6efd0d2ce629cef99672b31efa3cd68747da446006a3051df07aa,/content/drive/MyDrive/DataForge/noise_masking/outputs/synthesis_cache/06c4d940de7e5f6d/e6125a0f5f8588ca84c7afc2d8bd4bc9b14080d4a6b894e39418111483b11217.wav,87898748cba499a1b38fbdb1c86ff3b8cbf540b9b72e64bb26eb4ddb85ff29b8,0.968719482421875,True,,1.0,HTTP WAV -> local PCMU roundtrip,after simulated phone codec,coda,celeste,https://users.rime.ai/v1/rime-tts,3.166281942885137,3.1438545936500613,2.4072355763182016
05eca3e90a16aae62993a4e8c0622498daf075b34cb0dd9342baad1fa1a946ce,critical_02_baseline_r1_speech_1_-5dB,critical_02,dev,baseline,1,speech_1_-5dB,speech_1,-5.0,-4.999999997523583,/content/drive/.shortcut-targets-by-id/1gvOi3VP1hvG6qL4dZhVl6iPKkjXSn32n/DataForge/data/musan/speech/librivox/speech-librivox-0004.wav,76965f20b10ce0ed48beed1670d8c5ed81182a2bc797ed5e4d7dbe24c4c58ae8,0.0,False,competing_speech,0.0918381103595235,0.0943226188216253,0.1586295664893298,window_rms_no_wrap_v2,20ms_frames_within_40dB_of_peak_power_v1,8000,-41.5000002479568,active speech / extracted noise-window RMS; no wrapping,"Arun Shah, your Wednesday appointment is at ten fifteen a m, your payment of sixty dollars is due by June second, and your reference code is eight one six three. Do not change the address.",Auto shots your Wednesday when you see that 10.15am your payment of $60 is due by June 2nd and your reference code is 816363. Do not change the address.,0.4571428571428571,0.7142857142857143,"{'name': {'recovered': False, 'conflict': False}, 'day': {'recovered': True, 'conflict': False}, 'time': {'recovered': True, 'conflict': False}, 'date': {'recovered': True, 'conflict': False}, 'amount': {'recovered': True, 'conflict': False}, 'code': {'recovered': False, 'conflict': False}, 'negation': {'recovered': True, 'conflict': False}}",7,5,0.434460352405328,15.2,0.0,/content/drive/MyDrive/DataForge/noise_grid_v2/outputs/05eca3e90a16aae6/clips/critical_02_baseline_r1_speech_1_-5dB.wav,39d6a5b2a4d5ac47b81a491d281c6ac92b5f76e880f7786602e06593900c13d0,/content/drive/MyDrive/DataForge/noise_masking/outputs/synthesis_cache/06c4d940de7e5f6d/e6125a0f5f8588ca84c7afc2d8bd4bc9b14080d4a6b894e39418111483b11217.wav,87898748cba499a1b38fbdb1c86ff3b8cbf540b9b72e64bb26eb4ddb85ff29b8,0.968719482421875,True,,1.0,HTTP WAV -> local PCMU roundtrip,after simulated phone codec,coda,celeste,https://users.rime.ai/v1/rime-tts,3.148120945600098,3.023177293441037,2.3464785634163072
05eca3e90a16aae62993a4e8c0622498daf075b34cb0dd9342baad1fa1a946ce,critical_02_baseline_r1_speech_2_15dB,critical_02,dev,baseline,1,speech_2_15dB,speech_2,15.0,14.999999875944956,/content/drive/.shortcut-targets-by-id/1gvOi3VP1hvG6qL4dZhVl6iPKkjXSn32n/DataForge/data/musan/speech/librivox/speech-librivox-0003.wav,8c1370aaca2843057072ded459deb739413910e7a2c5a1f21d3e04c2b3fe4c6b,0.0,False,competing_speech,0.0861615546950171,0.0900869461526053,0.0166087949173755,window_rms_no_wrap_v2,20ms_frames_within_40dB_of_peak_power_v1,8000,-41.5000002479568,active speech / extracted noise-window RMS; no wrapping,"Arun Shah, your Wednesday appointment is at ten fifteen a m, your payment of sixty dollars is due by June second, and your reference code is eight one six three. Do not change the address.","Arun Shah, your Wednesday appointment is at 10.15am, your payment of $60 is due by June 2nd, and your reference code is 8163. Do not change the address.",0.3142857142857143,1.0,"{'name': {'recovered': True, 'conflict': False}, 'day': {'recovered': True, 'conflict': False}, 'time': {'recovered': True, 'conflict': False}, 'date': {'recovered': True, 'conflict': False}, 'amount': {'recovered': True, 'conflict': False}, 'code': {'recovered': True, 'conflict': False}, 'negation': {'recovered': True, 'conflict': False}}",7,7,0.8166170231652085,15.2,0.0,/content/drive/MyDrive/DataForge/noise_grid_v2/outputs/05eca3e90a16aae6/clips/critical_02_baseline_r1_speech_2_15dB.wav,e2735d2a6ea1959fd18cd1f6cd575d346fc0fe4b85db1bf3a3b6b4b135daa57c,/content/drive/MyDrive/DataForge/noise_masking/outputs/synthesis_cache/06c4d940de7e5f6d/e6125a0f5f8588ca84c7afc2d8bd4bc9b14080d4a6b894e39418111483b11217.wav,87898748cba499a1b38fbdb1c86ff3b8cbf540b9b72e64bb26eb4ddb85ff29b8,0.968719482421875,True,,1.0,HTTP WAV -> local PCMU roundtrip,after simulated phone codec,coda,celeste,https://users.rime.ai/v1/rime-tts,3.2473915399917987,3.855097762669523,2.770091534402461
05eca3e90a16aae62993a4e8c0622498daf075b34cb0dd9342baad1fa1a946ce,critical_02_baseline_r1_speech_2_10dB,critical_02,dev,baseline,1,speech_2_10dB,speech_2,10.0,10.000000158332378,/content/drive/.shortcut-targets-by-id/1gvOi3VP1hvG6qL4dZhVl6iPKkjXSn32n/DataForge/data/musan/speech/librivox/speech-librivox-0003.wav,8c1370aaca2843057072ded459deb739413910e7a2c5a1f21d3e04c2b3fe4c6b,0.0,False,competing_speech,0.0861615546950171,0.0900869461526053,0.0295350780271279,window_rms_no_wrap_v2,20ms_frames_within_40dB_of_peak_power_v1,8000,-41.5000002479568,active speech / extracted noise-window RMS; no wrapping,"Arun Shah, your Wednesday appointment is at ten fifteen a m, your payment of sixty dollars is due by June second, and your reference code is eight one six three. Do not change the address.","Arun Shah, your Wednesday appointment is at 10.15am, your payment of $60 is due by June 2nd, and your reference code is 8163. Do not change the address.",0.3142857142857143,1.0,"{'name': {'recovered': True, 'conflict': False}, 'day': {'recovered': True, 'conflict': False}, 'time': {'recovered': True, 'conflict': False}, 'date': {'recovered': True, 'conflict': False}, 'amount': {'recovered': True, 'conflict': False}, 'code': {'recovered': True, 'conflict': False}, 'negation': {'recovered': True, 'conflict': False}}",7,7,0.7502669952688725,15.2,0.0,/content/drive/MyDrive/DataForge/noise_grid_v2/outputs/05eca3e90a16aae6/clips/critical_02_baseline_r1_speech_2_10dB.wav,9c6be39b613fe11de6ad99432a40f3db841072c9d6503c3951104b6adb0e7f2b,/content/drive/MyDrive/DataForge/noise_masking/outputs/synthesis_cache/06c4d940de7e5f6d/e6125a0f5f8588ca84c7afc2d8bd4bc9b14080d4a6b894e39418111483b11217.wav,87898748cba499a1b38fbdb1c86ff3b8cbf540b9b72e64bb26eb4ddb85ff29b8,0.968719482421875,True,,1.0,HTTP WAV -> local PCMU roundtrip,after simulated phone codec,coda,celeste,https://users.rime.ai/v1/rime-tts,3.253270408350374,3.7906410915012367,2.7670007111558474
05eca3e90a16aae62993a4e8c0622498daf075b34cb0dd9342baad1fa1a946ce,critical_02_baseline_r1_speech_2_5dB,critical_02,dev,baseline,1,speech_2_5dB,speech_2,5.0,5.000000196957029,/content/drive/.shortcut-targets-by-id/1gvOi3VP1hvG6qL4dZhVl6iPKkjXSn32n/DataForge/data/musan/speech/librivox/speech-librivox-0003.wav,8c1370aaca2843057072ded459deb739413910e7a2c5a1f21d3e04c2b3fe4c6b,0.0,False,competing_speech,0.0861615546950171,0.0900869461526053,0.0525216211295347,window_rms_no_wrap_v2,20ms_frames_within_40dB_of_peak_power_v1,8000,-41.5000002479568,active speech / extracted noise-window RMS; no wrapping,"Arun Shah, your Wednesday appointment is at ten fifteen a m, your payment of sixty dollars is due by June second, and your reference code is eight one six three. Do not change the address.","Arun Shah, your Wednesday appointment is at 10.15am, your payment of $60 is due by June 2nd, and your reference code is 8163. Do not change the address.",0.3142857142857143,1.0,"{'name': {'recovered': True, 'conflict': False}, 'day': {'recovered': True, 'conflict': False}, 'time': {'recovered': True, 'conflict': False}, 'date': {'recovered': True, 'conflict': False}, 'amount': {'recovered': True, 'conflict': False}, 'code': {'recovered': True, 'conflict': False}, 'negation': {'recovered': True, 'conflict': False}}",7,7,0.6762718982441989,15.2,0.0,/content/drive/MyDrive/DataForge/noise_grid_v2/outputs/05eca3e90a16aae6/clips/critical_02_baseline_r1_speech_2_5dB.wav,e500beb98d6ffe63c3ebf1ab1d8786f97d71fd9a72afbd130e96f954be13d194,/content/drive/MyDrive/DataForge/noise_masking/outputs/synthesis_cache/06c4d940de7e5f6d/e6125a0f5f8588ca84c7afc2d8bd4bc9b14080d4a6b894e39418111483b11217.wav,87898748cba499a1b38fbdb1c86ff3b8cbf540b9b72e64bb26eb4ddb85ff29b8,0.968719482421875,True,,1.0,HTTP WAV -> local PCMU roundtrip,after simulated phone codec,coda,celeste,https://users.rime.ai/v1/rime-tts,3.2807175844842877,3.607340482590941,2.7236166130027297
05eca3e90a16aae62993a4e8c0622498daf075b34cb0dd9342baad1fa1a946ce,critical_02_baseline_r1_speech_2_0dB,critical_02,dev,baseline,1,speech_2_0dB,speech_2,0.0,8.18078889895189e-08,/content/drive/.shortcut-targets-by-id/1gvOi3VP1hvG6qL4dZhVl6iPKkjXSn32n/DataForge/data/musan/speech/librivox/speech-librivox-0003.wav,8c1370aaca2843057072ded459deb739413910e7a2c5a1f21d3e04c2b3fe4c6b,0.0,False,competing_speech,0.0861615546950171,0.0900869461526053,0.0933981174365168,window_rms_no_wrap_v2,20ms_frames_within_40dB_of_peak_power_v1,8000,-41.5000002479568,active speech / extracted noise-window RMS; no wrapping,"Arun Shah, your Wednesday appointment is at ten fifteen a m, your payment of sixty dollars is due by June second, and your reference code is eight one six three. Do not change the address.","Aransha, your Wednesday appointment is at 10.15am, the payment of $60 is due by June 2nd, and your reference code is 8163. Do not change the address.",0.4,0.8571428571428571,"{'name': {'recovered': False, 'conflict': False}, 'day': {'recovered': True, 'conflict': False}, 'time': {'recovered': True, 'conflict': False}, 'date': {'recovered': True, 'conflict': False}, 'amount': {'recovered': True, 'conflict': False}, 'code': {'recovered': True, 'conflict': False}, 'negation': {'recovered': True, 'conflict': False}}",7,6,0.594592783861423,15.2,0.0,/content/drive/MyDrive/DataForge/noise_grid_v2/outputs/05eca3e90a16aae6/clips/critical_02_baseline_r1_speech_2_0dB.wav,9ace022e5d7534e4ec46d283459637dc1d29135ae87b906481b24a1ef2ed3b8d,/content/drive/MyDrive/DataForge/noise_masking/outputs/synthesis_cache/06c4d940de7e5f6d/e6125a0f5f8588ca84c7afc2d8bd4bc9b14080d4a6b894e39418111483b11217.wav,87898748cba499a1b38fbdb1c86ff3b8cbf540b9b72e64bb26eb4ddb85ff29b8,0.968719482421875,True,,1.0,HTTP WAV -> local PCMU roundtrip,after simulated phone codec,coda,celeste,https://users.rime.ai/v1/rime-tts,3.347988963431201,3.564004460514469,2.787346824194437
05eca3e90a16aae62993a4e8c0622498daf075b34cb0dd9342baad1fa1a946ce,critical_02_baseline_r1_speech_2_-5dB,critical_02,dev,baseline,1,speech_2_-5dB,speech_2,-5.0,-5.000000316923124,/content/drive/.shortcut-targets-by-id/1gvOi3VP1hvG6qL4dZhVl6iPKkjXSn32n/DataForge/data/musan/speech/librivox/speech-librivox-0003.wav,8c1370aaca2843057072ded459deb739413910e7a2c5a1f21d3e04c2b3fe4c6b,0.0,False,competing_speech,0.0861615546950171,0.0900869461526053,0.1660879491737552,window_rms_no_wrap_v2,20ms_frames_within_40dB_of_peak_power_v1,8000,-41.5000002479568,active speech / extracted noise-window RMS; no wrapping,"Arun Shah, your Wednesday appointment is at ten fifteen a m, your payment of sixty dollars is due by June second, and your reference code is eight one six three. Do not change the address.","A machine that flies by the Times Dispatch, Richmond, Virginia, for the 1993 collection. This is a LiberVox recording. All LiberVox recordings are in the public domain.",0.9714285714285714,0.0,"{'name': {'recovered': False, 'conflict': False}, 'day': {'recovered': False, 'conflict': False}, 'time': {'recovered': False, 'conflict': False}, 'date': {'recovered': False, 'conflict': False}, 'amount': {'recovered': False, 'conflict': False}, 'code': {'recovered': False, 'conflict': False}, 'negation': {'recovered': False, 'conflict': False}}",7,0,0.5135494161515548,15.2,0.0,/content/drive/MyDrive/DataForge/noise_grid_v2/outputs/05eca3e90a16aae6/clips/critical_02_baseline_r1_speech_2_-5dB.wav,4f2d7d41a0f1fa2d312421e39f28c6c7edcec8004fc9bbc969887117f7ef953e,/content/drive/MyDrive/DataForge/noise_masking/outputs/synthesis_cache/06c4d940de7e5f6d/e6125a0f5f8588ca84c7afc2d8bd4bc9b14080d4a6b894e39418111483b11217.wav,87898748cba499a1b38fbdb1c86ff3b8cbf540b9b72e64bb26eb4ddb85ff29b8,0.968719482421875,True,,1.0,HTTP WAV -> local PCMU roundtrip,after simulated phone codec,coda,celeste,https://users.rime.ai/v1/rime-tts,3.354669654765408,3.489106854286298,2.7818511172122795
05eca3e90a16aae62993a4e8c0622498daf075b34cb0dd9342baad1fa1a946ce,critical_02_baseline_r1_environment_1_15dB,critical_02,dev,baseline,1,environment_1_15dB,environment_1,15.0,15.000000094806287,/content/drive/.shortcut-targets-by-id/1gvOi3VP1hvG6qL4dZhVl6iPKkjXSn32n/DataForge/data/musan/noise/free-sound/noise-free-sound-0397.wav,381b7347876f96d6a287a55e578b9ac8f3e5d2fa4ac35d9fb7a9a52c2bdbce24,0.0,False,environmental_noise,0.0127726895944802,0.014423464449527,0.1037362152912113,window_rms_no_wrap_v2,20ms_frames_within_40dB_of_peak_power_v1,8000,-41.5000002479568,active speech / extracted noise-window RMS; no wrapping,"Arun Shah, your Wednesday appointment is at ten fifteen a m, your payment of sixty dollars is due by June second, and your reference code is eight one six three. Do not change the address.","Arun Shah, your Wednesday appointment is at 10.15 a.m., your payment of $60 is due by June 2nd, and your reference code is 8163. Do not change the address.",0.2571428571428571,1.0,"{'name': {'recovered': True, 'conflict': False}, 'day': {'recovered': True, 'conflict': False}, 'time': {'recovered': True, 'conflict': False}, 'date': {'recovered': True, 'conflict': False}, 'amount': {'recovered': True, 'conflict': False}, 'code': {'recovered': True, 'conflict': False}, 'negation': {'recovered': True, 'conflict': False}}",7,7,0.8173316032266486,15.2,0.0,/content/drive/MyDrive/DataForge/noise_grid_v2/outputs/05eca3e90a16aae6/clips/critical_02_baseline_r1_environment_1_15dB.wav,71f1577c5c22aa8ed82c9bc20c1e5378edbf93c25e9d37e93972f0067a970fc7,/content/drive/MyDrive/DataForge/noise_masking/outputs/synthesis_cache/06c4d940de7e5f6d/e6125a0f5f8588ca84c7afc2d8bd4bc9b14080d4a6b894e39418111483b11217.wav,87898748cba499a1b38fbdb1c86ff3b8cbf540b9b72e64bb26eb4ddb85ff29b8,0.968719482421875,True,,1.0,HTTP WAV -> local PCMU roundtrip,after simulated phone codec,coda,celeste,https://users.rime.ai/v1/rime-tts,3.3528840283608567,3.655189698803789,2.7715412575995835
05eca3e90a16aae62993a4e8c0622498daf075b34cb0dd9342baad1fa1a946ce,critical_02_baseline_r1_environment_1_10dB,critical_02,dev,baseline,1,environment_1_10dB,environment_1,10.0,9.99999981731847,/content/drive/.shortcut-targets-by-id/1gvOi3VP1hvG6qL4dZhVl6iPKkjXSn32n/DataForge/data/musan/noise/free-sound/noise-free-sound-0397.wav,381b7347876f96d6a287a55e578b9ac8f3e5d2fa4ac35d9fb7a9a52c2bdbce24,0.0,False,environmental_noise,0.0127726895944802,0.014423464449527,0.184471975727726,window_rms_no_wrap_v2,20ms_frames_within_40dB_of_peak_power_v1,8000,-41.5000002479568,active speech / extracted noise-window RMS; no wrapping,"Arun Shah, your Wednesday appointment is at ten fifteen a m, your payment of sixty dollars is due by June second, and your reference code is eight one six three. Do not change the address.","Arun Shah, your Wednesday appointment is at 10.15am, your payment of $60 is due by June 2nd, and your reference code is 8163. Do not change the address.",0.3142857142857143,1.0,"{'name': {'recovered': True, 'conflict': False}, 'day': {'recovered': True, 'conflict': False}, 'time': {'recovered': True, 'conflict': False}, 'date': {'recovered': True, 'conflict': False}, 'amount': {'recovered': True, 'conflict': False}, 'code': {'recovered': True, 'conflict': False}, 'negation': {'recovered': True, 'conflict': False}}",7,7,0.7535549712164435,15.2,0.0,/content/drive/MyDrive/DataForge/noise_grid_v2/outputs/05eca3e90a16aae6/clips/critical_02_baseline_r1_environment_1_10dB.wav,7e248012599e9fde0227aab5f87b3cb36cb22f9914d39655e7e16d32108f7e86,/content/drive/MyDrive/DataForge/noise_masking/outputs/synthesis_cache/06c4d940de7e5f6d/e6125a0f5f8588ca84c7afc2d8bd4bc9b14080d4a6b894e39418111483b11217.wav,87898748cba499a1b38fbdb1c86ff3b8cbf540b9b72e64bb26eb4ddb85ff29b8,0.968719482421875,True,,1.0,HTTP WAV -> local PCMU roundtrip,after simulated phone codec,coda,celeste,https://users.rime.ai/v1/rime-tts,3.29649694234251,3.2118562364676726,2.4883258199742544
05eca3e90a16aae62993a4e8c0622498daf075b34cb0dd9342baad1fa1a946ce,critical_02_baseline_r1_environment_1_5dB,critical_02,dev,baseline,1,environment_1_5dB,environment_1,5.0,5.000000002323599,/content/drive/.shortcut-targets-by-id/1gvOi3VP1hvG6qL4dZhVl6iPKkjXSn32n/DataForge/data/musan/noise/free-sound/noise-free-sound-0397.wav,381b7347876f96d6a287a55e578b9ac8f3e5d2fa4ac35d9fb7a9a52c2bdbce24,0.0,False,environmental_noise,0.0127726895944802,0.014423464449527,0.3280427161658152,window_rms_no_wrap_v2,20ms_frames_within_40dB_of_peak_power_v1,8000,-41.5000002479568,active speech / extracted noise-window RMS; no wrapping,"Arun Shah, your Wednesday appointment is at ten fifteen a m, your payment of sixty dollars is due by June second, and your reference code is eight one six three. Do not change the address.","Arun Shah, your Wednesday appointment is at 10.15am, your payment of $60 is due by June 2nd, and your reference code is 8163. Do not change the address.",0.3142857142857143,1.0,"{'name': {'recovered': True, 'conflict': False}, 'day': {'recovered': True, 'conflict': False}, 'time': {'recovered': True, 'conflict': False}, 'date': {'recovered': True, 'conflict': False}, 'amount': {'recovered': True, 'conflict': False}, 'code': {'recovered': True, 'conflict': False}, 'negation': {'recovered': True, 'conflict': False}}",7,7,0.6791523367162763,15.2,0.0,/content/drive/MyDrive/DataForge/noise_grid_v2/outputs/05eca3e90a16aae6/clips/critical_02_baseline_r1_environment_1_5dB.wav,988e154075fb7d1251948fbc6fd128e23fab30c9b2a43b1ee4f017cd3f4f2a2a,/content/drive/MyDrive/DataForge/noise_masking/outputs/synthesis_cache/06c4d940de7e5f6d/e6125a0f5f8588ca84c7afc2d8bd4bc9b14080d4a6b894e39418111483b11217.wav,87898748cba499a1b38fbdb1c86ff3b8cbf540b9b72e64bb26eb4ddb85ff29b8,0.968719482421875,True,,1.0,HTTP WAV -> local PCMU roundtrip,after simulated phone codec,coda,celeste,https://users.rime.ai/v1/rime-tts,3.228177297115,2.757458944103542,2.2144854010906365
05eca3e90a16aae62993a4e8c0622498daf075b34cb0dd9342baad1fa1a946ce,critical_02_baseline_r1_environment_1_0dB,critical_02,dev,baseline,1,environment_1_0dB,environment_1,0.0,-6.83832883306135e-08,/content/drive/.shortcut-targets-by-id/1gvOi3VP1hvG6qL4dZhVl6iPKkjXSn32n/DataForge/data/musan/noise/free-sound/noise-free-sound-0397.wav,381b7347876f96d6a287a55e578b9ac8f3e5d2fa4ac35d9fb7a9a52c2bdbce24,0.0,False,environmental_noise,0.0127726895944802,0.014423464449527,0.5833516077709116,window_rms_no_wrap_v2,20ms_frames_within_40dB_of_peak_power_v1,8000,-41.5000002479568,active speech / extracted noise-window RMS; no wrapping,"Arun Shah, your Wednesday appointment is at ten fifteen a m, your payment of sixty dollars is due by June second, and your reference code is eight one six three. Do not change the address.","Your Wednesday appointment is at 10.15am, your payment of $60 is due by June 2nd, and your reference code is 8163. Do not change the address.",0.3714285714285714,0.8571428571428571,"{'name': {'recovered': False, 'conflict': False}, 'day': {'recovered': True, 'conflict': False}, 'time': {'recovered': True, 'conflict': False}, 'date': {'recovered': True, 'conflict': False}, 'amount': {'recovered': True, 'conflict': False}, 'code': {'recovered': True, 'conflict': False}, 'negation': {'recovered': True, 'conflict': False}}",7,6,0.6004651445861813,15.2,0.0,/content/drive/MyDrive/DataForge/noise_grid_v2/outputs/05eca3e90a16aae6/clips/critical_02_baseline_r1_environment_1_0dB.wav,84d7b2e950c170b668a0dd29b46c33dfc1c34ed34744616bd7b66d8246bbb81e,/content/drive/MyDrive/DataForge/noise_masking/outputs/synthesis_cache/06c4d940de7e5f6d/e6125a0f5f8588ca84c7afc2d8bd4bc9b14080d4a6b894e39418111483b11217.wav,87898748cba499a1b38fbdb1c86ff3b8cbf540b9b72e64bb26eb4ddb85ff29b8,0.968719482421875,True,,1.0,HTTP WAV -> local PCMU roundtrip,after simulated phone codec,coda,celeste,https://users.rime.ai/v1/rime-tts,3.144685720365641,2.4717107438458816,2.092208152501633
05eca3e90a16aae62993a4e8c0622498daf075b34cb0dd9342baad1fa1a946ce,critical_02_baseline_r1_environment_1_-5dB,critical_02,dev,baseline,1,environment_1_-5dB,environment_1,-5.0,-4.999999540863968,/content/drive/.shortcut-targets-by-id/1gvOi3VP1hvG6qL4dZhVl6iPKkjXSn32n/DataForge/data/musan/noise/free-sound/noise-free-sound-0397.wav,381b7347876f96d6a287a55e578b9ac8f3e5d2fa4ac35d9fb7a9a52c2bdbce24,0.0,False,environmental_noise,0.0127726895944802,0.014423464449527,1.0373621529121138,window_rms_no_wrap_v2,20ms_frames_within_40dB_of_peak_power_v1,8000,-41.5000002479568,active speech / extracted noise-window RMS; no wrapping,"Arun Shah, your Wednesday appointment is at ten fifteen a m, your payment of sixty dollars is due by June second, and your reference code is eight one six three. Do not change the address.","Your Wednesday appointment is at 10.15am, your payment of $60 is due in a few seconds, and your reference code is 8163. Do not change the address.",0.4571428571428571,0.7142857142857143,"{'name': {'recovered': False, 'conflict': False}, 'day': {'recovered': True, 'conflict': False}, 'time': {'recovered': True, 'conflict': False}, 'date': {'recovered': False, 'conflict': False}, 'amount': {'recovered': True, 'conflict': False}, 'code': {'recovered': True, 'conflict': False}, 'negation': {'recovered': True, 'conflict': False}}",7,5,0.5183618635678058,15.2,0.0,/content/drive/MyDrive/DataForge/noise_grid_v2/outputs/05eca3e90a16aae6/clips/critical_02_baseline_r1_environment_1_-5dB.wav,87162b519bca33b8cd2f3c04913d26d002658e2143c26384bdbbcbee4dae6111,/content/drive/MyDrive/DataForge/noise_masking/outputs/synthesis_cache/06c4d940de7e5f6d/e6125a0f5f8588ca84c7afc2d8bd4bc9b14080d4a6b894e39418111483b11217.wav,87898748cba499a1b38fbdb1c86ff3b8cbf540b9b72e64bb26eb4ddb85ff29b8,0.968719482421875,True,,1.0,HTTP WAV -> local PCMU roundtrip,after simulated phone codec,coda,celeste,https://users.rime.ai/v1/rime-tts,2.34545988677618,1.7721138316336302,1.592281527556218
05eca3e90a16aae62993a4e8c0622498daf075b34cb0dd9342baad1fa1a946ce,critical_02_baseline_r1_environment_2_15dB,critical_02,dev,baseline,1,environment_2_15dB,environment_2,15.0,14.999999954766992,/content/drive/.shortcut-targets-by-id/1gvOi3VP1hvG6qL4dZhVl6iPKkjXSn32n/DataForge/data/musan/noise/free-sound/noise-free-sound-0131.wav,4c75a309561d719f6d0c34738b78912ac976aa854541c6452e4e34ffcaaa3e5e,0.0,False,environmental_noise,0.0838667840138316,0.0850608204186854,0.0175901855403759,window_rms_no_wrap_v2,20ms_frames_within_40dB_of_peak_power_v1,8000,-41.5000002479568,active speech / extracted noise-window RMS; no wrapping,"Arun Shah, your Wednesday appointment is at ten fifteen a m, your payment of sixty dollars is due by June second, and your reference code is eight one six three. Do not change the address.","Arun Shah, your Wednesday appointment is at 10.15am, your payment of $60 is due by June 2nd, and your reference code is 8163. Do not change the address.",0.3142857142857143,1.0,"{'name': {'recovered': True, 'conflict': False}, 'day': {'recovered': True, 'conflict': False}, 'time': {'recovered': True, 'conflict': False}, 'date': {'recovered': True, 'conflict': False}, 'amount': {'recovered': True, 'conflict': False}, 'code': {'recovered': True, 'conflict': False}, 'negation': {'recovered': True, 'conflict': False}}",7,7,0.8856170835568254,15.2,0.0,/content/drive/MyDrive/DataForge/noise_grid_v2/outputs/05eca3e90a16aae6/clips/critical_02_baseline_r1_environment_2_15dB.wav,6b782abac8357d341c9031167b86788b881a5b472cdf8bc002d62c6c0f4566d0,/content/drive/MyDrive/DataForge/noise_masking/outputs/synthesis_cache/06c4d940de7e5f6d/e6125a0f5f8588ca84c7afc2d8bd4bc9b14080d4a6b894e39418111483b11217.wav,87898748cba499a1b38fbdb1c86ff3b8cbf540b9b72e64bb26eb4ddb85ff29b8,0.968719482421875,True,,1.0,HTTP WAV -> local PCMU roundtrip,after simulated phone codec,coda,celeste,https://users.rime.ai/v1/rime-tts,3.3154789925575767,3.6367173020263546,2.6683509389531355
05eca3e90a16aae62993a4e8c0622498daf075b34cb0dd9342baad1fa1a946ce,critical_02_baseline_r1_environment_2_10dB,critical_02,dev,baseline,1,environment_2_10dB,environment_2,10.0,10.00000013931848,/content/drive/.shortcut-targets-by-id/1gvOi3VP1hvG6qL4dZhVl6iPKkjXSn32n/DataForge/data/musan/noise/free-sound/noise-free-sound-0131.wav,4c75a309561d719f6d0c34738b78912ac976aa854541c6452e4e34ffcaaa3e5e,0.0,False,environmental_noise,0.0838667840138316,0.0850608204186854,0.0312802647652148,window_rms_no_wrap_v2,20ms_frames_within_40dB_of_peak_power_v1,8000,-41.5000002479568,active speech / extracted noise-window RMS; no wrapping,"Arun Shah, your Wednesday appointment is at ten fifteen a m, your payment of sixty dollars is due by June second, and your reference code is eight one six three. Do not change the address.","Arun Shah, your Wednesday appointment is at 10.15 a.m., your payment of $60 is due by June 2nd, and your reference code is 8163. Do not change the address.",0.2571428571428571,1.0,"{'name': {'recovered': True, 'conflict': False}, 'day': {'recovered': True, 'conflict': False}, 'time': {'recovered': True, 'conflict': False}, 'date': {'recovered': True, 'conflict': False}, 'amount': {'recovered': True, 'conflict': False}, 'code': {'recovered': True, 'conflict': False}, 'negation': {'recovered': True, 'conflict': False}}",7,7,0.8441536132390425,15.2,0.0,/content/drive/MyDrive/DataForge/noise_grid_v2/outputs/05eca3e90a16aae6/clips/critical_02_baseline_r1_environment_2_10dB.wav,b51d54b880eabc4839ff6fddef7b19bcc534ffcb1829af2badd36b5080efbd68,/content/drive/MyDrive/DataForge/noise_masking/outputs/synthesis_cache/06c4d940de7e5f6d/e6125a0f5f8588ca84c7afc2d8bd4bc9b14080d4a6b894e39418111483b11217.wav,87898748cba499a1b38fbdb1c86ff3b8cbf540b9b72e64bb26eb4ddb85ff29b8,0.968719482421875,True,,1.0,HTTP WAV -> local PCMU roundtrip,after simulated phone codec,coda,celeste,https://users.rime.ai/v1/rime-tts,3.389661693821592,3.4947803587766257,2.6738913609080366
05eca3e90a16aae62993a4e8c0622498daf075b34cb0dd9342baad1fa1a946ce,critical_02_baseline_r1_environment_2_5dB,critical_02,dev,baseline,1,environment_2_5dB,environment_2,5.0,4.999999926384183,/content/drive/.shortcut-targets-by-id/1gvOi3VP1hvG6qL4dZhVl6iPKkjXSn32n/DataForge/data/musan/noise/free-sound/noise-free-sound-0131.wav,4c75a309561d719f6d0c34738b78912ac976aa854541c6452e4e34ffcaaa3e5e,0.0,False,environmental_noise,0.0838667840138316,0.0850608204186854,0.0556250507725476,window_rms_no_wrap_v2,20ms_frames_within_40dB_of_peak_power_v1,8000,-41.5000002479568,active speech / extracted noise-window RMS; no wrapping,"Arun Shah, your Wednesday appointment is at ten fifteen a m, your payment of sixty dollars is due by June second, and your reference code is eight one six three. Do not change the address.","Arun Shah, your Wednesday appointment is at 10.15 a.m., your payment of $60 is due by June 2nd, and your reference code is 8163. Do not change the address.",0.2571428571428571,1.0,"{'name': {'recovered': True, 'conflict': False}, 'day': {'recovered': True, 'conflict': False}, 'time': {'recovered': True, 'conflict': False}, 'date': {'recovered': True, 'conflict': False}, 'amount': {'recovered': True, 'conflict': False}, 'code': {'recovered': True, 'conflict': False}, 'negation': {'recovered': True, 'conflict': False}}",7,7,0.7851801085668826,15.2,0.0,/content/drive/MyDrive/DataForge/noise_grid_v2/outputs/05eca3e90a16aae6/clips/critical_02_baseline_r1_environment_2_5dB.wav,96d81d62df450c1d95608793138f00191e7c987593d14b9139ca8675ecae9c71,/content/drive/MyDrive/DataForge/noise_masking/outputs/synthesis_cache/06c4d940de7e5f6d/e6125a0f5f8588ca84c7afc2d8bd4bc9b14080d4a6b894e39418111483b11217.wav,87898748cba499a1b38fbdb1c86ff3b8cbf540b9b72e64bb26eb4ddb85ff29b8,0.968719482421875,True,,1.0,HTTP WAV -> local PCMU roundtrip,after simulated phone codec,coda,celeste,https://users.rime.ai/v1/rime-tts,3.3886743440857034,3.2832431349386217,2.58207361428856
05eca3e90a16aae62993a4e8c0622498daf075b34cb0dd9342baad1fa1a946ce,critical_02_baseline_r1_environment_2_0dB,critical_02,dev,baseline,1,environment_2_0dB,environment_2,0.0,1.4735866483331878e-07,/content/drive/.shortcut-targets-by-id/1gvOi3VP1hvG6qL4dZhVl6iPKkjXSn32n/DataForge/data/musan/noise/free-sound/noise-free-sound-0131.wav,4c75a309561d719f6d0c34738b78912ac976aa854541c6452e4e34ffcaaa3e5e,0.0,False,environmental_noise,0.0838667840138316,0.0850608204186854,0.0989168824711911,window_rms_no_wrap_v2,20ms_frames_within_40dB_of_peak_power_v1,8000,-41.5000002479568,active speech / extracted noise-window RMS; no wrapping,"Arun Shah, your Wednesday appointment is at ten fifteen a m, your payment of sixty dollars is due by June second, and your reference code is eight one six three. Do not change the address.","Your Wednesday appointment is at 10.15am. Your payment of $60 is due by June 2nd, and your reference code is 8.163. Do not change the address.",0.3714285714285714,0.7142857142857143,"{'name': {'recovered': False, 'conflict': False}, 'day': {'recovered': True, 'conflict': False}, 'time': {'recovered': True, 'conflict': False}, 'date': {'recovered': True, 'conflict': False}, 'amount': {'recovered': True, 'conflict': False}, 'code': {'recovered': False, 'conflict': False}, 'negation': {'recovered': True, 'conflict': False}}",7,5,0.706801786168301,15.2,0.0,/content/drive/MyDrive/DataForge/noise_grid_v2/outputs/05eca3e90a16aae6/clips/critical_02_baseline_r1_environment_2_0dB.wav,ab901ff85734e576a05ab052f5d352a10bc8e39268f6977c2fc87a583766e743,/content/drive/MyDrive/DataForge/noise_masking/outputs/synthesis_cache/06c4d940de7e5f6d/e6125a0f5f8588ca84c7afc2d8bd4bc9b14080d4a6b894e39418111483b11217.wav,87898748cba499a1b38fbdb1c86ff3b8cbf540b9b72e64bb26eb4ddb85ff29b8,0.968719482421875,True,,1.0,HTTP WAV -> local PCMU roundtrip,after simulated phone codec,coda,celeste,https://users.rime.ai/v1/rime-tts,3.3474324737174888,2.9907470556442077,2.492924930938961
05eca3e90a16aae62993a4e8c0622498daf075b34cb0dd9342baad1fa1a946ce,critical_02_baseline_r1_environment_2_-5dB,critical_02,dev,baseline,1,environment_2_-5dB,environment_2,-5.0,-5.000000227758684,/content/drive/.shortcut-targets-by-id/1gvOi3VP1hvG6qL4dZhVl6iPKkjXSn32n/DataForge/data/musan/noise/free-sound/noise-free-sound-0131.wav,4c75a309561d719f6d0c34738b78912ac976aa854541c6452e4e34ffcaaa3e5e,0.0,False,environmental_noise,0.0838667840138316,0.0850608204186854,0.1759018554037592,window_rms_no_wrap_v2,20ms_frames_within_40dB_of_peak_power_v1,8000,-41.5000002479568,active speech / extracted noise-window RMS; no wrapping,"Arun Shah, your Wednesday appointment is at ten fifteen a m, your payment of sixty dollars is due by June second, and your reference code is eight one six three. Do not change the address.",Your Wednesday appointment is at 10.15 a.m. Your payment of $60 is due by June 2nd and your reference code is 8163. Do not change the address.,0.3142857142857143,0.8571428571428571,"{'name': {'recovered': False, 'conflict': False}, 'day': {'recovered': True, 'conflict': False}, 'time': {'recovered': True, 'conflict': False}, 'date': {'recovered': True, 'conflict': False}, 'amount': {'recovered': True, 'conflict': False}, 'code': {'recovered': True, 'conflict': False}, 'negation': {'recovered': True, 'conflict': False}}",7,6,0.6078254843800868,15.2,0.0,/content/drive/MyDrive/DataForge/noise_grid_v2/outputs/05eca3e90a16aae6/clips/critical_02_baseline_r1_environment_2_-5dB.wav,3320213f54c0fa80e43ff8cd8aece94b9de791102ee9e22aaab0a334271ca8cb,/content/drive/MyDrive/DataForge/noise_masking/outputs/synthesis_cache/06c4d940de7e5f6d/e6125a0f5f8588ca84c7afc2d8bd4bc9b14080d4a6b894e39418111483b11217.wav,87898748cba499a1b38fbdb1c86ff3b8cbf540b9b72e64bb26eb4ddb85ff29b8,0.968719482421875,True,,1.0,HTTP WAV -> local PCMU roundtrip,after simulated phone codec,coda,celeste,https://users.rime.ai/v1/rime-tts,1.7073033424111113,1.6527638604575994,1.4576650121214196
05eca3e90a16aae62993a4e8c0622498daf075b34cb0dd9342baad1fa1a946ce,critical_05_baseline_r0_clean,critical_05,dev,baseline,0,clean,clean,,,,,,False,clean,,,,window_rms_no_wrap_v2,20ms_frames_within_40dB_of_peak_power_v1,8000,-41.50000015279646,active speech / extracted noise-window RMS; no wrapping,"Sara Khan, your Thursday appointment is at four ten p m, your payment of ninety dollars is due by September third, and your reference code is six two seven five. Do not change the date.","SARACON, your Thursday appointment is at 4, 10 p.m., your payment of $90 is due by September 3rd, and your reference code is 6275. Do not change the date.",0.3142857142857143,0.7142857142857143,"{'name': {'recovered': False, 'conflict': False}, 'day': {'recovered': True, 'conflict': False}, 'time': {'recovered': False, 'conflict': False}, 'date': {'recovered': True, 'conflict': False}, 'amount': {'recovered': True, 'conflict': False}, 'code': {'recovered': True, 'conflict': False}, 'negation': {'recovered': True, 'conflict': False}}",7,5,,12.32,0.0,/content/drive/MyDrive/DataForge/noise_grid_v2/outputs/05eca3e90a16aae6/clips/critical_05_baseline_r0_clean.wav,3d8e1221ab7997944511b82e90ad995f641a796f121fdad3b4d7d862050c7d91,/content/drive/MyDrive/DataForge/noise_masking/outputs/synthesis_cache/06c4d940de7e5f6d/c60b08d16685bb9457821fad4cb5d083b81432e6c49ab89dd84c12018f4fd484.wav,5f67ad16b64b336b0bd31a19a7ef46b2c761d44b94fd0e3afb52b15f4e65a048,0.902313232421875,True,,1.0,HTTP WAV -> local PCMU roundtrip,after simulated phone codec,coda,celeste,https://users.rime.ai/v1/rime-tts,3.2027973368426155,4.056523379747522,2.8313781604704022
05eca3e90a16aae62993a4e8c0622498daf075b34cb0dd9342baad1fa1a946ce,critical_05_baseline_r0_speech_1_15dB,critical_05,dev,baseline,0,speech_1_15dB,speech_1,15.0,15.0000002245487,/content/drive/.shortcut-targets-by-id/1gvOi3VP1hvG6qL4dZhVl6iPKkjXSn32n/DataForge/data/musan/speech/librivox/speech-librivox-0004.wav,76965f20b10ce0ed48beed1670d8c5ed81182a2bc797ed5e4d7dbe24c4c58ae8,0.0,False,competing_speech,0.0918381103595235,0.1006435915128763,0.014866675635102,window_rms_no_wrap_v2,20ms_frames_within_40dB_of_peak_power_v1,8000,-41.50000015279646,active speech / extracted noise-window RMS; no wrapping,"Sara Khan, your Thursday appointment is at four ten p m, your payment of ninety dollars is due by September third, and your reference code is six two seven five. Do not change the date.","SARCON, your Thursday appointment is at 4.10pm, your payment of $90 is due by September 3rd, and your reference code is 6275. Do not change the date.",0.3714285714285714,0.8571428571428571,"{'name': {'recovered': False, 'conflict': False}, 'day': {'recovered': True, 'conflict': False}, 'time': {'recovered': True, 'conflict': False}, 'date': {'recovered': True, 'conflict': False}, 'amount': {'recovered': True, 'conflict': False}, 'code': {'recovered': True, 'conflict': False}, 'negation': {'recovered': True, 'conflict': False}}",7,6,0.8016038288850786,12.32,0.0,/content/drive/MyDrive/DataForge/noise_grid_v2/outputs/05eca3e90a16aae6/clips/critical_05_baseline_r0_speech_1_15dB.wav,139c2412cb1058ec405b5173cc9095f4d5843bb7c06b98ddd2399cd5a847f73d,/content/drive/MyDrive/DataForge/noise_masking/outputs/synthesis_cache/06c4d940de7e5f6d/c60b08d16685bb9457821fad4cb5d083b81432e6c49ab89dd84c12018f4fd484.wav,5f67ad16b64b336b0bd31a19a7ef46b2c761d44b94fd0e3afb52b15f4e65a048,0.902313232421875,True,,1.0,HTTP WAV -> local PCMU roundtrip,after simulated phone codec,coda,celeste,https://users.rime.ai/v1/rime-tts,2.9773487098530205,3.813558534538285,2.496826411311118
05eca3e90a16aae62993a4e8c0622498daf075b34cb0dd9342baad1fa1a946ce,critical_05_baseline_r0_speech_1_10dB,critical_05,dev,baseline,0,speech_1_10dB,speech_1,10.0,9.999999817514064,/content/drive/.shortcut-targets-by-id/1gvOi3VP1hvG6qL4dZhVl6iPKkjXSn32n/DataForge/data/musan/speech/librivox/speech-librivox-0004.wav,76965f20b10ce0ed48beed1670d8c5ed81182a2bc797ed5e4d7dbe24c4c58ae8,0.0,False,competing_speech,0.0918381103595235,0.1006435915128763,0.0264371031776292,window_rms_no_wrap_v2,20ms_frames_within_40dB_of_peak_power_v1,8000,-41.50000015279646,active speech / extracted noise-window RMS; no wrapping,"Sara Khan, your Thursday appointment is at four ten p m, your payment of ninety dollars is due by September third, and your reference code is six two seven five. Do not change the date.","SARCON, your Thursday appointment is at 4.10pm, your payment of $90 is due by September 3rd and your reference code is 6275. Do not change the date.",0.3714285714285714,0.8571428571428571,"{'name': {'recovered': False, 'conflict': False}, 'day': {'recovered': True, 'conflict': False}, 'time': {'recovered': True, 'conflict': False}, 'date': {'recovered': True, 'conflict': False}, 'amount': {'recovered': True, 'conflict': False}, 'code': {'recovered': True, 'conflict': False}, 'negation': {'recovered': True, 'conflict': False}}",7,6,0.7240342231831132,12.32,0.0,/content/drive/MyDrive/DataForge/noise_grid_v2/outputs/05eca3e90a16aae6/clips/critical_05_baseline_r0_speech_1_10dB.wav,d8b5b4698a59fecba942728550468077c70864ba4e961098598b33e26e2eef82,/content/drive/MyDrive/DataForge/noise_masking/outputs/synthesis_cache/06c4d940de7e5f6d/c60b08d16685bb9457821fad4cb5d083b81432e6c49ab89dd84c12018f4fd484.wav,5f67ad16b64b336b0bd31a19a7ef46b2c761d44b94fd0e3afb52b15f4e65a048,0.902313232421875,True,,1.0,HTTP WAV -> local PCMU roundtrip,after simulated phone codec,coda,celeste,https://users.rime.ai/v1/rime-tts,2.931809014238393,3.737079044320711,2.432255720826373
05eca3e90a16aae62993a4e8c0622498daf075b34cb0dd9342baad1fa1a946ce,critical_05_baseline_r0_speech_1_5dB,critical_05,dev,baseline,0,speech_1_5dB,speech_1,5.0,4.999999981852513,/content/drive/.shortcut-targets-by-id/1gvOi3VP1hvG6qL4dZhVl6iPKkjXSn32n/DataForge/data/musan/speech/librivox/speech-librivox-0004.wav,76965f20b10ce0ed48beed1670d8c5ed81182a2bc797ed5e4d7dbe24c4c58ae8,0.0,False,competing_speech,0.0918381103595235,0.1006435915128763,0.0470125562418526,window_rms_no_wrap_v2,20ms_frames_within_40dB_of_peak_power_v1,8000,-41.50000015279646,active speech / extracted noise-window RMS; no wrapping,"Sara Khan, your Thursday appointment is at four ten p m, your payment of ninety dollars is due by September third, and your reference code is six two seven five. Do not change the date.","SARCON, your Thursday appointment is at 4.10 pm, your payment of $90 is due by September 3rd, and your reference code is 6275. Do not change the date.",0.3714285714285714,0.8571428571428571,"{'name': {'recovered': False, 'conflict': False}, 'day': {'recovered': True, 'conflict': False}, 'time': {'recovered': True, 'conflict': False}, 'date': {'recovered': True, 'conflict': False}, 'amount': {'recovered': True, 'conflict': False}, 'code': {'recovered': True, 'conflict': False}, 'negation': {'recovered': True, 'conflict': False}}",7,6,0.6339433012875657,12.32,0.0,/content/drive/MyDrive/DataForge/noise_grid_v2/outputs/05eca3e90a16aae6/clips/critical_05_baseline_r0_speech_1_5dB.wav,0d38ef34b5ed9272b3574740a174cd58f84ef4c038a35d9c08ff40615556f859,/content/drive/MyDrive/DataForge/noise_masking/outputs/synthesis_cache/06c4d940de7e5f6d/c60b08d16685bb9457821fad4cb5d083b81432e6c49ab89dd84c12018f4fd484.wav,5f67ad16b64b336b0bd31a19a7ef46b2c761d44b94fd0e3afb52b15f4e65a048,0.902313232421875,True,,1.0,HTTP WAV -> local PCMU roundtrip,after simulated phone codec,coda,celeste,https://users.rime.ai/v1/rime-tts,2.8677332485187645,3.398047964028054,2.2516161904519367
05eca3e90a16aae62993a4e8c0622498daf075b34cb0dd9342baad1fa1a946ce,critical_05_baseline_r0_speech_1_0dB,critical_05,dev,baseline,0,speech_1_0dB,speech_1,0.0,9.252479946104538e-08,/content/drive/.shortcut-targets-by-id/1gvOi3VP1hvG6qL4dZhVl6iPKkjXSn32n/DataForge/data/musan/speech/librivox/speech-librivox-0004.wav,76965f20b10ce0ed48beed1670d8c5ed81182a2bc797ed5e4d7dbe24c4c58ae8,0.0,False,competing_speech,0.0918381103595235,0.1006435915128763,0.0836014607781834,window_rms_no_wrap_v2,20ms_frames_within_40dB_of_peak_power_v1,8000,-41.50000015279646,active speech / extracted noise-window RMS; no wrapping,"Sara Khan, your Thursday appointment is at four ten p m, your payment of ninety dollars is due by September third, and your reference code is six two seven five. Do not change the date.","SARCON, your Thursday appointment is at 4.10pm, your payment of $90 is due by September 3rd, and your reference code is 6270. Do not change the date.",0.3714285714285714,0.7142857142857143,"{'name': {'recovered': False, 'conflict': False}, 'day': {'recovered': True, 'conflict': False}, 'time': {'recovered': True, 'conflict': False}, 'date': {'recovered': True, 'conflict': False}, 'amount': {'recovered': True, 'conflict': False}, 'code': {'recovered': False, 'conflict': False}, 'negation': {'recovered': True, 'conflict': False}}",7,5,0.53392442138625,12.32,0.0,/content/drive/MyDrive/DataForge/noise_grid_v2/outputs/05eca3e90a16aae6/clips/critical_05_baseline_r0_speech_1_0dB.wav,4e22788dff6e3620b4e9dc38b84d5349bf1278d5a172752cc84e83f028659245,/content/drive/MyDrive/DataForge/noise_masking/outputs/synthesis_cache/06c4d940de7e5f6d/c60b08d16685bb9457821fad4cb5d083b81432e6c49ab89dd84c12018f4fd484.wav,5f67ad16b64b336b0bd31a19a7ef46b2c761d44b94fd0e3afb52b15f4e65a048,0.902313232421875,True,,1.0,HTTP WAV -> local PCMU roundtrip,after simulated phone codec,coda,celeste,https://users.rime.ai/v1/rime-tts,2.929968528217952,3.0757221886406323,2.168251731008101
05eca3e90a16aae62993a4e8c0622498daf075b34cb0dd9342baad1fa1a946ce,critical_05_baseline_r0_speech_1_-5dB,critical_05,dev,baseline,0,speech_1_-5dB,speech_1,-5.0,-4.99999987950481,/content/drive/.shortcut-targets-by-id/1gvOi3VP1hvG6qL4dZhVl6iPKkjXSn32n/DataForge/data/musan/speech/librivox/speech-librivox-0004.wav,76965f20b10ce0ed48beed1670d8c5ed81182a2bc797ed5e4d7dbe24c4c58ae8,0.0,False,competing_speech,0.0918381103595235,0.1006435915128763,0.1486667563510202,window_rms_no_wrap_v2,20ms_frames_within_40dB_of_peak_power_v1,8000,-41.50000015279646,active speech / extracted noise-window RMS; no wrapping,"Sara Khan, your Thursday appointment is at four ten p m, your payment of ninety dollars is due by September third, and your reference code is six two seven five. Do not change the date.","Sargot is the Thursday appointment of that 4, 10 p.m. The agreement of $90 is due by September 3rd. Your reference coach is 627. Do not change the date.",0.5142857142857142,0.5714285714285714,"{'name': {'recovered': False, 'conflict': False}, 'day': {'recovered': True, 'conflict': False}, 'time': {'recovered': False, 'conflict': False}, 'date': {'recovered': True, 'conflict': False}, 'amount': {'recovered': True, 'conflict': False}, 'code': {'recovered': False, 'conflict': False}, 'negation': {'recovered': True, 'conflict': False}}",7,4,0.4338341357669609,12.32,0.0,/content/drive/MyDrive/DataForge/noise_grid_v2/outputs/05eca3e90a16aae6/clips/critical_05_baseline_r0_speech_1_-5dB.wav,8f48ced723191fc63231608154e7ef7bafe17d5bc1cab8689dcee5a437aa9058,/content/drive/MyDrive/DataForge/noise_masking/outputs/synthesis_cache/06c4d940de7e5f6d/c60b08d16685bb9457821fad4cb5d083b81432e6c49ab89dd84c12018f4fd484.wav,5f67ad16b64b336b0bd31a19a7ef46b2c761d44b94fd0e3afb52b15f4e65a048,0.902313232421875,True,,1.0,HTTP WAV -> local PCMU roundtrip,after simulated phone codec,coda,celeste,https://users.rime.ai/v1/rime-tts,2.802113189663214,3.052472542298688,2.0436378381769176
05eca3e90a16aae62993a4e8c0622498daf075b34cb0dd9342baad1fa1a946ce,critical_05_baseline_r0_speech_2_15dB,critical_05,dev,baseline,0,speech_2_15dB,speech_2,15.0,14.999999540380792,/content/drive/.shortcut-targets-by-id/1gvOi3VP1hvG6qL4dZhVl6iPKkjXSn32n/DataForge/data/musan/speech/librivox/speech-librivox-0003.wav,8c1370aaca2843057072ded459deb739413910e7a2c5a1f21d3e04c2b3fe4c6b,0.0,False,competing_speech,0.0861615546950171,0.092743193167447,0.0161331045295388,window_rms_no_wrap_v2,20ms_frames_within_40dB_of_peak_power_v1,8000,-41.50000015279646,active speech / extracted noise-window RMS; no wrapping,"Sara Khan, your Thursday appointment is at four ten p m, your payment of ninety dollars is due by September third, and your reference code is six two seven five. Do not change the date.","SAR-Con, your Thursday appointment is at 4.10pm, your payment of $90 is due by September 3rd, and your reference code is 6275. Do not change the date.",0.3714285714285714,0.8571428571428571,"{'name': {'recovered': False, 'conflict': False}, 'day': {'recovered': True, 'conflict': False}, 'time': {'recovered': True, 'conflict': False}, 'date': {'recovered': True, 'conflict': False}, 'amount': {'recovered': True, 'conflict': False}, 'code': {'recovered': True, 'conflict': False}, 'negation': {'recovered': True, 'conflict': False}}",7,6,0.8205917906529439,12.32,0.0,/content/drive/MyDrive/DataForge/noise_grid_v2/outputs/05eca3e90a16aae6/clips/critical_05_baseline_r0_speech_2_15dB.wav,ee5350890ce678b1f4c1baaedda7198e4d332704141cd38d7aa4b76e8fefc5e9,/content/drive/MyDrive/DataForge/noise_masking/outputs/synthesis_cache/06c4d940de7e5f6d/c60b08d16685bb9457821fad4cb5d083b81432e6c49ab89dd84c12018f4fd484.wav,5f67ad16b64b336b0bd31a19a7ef46b2c761d44b94fd0e3afb52b15f4e65a048,0.902313232421875,True,,1.0,HTTP WAV -> local PCMU roundtrip,after simulated phone codec,coda,celeste,https://users.rime.ai/v1/rime-tts,3.1206691328925933,3.816325711365577,2.6469273329569303
05eca3e90a16aae62993a4e8c0622498daf075b34cb0dd9342baad1fa1a946ce,critical_05_baseline_r0_speech_2_10dB,critical_05,dev,baseline,0,speech_2_10dB,speech_2,10.0,9.99999976161378,/content/drive/.shortcut-targets-by-id/1gvOi3VP1hvG6qL4dZhVl6iPKkjXSn32n/DataForge/data/musan/speech/librivox/speech-librivox-0003.wav,8c1370aaca2843057072ded459deb739413910e7a2c5a1f21d3e04c2b3fe4c6b,0.0,False,competing_speech,0.0861615546950171,0.092743193167447,0.0286891676048846,window_rms_no_wrap_v2,20ms_frames_within_40dB_of_peak_power_v1,8000,-41.50000015279646,active speech / extracted noise-window RMS; no wrapping,"Sara Khan, your Thursday appointment is at four ten p m, your payment of ninety dollars is due by September third, and your reference code is six two seven five. Do not change the date.","SAR-Con, your Thursday appointment is at 4, 10 p.m., your payment of $90 is due by September 3rd, and your reference code is 6275. Do not change the date.",0.3142857142857143,0.7142857142857143,"{'name': {'recovered': False, 'conflict': False}, 'day': {'recovered': True, 'conflict': False}, 'time': {'recovered': False, 'conflict': False}, 'date': {'recovered': True, 'conflict': False}, 'amount': {'recovered': True, 'conflict': False}, 'code': {'recovered': True, 'conflict': False}, 'negation': {'recovered': True, 'conflict': False}}",7,5,0.7517071838052319,12.32,0.0,/content/drive/MyDrive/DataForge/noise_grid_v2/outputs/05eca3e90a16aae6/clips/critical_05_baseline_r0_speech_2_10dB.wav,179a0c2f1f3c66facfd979e73158bea73ebd1310264dda3412b1a1157c57672b,/content/drive/MyDrive/DataForge/noise_masking/outputs/synthesis_cache/06c4d940de7e5f6d/c60b08d16685bb9457821fad4cb5d083b81432e6c49ab89dd84c12018f4fd484.wav,5f67ad16b64b336b0bd31a19a7ef46b2c761d44b94fd0e3afb52b15f4e65a048,0.902313232421875,True,,1.0,HTTP WAV -> local PCMU roundtrip,after simulated phone codec,coda,celeste,https://users.rime.ai/v1/rime-tts,3.23689158509151,3.7754513653761377,2.733343685909851
05eca3e90a16aae62993a4e8c0622498daf075b34cb0dd9342baad1fa1a946ce,critical_05_baseline_r0_speech_2_5dB,critical_05,dev,baseline,0,speech_2_5dB,speech_2,5.0,5.000000146864392,/content/drive/.shortcut-targets-by-id/1gvOi3VP1hvG6qL4dZhVl6iPKkjXSn32n/DataForge/data/musan/speech/librivox/speech-librivox-0003.wav,8c1370aaca2843057072ded459deb739413910e7a2c5a1f21d3e04c2b3fe4c6b,0.0,False,competing_speech,0.0861615546950171,0.092743193167447,0.0510173560429221,window_rms_no_wrap_v2,20ms_frames_within_40dB_of_peak_power_v1,8000,-41.50000015279646,active speech / extracted noise-window RMS; no wrapping,"Sara Khan, your Thursday appointment is at four ten p m, your payment of ninety dollars is due by September third, and your reference code is six two seven five. Do not change the date.","SARCON, your closing appointment is at 4, 10 p.m., your payment of $90 is due by September 3rd, and your reference code is 6275. Do not change the date.",0.3428571428571428,0.5714285714285714,"{'name': {'recovered': False, 'conflict': False}, 'day': {'recovered': False, 'conflict': False}, 'time': {'recovered': False, 'conflict': False}, 'date': {'recovered': True, 'conflict': False}, 'amount': {'recovered': True, 'conflict': False}, 'code': {'recovered': True, 'conflict': False}, 'negation': {'recovered': True, 'conflict': False}}",7,4,0.6743729742429393,12.32,0.0,/content/drive/MyDrive/DataForge/noise_grid_v2/outputs/05eca3e90a16aae6/clips/critical_05_baseline_r0_speech_2_5dB.wav,df7af3b6f9d58073b4aa92af12f0e488638c22275c6ac4e62ca3f445e9cabaf6,/content/drive/MyDrive/DataForge/noise_masking/outputs/synthesis_cache/06c4d940de7e5f6d/c60b08d16685bb9457821fad4cb5d083b81432e6c49ab89dd84c12018f4fd484.wav,5f67ad16b64b336b0bd31a19a7ef46b2c761d44b94fd0e3afb52b15f4e65a048,0.902313232421875,True,,1.0,HTTP WAV -> local PCMU roundtrip,after simulated phone codec,coda,celeste,https://users.rime.ai/v1/rime-tts,3.193901491563383,3.609332506114311,2.649243638032201
05eca3e90a16aae62993a4e8c0622498daf075b34cb0dd9342baad1fa1a946ce,critical_05_baseline_r0_speech_2_0dB,critical_05,dev,baseline,0,speech_2_0dB,speech_2,0.0,1.539311407863335e-07,/content/drive/.shortcut-targets-by-id/1gvOi3VP1hvG6qL4dZhVl6iPKkjXSn32n/DataForge/data/musan/speech/librivox/speech-librivox-0003.wav,8c1370aaca2843057072ded459deb739413910e7a2c5a1f21d3e04c2b3fe4c6b,0.0,False,competing_speech,0.0861615546950171,0.092743193167447,0.0907231138057531,window_rms_no_wrap_v2,20ms_frames_within_40dB_of_peak_power_v1,8000,-41.50000015279646,active speech / extracted noise-window RMS; no wrapping,"Sara Khan, your Thursday appointment is at four ten p m, your payment of ninety dollars is due by September third, and your reference code is six two seven five. Do not change the date.","SARCON, your mission appointment is at 4, 10 p.m. Your payment of $90 is due by September 3rd, and your reference code is 6275. Do not change the date.",0.3428571428571428,0.5714285714285714,"{'name': {'recovered': False, 'conflict': False}, 'day': {'recovered': False, 'conflict': False}, 'time': {'recovered': False, 'conflict': False}, 'date': {'recovered': True, 'conflict': False}, 'amount': {'recovered': True, 'conflict': False}, 'code': {'recovered': True, 'conflict': False}, 'negation': {'recovered': True, 'conflict': False}}",7,4,0.5926274808947009,12.32,0.0,/content/drive/MyDrive/DataForge/noise_grid_v2/outputs/05eca3e90a16aae6/clips/critical_05_baseline_r0_speech_2_0dB.wav,c88f3480ea6e84e9c0e131b99368dca037701812079a1598276ec1e8e5d4544e,/content/drive/MyDrive/DataForge/noise_masking/outputs/synthesis_cache/06c4d940de7e5f6d/c60b08d16685bb9457821fad4cb5d083b81432e6c49ab89dd84c12018f4fd484.wav,5f67ad16b64b336b0bd31a19a7ef46b2c761d44b94fd0e3afb52b15f4e65a048,0.902313232421875,True,,1.0,HTTP WAV -> local PCMU roundtrip,after simulated phone codec,coda,celeste,https://users.rime.ai/v1/rime-tts,3.2287082170857624,3.6161740607696826,2.6953617694507304
05eca3e90a16aae62993a4e8c0622498daf075b34cb0dd9342baad1fa1a946ce,critical_05_baseline_r0_speech_2_-5dB,critical_05,dev,baseline,0,speech_2_-5dB,speech_2,-5.0,-4.999999863003447,/content/drive/.shortcut-targets-by-id/1gvOi3VP1hvG6qL4dZhVl6iPKkjXSn32n/DataForge/data/musan/speech/librivox/speech-librivox-0003.wav,8c1370aaca2843057072ded459deb739413910e7a2c5a1f21d3e04c2b3fe4c6b,0.0,False,competing_speech,0.0861615546950171,0.092743193167447,0.1613310452953888,window_rms_no_wrap_v2,20ms_frames_within_40dB_of_peak_power_v1,8000,-41.50000015279646,active speech / extracted noise-window RMS; no wrapping,"Sara Khan, your Thursday appointment is at four ten p m, your payment of ninety dollars is due by September third, and your reference code is six two seven five. Do not change the date.","A machine that flies by the Times Dispatch, Richmond, Virginia, for the 1903 collection. This is a liver box recording.",0.9714285714285714,0.0,"{'name': {'recovered': False, 'conflict': False}, 'day': {'recovered': False, 'conflict': False}, 'time': {'recovered': False, 'conflict': False}, 'date': {'recovered': False, 'conflict': False}, 'amount': {'recovered': False, 'conflict': False}, 'code': {'recovered': False, 'conflict': False}, 'negation': {'recovered': False, 'conflict': False}}",7,0,0.5143395994063441,12.32,0.0,/content/drive/MyDrive/DataForge/noise_grid_v2/outputs/05eca3e90a16aae6/clips/critical_05_baseline_r0_speech_2_-5dB.wav,d8916e2a485c5ce396c1a1402852371dca124df976d1fe400e7000cf286021b6,/content/drive/MyDrive/DataForge/noise_masking/outputs/synthesis_cache/06c4d940de7e5f6d/c60b08d16685bb9457821fad4cb5d083b81432e6c49ab89dd84c12018f4fd484.wav,5f67ad16b64b336b0bd31a19a7ef46b2c761d44b94fd0e3afb52b15f4e65a048,0.902313232421875,True,,1.0,HTTP WAV -> local PCMU roundtrip,after simulated phone codec,coda,celeste,https://users.rime.ai/v1/rime-tts,3.2818963288826213,3.756518493891561,2.824504382503881
05eca3e90a16aae62993a4e8c0622498daf075b34cb0dd9342baad1fa1a946ce,critical_05_baseline_r0_environment_1_15dB,critical_05,dev,baseline,0,environment_1_15dB,environment_1,15.0,14.999999863714056,/content/drive/.shortcut-targets-by-id/1gvOi3VP1hvG6qL4dZhVl6iPKkjXSn32n/DataForge/data/musan/noise/free-sound/noise-free-sound-0397.wav,381b7347876f96d6a287a55e578b9ac8f3e5d2fa4ac35d9fb7a9a52c2bdbce24,0.0,False,environmental_noise,0.0127726895944802,0.0155511021483171,0.0962141213853161,window_rms_no_wrap_v2,20ms_frames_within_40dB_of_peak_power_v1,8000,-41.50000015279646,active speech / extracted noise-window RMS; no wrapping,"Sara Khan, your Thursday appointment is at four ten p m, your payment of ninety dollars is due by September third, and your reference code is six two seven five. Do not change the date.","SARACON, your Thursday appointment is at 4.10pm, your payment of $90 is due by September 3rd and your reference code is 6275. Do not change the date.",0.3714285714285714,0.8571428571428571,"{'name': {'recovered': False, 'conflict': False}, 'day': {'recovered': True, 'conflict': False}, 'time': {'recovered': True, 'conflict': False}, 'date': {'recovered': True, 'conflict': False}, 'amount': {'recovered': True, 'conflict': False}, 'code': {'recovered': True, 'conflict': False}, 'negation': {'recovered': True, 'conflict': False}}",7,6,0.7720550497796496,12.32,0.0,/content/drive/MyDrive/DataForge/noise_grid_v2/outputs/05eca3e90a16aae6/clips/critical_05_baseline_r0_environment_1_15dB.wav,d23a5d733359b3c9629711f8a66805db7237feac78019b7bd11240f2228ee7c9,/content/drive/MyDrive/DataForge/noise_masking/outputs/synthesis_cache/06c4d940de7e5f6d/c60b08d16685bb9457821fad4cb5d083b81432e6c49ab89dd84c12018f4fd484.wav,5f67ad16b64b336b0bd31a19a7ef46b2c761d44b94fd0e3afb52b15f4e65a048,0.902313232421875,True,,1.0,HTTP WAV -> local PCMU roundtrip,after simulated phone codec,coda,celeste,https://users.rime.ai/v1/rime-tts,3.222340174862786,3.403126009174596,2.500562312517856
05eca3e90a16aae62993a4e8c0622498daf075b34cb0dd9342baad1fa1a946ce,critical_05_baseline_r0_environment_1_10dB,critical_05,dev,baseline,0,environment_1_10dB,environment_1,10.0,9.999999833319343,/content/drive/.shortcut-targets-by-id/1gvOi3VP1hvG6qL4dZhVl6iPKkjXSn32n/DataForge/data/musan/noise/free-sound/noise-free-sound-0397.wav,381b7347876f96d6a287a55e578b9ac8f3e5d2fa4ac35d9fb7a9a52c2bdbce24,0.0,False,environmental_noise,0.0127726895944802,0.0155511021483171,0.1710955910144932,window_rms_no_wrap_v2,20ms_frames_within_40dB_of_peak_power_v1,8000,-41.50000015279646,active speech / extracted noise-window RMS; no wrapping,"Sara Khan, your Thursday appointment is at four ten p m, your payment of ninety dollars is due by September third, and your reference code is six two seven five. Do not change the date.","SARCON, your Thursday appointment is at 4.10pm, your payment of $90 is due by September 3rd, and your reference code is 6275. Do not change the date.",0.3714285714285714,0.8571428571428571,"{'name': {'recovered': False, 'conflict': False}, 'day': {'recovered': True, 'conflict': False}, 'time': {'recovered': True, 'conflict': False}, 'date': {'recovered': True, 'conflict': False}, 'amount': {'recovered': True, 'conflict': False}, 'code': {'recovered': True, 'conflict': False}, 'negation': {'recovered': True, 'conflict': False}}",7,6,0.702141955439033,12.32,0.0,/content/drive/MyDrive/DataForge/noise_grid_v2/outputs/05eca3e90a16aae6/clips/critical_05_baseline_r0_environment_1_10dB.wav,77aefa0af7ca8743b567408822d4addd2a9b82914e449e9c3a50ca9192441660,/content/drive/MyDrive/DataForge/noise_masking/outputs/synthesis_cache/06c4d940de7e5f6d/c60b08d16685bb9457821fad4cb5d083b81432e6c49ab89dd84c12018f4fd484.wav,5f67ad16b64b336b0bd31a19a7ef46b2c761d44b94fd0e3afb52b15f4e65a048,0.902313232421875,True,,1.0,HTTP WAV -> local PCMU roundtrip,after simulated phone codec,coda,celeste,https://users.rime.ai/v1/rime-tts,3.1397315750769543,2.661670794724147,2.1086785182790537
05eca3e90a16aae62993a4e8c0622498daf075b34cb0dd9342baad1fa1a946ce,critical_05_baseline_r0_environment_1_5dB,critical_05,dev,baseline,0,environment_1_5dB,environment_1,5.0,5.000000369576147,/content/drive/.shortcut-targets-by-id/1gvOi3VP1hvG6qL4dZhVl6iPKkjXSn32n/DataForge/data/musan/noise/free-sound/noise-free-sound-0397.wav,381b7347876f96d6a287a55e578b9ac8f3e5d2fa4ac35d9fb7a9a52c2bdbce24,0.0,False,environmental_noise,0.0127726895944802,0.0155511021483171,0.3042557666495139,window_rms_no_wrap_v2,20ms_frames_within_40dB_of_peak_power_v1,8000,-41.50000015279646,active speech / extracted noise-window RMS; no wrapping,"Sara Khan, your Thursday appointment is at four ten p m, your payment of ninety dollars is due by September third, and your reference code is six two seven five. Do not change the date.","SAR-Con, your Thursday appointment is at 4.10pm, your payment of $90 is due by September 3, and your reference code is 6275. Do not change the date.",0.3714285714285714,0.8571428571428571,"{'name': {'recovered': False, 'conflict': False}, 'day': {'recovered': True, 'conflict': False}, 'time': {'recovered': True, 'conflict': False}, 'date': {'recovered': True, 'conflict': False}, 'amount': {'recovered': True, 'conflict': False}, 'code': {'recovered': True, 'conflict': False}, 'negation': {'recovered': True, 'conflict': False}}",7,6,0.6298824823874003,12.32,0.0,/content/drive/MyDrive/DataForge/noise_grid_v2/outputs/05eca3e90a16aae6/clips/critical_05_baseline_r0_environment_1_5dB.wav,f165ce5c30f30cba1620d1e9c3b83fb7e1c36052404560c99df0acc6ae674ac7,/content/drive/MyDrive/DataForge/noise_masking/outputs/synthesis_cache/06c4d940de7e5f6d/c60b08d16685bb9457821fad4cb5d083b81432e6c49ab89dd84c12018f4fd484.wav,5f67ad16b64b336b0bd31a19a7ef46b2c761d44b94fd0e3afb52b15f4e65a048,0.902313232421875,True,,1.0,HTTP WAV -> local PCMU roundtrip,after simulated phone codec,coda,celeste,https://users.rime.ai/v1/rime-tts,3.0177525850430893,2.330378756995296,1.9839297636889837
05eca3e90a16aae62993a4e8c0622498daf075b34cb0dd9342baad1fa1a946ce,critical_05_baseline_r0_environment_1_0dB,critical_05,dev,baseline,0,environment_1_0dB,environment_1,0.0,3.2314027070609725e-07,/content/drive/.shortcut-targets-by-id/1gvOi3VP1hvG6qL4dZhVl6iPKkjXSn32n/DataForge/data/musan/noise/free-sound/noise-free-sound-0397.wav,381b7347876f96d6a287a55e578b9ac8f3e5d2fa4ac35d9fb7a9a52c2bdbce24,0.0,False,environmental_noise,0.0127726895944802,0.0155511021483171,0.5410517652184378,window_rms_no_wrap_v2,20ms_frames_within_40dB_of_peak_power_v1,8000,-41.50000015279646,active speech / extracted noise-window RMS; no wrapping,"Sara Khan, your Thursday appointment is at four ten p m, your payment of ninety dollars is due by September third, and your reference code is six two seven five. Do not change the date.","SAR-Con, your Thursday appointment is at 4.10pm, your payment of $90 is due by September 3, and your reference code is 6275. Do not change the date.",0.3714285714285714,0.8571428571428571,"{'name': {'recovered': False, 'conflict': False}, 'day': {'recovered': True, 'conflict': False}, 'time': {'recovered': True, 'conflict': False}, 'date': {'recovered': True, 'conflict': False}, 'amount': {'recovered': True, 'conflict': False}, 'code': {'recovered': True, 'conflict': False}, 'negation': {'recovered': True, 'conflict': False}}",7,6,0.5588825491422219,12.32,0.0,/content/drive/MyDrive/DataForge/noise_grid_v2/outputs/05eca3e90a16aae6/clips/critical_05_baseline_r0_environment_1_0dB.wav,11fb14b1007c37eafc3a8c435c707f47fb0a1ef8a8e48a3d3b61aec8dfe89ac2,/content/drive/MyDrive/DataForge/noise_masking/outputs/synthesis_cache/06c4d940de7e5f6d/c60b08d16685bb9457821fad4cb5d083b81432e6c49ab89dd84c12018f4fd484.wav,5f67ad16b64b336b0bd31a19a7ef46b2c761d44b94fd0e3afb52b15f4e65a048,0.902313232421875,True,,1.0,HTTP WAV -> local PCMU roundtrip,after simulated phone codec,coda,celeste,https://users.rime.ai/v1/rime-tts,2.922444464161487,2.184268985577177,1.9183216078707748
05eca3e90a16aae62993a4e8c0622498daf075b34cb0dd9342baad1fa1a946ce,critical_05_baseline_r0_environment_1_-5dB,critical_05,dev,baseline,0,environment_1_-5dB,environment_1,-5.0,-5.000000001777724,/content/drive/.shortcut-targets-by-id/1gvOi3VP1hvG6qL4dZhVl6iPKkjXSn32n/DataForge/data/musan/noise/free-sound/noise-free-sound-0397.wav,381b7347876f96d6a287a55e578b9ac8f3e5d2fa4ac35d9fb7a9a52c2bdbce24,0.0,False,environmental_noise,0.0127726895944802,0.0155511021483171,0.9621412138531614,window_rms_no_wrap_v2,20ms_frames_within_40dB_of_peak_power_v1,8000,-41.50000015279646,active speech / extracted noise-window RMS; no wrapping,"Sara Khan, your Thursday appointment is at four ten p m, your payment of ninety dollars is due by September third, and your reference code is six two seven five. Do not change the date.","SAR-Con, your Thursday appointment is at 4.10 pm, your payment of $90 is due by September 3, and your reference code is 6275. Do not change the date.",0.3714285714285714,0.8571428571428571,"{'name': {'recovered': False, 'conflict': False}, 'day': {'recovered': True, 'conflict': False}, 'time': {'recovered': True, 'conflict': False}, 'date': {'recovered': True, 'conflict': False}, 'amount': {'recovered': True, 'conflict': False}, 'code': {'recovered': True, 'conflict': False}, 'negation': {'recovered': True, 'conflict': False}}",7,6,0.4865866084161082,12.32,0.0,/content/drive/MyDrive/DataForge/noise_grid_v2/outputs/05eca3e90a16aae6/clips/critical_05_baseline_r0_environment_1_-5dB.wav,d07244069bf40e453a6991684433de773ead117b37347728df5c05a8e3e8644b,/content/drive/MyDrive/DataForge/noise_masking/outputs/synthesis_cache/06c4d940de7e5f6d/c60b08d16685bb9457821fad4cb5d083b81432e6c49ab89dd84c12018f4fd484.wav,5f67ad16b64b336b0bd31a19a7ef46b2c761d44b94fd0e3afb52b15f4e65a048,0.902313232421875,True,,1.0,HTTP WAV -> local PCMU roundtrip,after simulated phone codec,coda,celeste,https://users.rime.ai/v1/rime-tts,2.513012652167552,1.8161109375307185,1.739056771760964
05eca3e90a16aae62993a4e8c0622498daf075b34cb0dd9342baad1fa1a946ce,critical_05_baseline_r0_environment_2_15dB,critical_05,dev,baseline,0,environment_2_15dB,environment_2,15.0,14.999999780031818,/content/drive/.shortcut-targets-by-id/1gvOi3VP1hvG6qL4dZhVl6iPKkjXSn32n/DataForge/data/musan/noise/free-sound/noise-free-sound-0131.wav,4c75a309561d719f6d0c34738b78912ac976aa854541c6452e4e34ffcaaa3e5e,0.0,False,environmental_noise,0.0838667840138316,0.0883010481256474,0.0169447097348672,window_rms_no_wrap_v2,20ms_frames_within_40dB_of_peak_power_v1,8000,-41.50000015279646,active speech / extracted noise-window RMS; no wrapping,"Sara Khan, your Thursday appointment is at four ten p m, your payment of ninety dollars is due by September third, and your reference code is six two seven five. Do not change the date.","SARACON, your Thursday appointment is at 4.10pm, your payment of $90 is due by September 3rd, and your reference code is 6275. Do not change the date.",0.3714285714285714,0.8571428571428571,"{'name': {'recovered': False, 'conflict': False}, 'day': {'recovered': True, 'conflict': False}, 'time': {'recovered': True, 'conflict': False}, 'date': {'recovered': True, 'conflict': False}, 'amount': {'recovered': True, 'conflict': False}, 'code': {'recovered': True, 'conflict': False}, 'negation': {'recovered': True, 'conflict': False}}",7,6,0.8617640488687484,12.32,0.0,/content/drive/MyDrive/DataForge/noise_grid_v2/outputs/05eca3e90a16aae6/clips/critical_05_baseline_r0_environment_2_15dB.wav,4ae9d03e14d84ec2b3a8eca14d4b1df8d39ce1268e1316b68e223e911f9392ee,/content/drive/MyDrive/DataForge/noise_masking/outputs/synthesis_cache/06c4d940de7e5f6d/c60b08d16685bb9457821fad4cb5d083b81432e6c49ab89dd84c12018f4fd484.wav,5f67ad16b64b336b0bd31a19a7ef46b2c761d44b94fd0e3afb52b15f4e65a048,0.902313232421875,True,,1.0,HTTP WAV -> local PCMU roundtrip,after simulated phone codec,coda,celeste,https://users.rime.ai/v1/rime-tts,3.237531877759544,3.5814517531802226,2.621931383455678
05eca3e90a16aae62993a4e8c0622498daf075b34cb0dd9342baad1fa1a946ce,critical_05_baseline_r0_environment_2_10dB,critical_05,dev,baseline,0,environment_2_10dB,environment_2,10.0,10.0000001750199,/content/drive/.shortcut-targets-by-id/1gvOi3VP1hvG6qL4dZhVl6iPKkjXSn32n/DataForge/data/musan/noise/free-sound/noise-free-sound-0131.wav,4c75a309561d719f6d0c34738b78912ac976aa854541c6452e4e34ffcaaa3e5e,0.0,False,environmental_noise,0.0838667840138316,0.0883010481256474,0.0301324284306005,window_rms_no_wrap_v2,20ms_frames_within_40dB_of_peak_power_v1,8000,-41.50000015279646,active speech / extracted noise-window RMS; no wrapping,"Sara Khan, your Thursday appointment is at four ten p m, your payment of ninety dollars is due by September third, and your reference code is six two seven five. Do not change the date.","SAR-Con, your Thursday appointment is at 4.10pm, your payment of $90 is due by September 3rd, and your reference code is 6275. Do not change the date.",0.3714285714285714,0.8571428571428571,"{'name': {'recovered': False, 'conflict': False}, 'day': {'recovered': True, 'conflict': False}, 'time': {'recovered': True, 'conflict': False}, 'date': {'recovered': True, 'conflict': False}, 'amount': {'recovered': True, 'conflict': False}, 'code': {'recovered': True, 'conflict': False}, 'negation': {'recovered': True, 'conflict': False}}",7,6,0.8112197042195034,12.32,0.0,/content/drive/MyDrive/DataForge/noise_grid_v2/outputs/05eca3e90a16aae6/clips/critical_05_baseline_r0_environment_2_10dB.wav,3742826683202261f3898493a3b1c0ace4196ed205760f51e08e090d36e084f6,/content/drive/MyDrive/DataForge/noise_masking/outputs/synthesis_cache/06c4d940de7e5f6d/c60b08d16685bb9457821fad4cb5d083b81432e6c49ab89dd84c12018f4fd484.wav,5f67ad16b64b336b0bd31a19a7ef46b2c761d44b94fd0e3afb52b15f4e65a048,0.902313232421875,True,,1.0,HTTP WAV -> local PCMU roundtrip,after simulated phone codec,coda,celeste,https://users.rime.ai/v1/rime-tts,3.315772873607993,3.35181882252398,2.576662283131823
05eca3e90a16aae62993a4e8c0622498daf075b34cb0dd9342baad1fa1a946ce,critical_05_baseline_r0_environment_2_5dB,critical_05,dev,baseline,0,environment_2_5dB,environment_2,5.0,5.000000289594027,/content/drive/.shortcut-targets-by-id/1gvOi3VP1hvG6qL4dZhVl6iPKkjXSn32n/DataForge/data/musan/noise/free-sound/noise-free-sound-0131.wav,4c75a309561d719f6d0c34738b78912ac976aa854541c6452e4e34ffcaaa3e5e,0.0,False,environmental_noise,0.0838667840138316,0.0883010481256474,0.0535838770526083,window_rms_no_wrap_v2,20ms_frames_within_40dB_of_peak_power_v1,8000,-41.50000015279646,active speech / extracted noise-window RMS; no wrapping,"Sara Khan, your Thursday appointment is at four ten p m, your payment of ninety dollars is due by September third, and your reference code is six two seven five. Do not change the date.","SAR-Con, your Thursday appointment is at 4.10pm, your payment of $90 is due by September 3rd, and your reference code is 6275. Do not change the date.",0.3714285714285714,0.8571428571428571,"{'name': {'recovered': False, 'conflict': False}, 'day': {'recovered': True, 'conflict': False}, 'time': {'recovered': True, 'conflict': False}, 'date': {'recovered': True, 'conflict': False}, 'amount': {'recovered': True, 'conflict': False}, 'code': {'recovered': True, 'conflict': False}, 'negation': {'recovered': True, 'conflict': False}}",7,6,0.7469834769246896,12.32,0.0,/content/drive/MyDrive/DataForge/noise_grid_v2/outputs/05eca3e90a16aae6/clips/critical_05_baseline_r0_environment_2_5dB.wav,5756856dbde9ae3381075222ce2fc2865aa66500f809d2ddfb4b8829992d8c5d,/content/drive/MyDrive/DataForge/noise_masking/outputs/synthesis_cache/06c4d940de7e5f6d/c60b08d16685bb9457821fad4cb5d083b81432e6c49ab89dd84c12018f4fd484.wav,5f67ad16b64b336b0bd31a19a7ef46b2c761d44b94fd0e3afb52b15f4e65a048,0.902313232421875,True,,1.0,HTTP WAV -> local PCMU roundtrip,after simulated phone codec,coda,celeste,https://users.rime.ai/v1/rime-tts,3.352561036518827,3.190566159535278,2.529158549582018
05eca3e90a16aae62993a4e8c0622498daf075b34cb0dd9342baad1fa1a946ce,critical_05_baseline_r0_environment_2_0dB,critical_05,dev,baseline,0,environment_2_0dB,environment_2,0.0,-1.648890127272025e-07,/content/drive/.shortcut-targets-by-id/1gvOi3VP1hvG6qL4dZhVl6iPKkjXSn32n/DataForge/data/musan/noise/free-sound/noise-free-sound-0131.wav,4c75a309561d719f6d0c34738b78912ac976aa854541c6452e4e34ffcaaa3e5e,0.0,False,environmental_noise,0.0838667840138316,0.0883010481256474,0.0952871052727105,window_rms_no_wrap_v2,20ms_frames_within_40dB_of_peak_power_v1,8000,-41.50000015279646,active speech / extracted noise-window RMS; no wrapping,"Sara Khan, your Thursday appointment is at four ten p m, your payment of ninety dollars is due by September third, and your reference code is six two seven five. Do not change the date.","SARECON, your Thursday appointment is at 4.10pm, your payment of $90 is due by September 3rd, and your reference code is 6275. Do not change the date.",0.3714285714285714,0.8571428571428571,"{'name': {'recovered': False, 'conflict': False}, 'day': {'recovered': True, 'conflict': False}, 'time': {'recovered': True, 'conflict': False}, 'date': {'recovered': True, 'conflict': False}, 'amount': {'recovered': True, 'conflict': False}, 'code': {'recovered': True, 'conflict': False}, 'negation': {'recovered': True, 'conflict': False}}",7,6,0.669152169323234,12.32,0.0,/content/drive/MyDrive/DataForge/noise_grid_v2/outputs/05eca3e90a16aae6/clips/critical_05_baseline_r0_environment_2_0dB.wav,8e81ac2e8e042c5e3456586fc1691e7c3896f26c749cab2d5c1f50b4985f7849,/content/drive/MyDrive/DataForge/noise_masking/outputs/synthesis_cache/06c4d940de7e5f6d/c60b08d16685bb9457821fad4cb5d083b81432e6c49ab89dd84c12018f4fd484.wav,5f67ad16b64b336b0bd31a19a7ef46b2c761d44b94fd0e3afb52b15f4e65a048,0.902313232421875,True,,1.0,HTTP WAV -> local PCMU roundtrip,after simulated phone codec,coda,celeste,https://users.rime.ai/v1/rime-tts,3.34420346137846,2.933151435149787,2.484492495159556
05eca3e90a16aae62993a4e8c0622498daf075b34cb0dd9342baad1fa1a946ce,critical_05_baseline_r0_environment_2_-5dB,critical_05,dev,baseline,0,environment_2_-5dB,environment_2,-5.0,-4.999999837468337,/content/drive/.shortcut-targets-by-id/1gvOi3VP1hvG6qL4dZhVl6iPKkjXSn32n/DataForge/data/musan/noise/free-sound/noise-free-sound-0131.wav,4c75a309561d719f6d0c34738b78912ac976aa854541c6452e4e34ffcaaa3e5e,0.0,False,environmental_noise,0.0838667840138316,0.0883010481256474,0.1694470973486724,window_rms_no_wrap_v2,20ms_frames_within_40dB_of_peak_power_v1,8000,-41.50000015279646,active speech / extracted noise-window RMS; no wrapping,"Sara Khan, your Thursday appointment is at four ten p m, your payment of ninety dollars is due by September third, and your reference code is six two seven five. Do not change the date.","SARA-Con, your Thursday appointment is at 4.10pm, your payment of $90 is due by September 3rd, and your reference code is 6275. Do not change the date.",0.3428571428571428,0.8571428571428571,"{'name': {'recovered': False, 'conflict': False}, 'day': {'recovered': True, 'conflict': False}, 'time': {'recovered': True, 'conflict': False}, 'date': {'recovered': True, 'conflict': False}, 'amount': {'recovered': True, 'conflict': False}, 'code': {'recovered': True, 'conflict': False}, 'negation': {'recovered': True, 'conflict': False}}",7,6,0.5743538165996525,12.32,0.0,/content/drive/MyDrive/DataForge/noise_grid_v2/outputs/05eca3e90a16aae6/clips/critical_05_baseline_r0_environment_2_-5dB.wav,18f34a4cdea64cf26268996d998c4f829afd6532affdfab2bf1a77eb00399c54,/content/drive/MyDrive/DataForge/noise_masking/outputs/synthesis_cache/06c4d940de7e5f6d/c60b08d16685bb9457821fad4cb5d083b81432e6c49ab89dd84c12018f4fd484.wav,5f67ad16b64b336b0bd31a19a7ef46b2c761d44b94fd0e3afb52b15f4e65a048,0.902313232421875,True,,1.0,HTTP WAV -> local PCMU roundtrip,after simulated phone codec,coda,celeste,https://users.rime.ai/v1/rime-tts,1.928763834847594,1.7570189178234128,1.5672786810619896
05eca3e90a16aae62993a4e8c0622498daf075b34cb0dd9342baad1fa1a946ce,critical_07_baseline_r1_clean,critical_07,dev,baseline,1,clean,clean,,,,,,False,clean,,,,window_rms_no_wrap_v2,20ms_frames_within_40dB_of_peak_power_v1,8000,-41.499999885638445,active speech / extracted noise-window RMS; no wrapping,"Priya Sen, your Tuesday appointment is at one twenty five p m, your payment of eighty dollars is due by November fifth, and your reference code is two eight four seven. Do not share the address.","Pre-SN, your Tuesday appointment is at 1.25pm, your payment of $80 is due by November 5th, and your reference code is 2847. Do not share the address.",0.3888888888888889,0.8571428571428571,"{'name': {'recovered': False, 'conflict': False}, 'day': {'recovered': True, 'conflict': False}, 'time': {'recovered': True, 'conflict': False}, 'date': {'recovered': True, 'conflict': False}, 'amount': {'recovered': True, 'conflict': False}, 'code': {'recovered': True, 'conflict': False}, 'negation': {'recovered': True, 'conflict': False}}",7,6,,14.32,0.0,/content/drive/MyDrive/DataForge/noise_grid_v2/outputs/05eca3e90a16aae6/clips/critical_07_baseline_r1_clean.wav,02e644c38199162aea033c078a99f1f8f82cdbb1541c41af42dc025208f3f27f,/content/drive/MyDrive/DataForge/noise_masking/outputs/synthesis_cache/06c4d940de7e5f6d/bb47ee81e399a87f38a0835d23c774fc28e3fc7c510c0630ef6b072aef376530.wav,6fc84a4bcacdf30cc911bc7427eb179cdb6d52fe0cd52377abfffcae445072a1,0.855438232421875,True,,1.0,HTTP WAV -> local PCMU roundtrip,after simulated phone codec,coda,celeste,https://users.rime.ai/v1/rime-tts,3.286317644768605,4.03282390543314,2.89552734318802
05eca3e90a16aae62993a4e8c0622498daf075b34cb0dd9342baad1fa1a946ce,critical_07_baseline_r1_speech_1_15dB,critical_07,dev,baseline,1,speech_1_15dB,speech_1,15.0,15.000000165547728,/content/drive/.shortcut-targets-by-id/1gvOi3VP1hvG6qL4dZhVl6iPKkjXSn32n/DataForge/data/musan/speech/librivox/speech-librivox-0004.wav,76965f20b10ce0ed48beed1670d8c5ed81182a2bc797ed5e4d7dbe24c4c58ae8,0.0,False,competing_speech,0.0918381103595235,0.0971726040245275,0.0153977110196279,window_rms_no_wrap_v2,20ms_frames_within_40dB_of_peak_power_v1,8000,-41.499999885638445,active speech / extracted noise-window RMS; no wrapping,"Priya Sen, your Tuesday appointment is at one twenty five p m, your payment of eighty dollars is due by November fifth, and your reference code is two eight four seven. Do not share the address.","Pre-ascent, your Tuesday appointment is at 1.25pm, your payment of $80 is due by November 5, and your reference code is 2847. Do not share the address.",0.3888888888888889,0.8571428571428571,"{'name': {'recovered': False, 'conflict': False}, 'day': {'recovered': True, 'conflict': False}, 'time': {'recovered': True, 'conflict': False}, 'date': {'recovered': True, 'conflict': False}, 'amount': {'recovered': True, 'conflict': False}, 'code': {'recovered': True, 'conflict': False}, 'negation': {'recovered': True, 'conflict': False}}",7,6,0.7966737109303872,14.32,0.0,/content/drive/MyDrive/DataForge/noise_grid_v2/outputs/05eca3e90a16aae6/clips/critical_07_baseline_r1_speech_1_15dB.wav,c4b44bf4f18a0390999acc933daa2ddfeeab2145f57670f2266fe908bab8ecac,/content/drive/MyDrive/DataForge/noise_masking/outputs/synthesis_cache/06c4d940de7e5f6d/bb47ee81e399a87f38a0835d23c774fc28e3fc7c510c0630ef6b072aef376530.wav,6fc84a4bcacdf30cc911bc7427eb179cdb6d52fe0cd52377abfffcae445072a1,0.855438232421875,True,,1.0,HTTP WAV -> local PCMU roundtrip,after simulated phone codec,coda,celeste,https://users.rime.ai/v1/rime-tts,3.2388959065064906,3.8718423836578473,2.781743750543953
05eca3e90a16aae62993a4e8c0622498daf075b34cb0dd9342baad1fa1a946ce,critical_07_baseline_r1_speech_1_10dB,critical_07,dev,baseline,1,speech_1_10dB,speech_1,10.0,9.999999773639942,/content/drive/.shortcut-targets-by-id/1gvOi3VP1hvG6qL4dZhVl6iPKkjXSn32n/DataForge/data/musan/speech/librivox/speech-librivox-0004.wav,76965f20b10ce0ed48beed1670d8c5ed81182a2bc797ed5e4d7dbe24c4c58ae8,0.0,False,competing_speech,0.0918381103595235,0.0971726040245275,0.0273814324679338,window_rms_no_wrap_v2,20ms_frames_within_40dB_of_peak_power_v1,8000,-41.499999885638445,active speech / extracted noise-window RMS; no wrapping,"Priya Sen, your Tuesday appointment is at one twenty five p m, your payment of eighty dollars is due by November fifth, and your reference code is two eight four seven. Do not share the address.","Pre-assent, your Tuesday appointment is at 1.25pm, your payment of $80 is due by November 5, and your reference code is 2847. Do not share the address.",0.3888888888888889,0.8571428571428571,"{'name': {'recovered': False, 'conflict': False}, 'day': {'recovered': True, 'conflict': False}, 'time': {'recovered': True, 'conflict': False}, 'date': {'recovered': True, 'conflict': False}, 'amount': {'recovered': True, 'conflict': False}, 'code': {'recovered': True, 'conflict': False}, 'negation': {'recovered': True, 'conflict': False}}",7,6,0.7237972734108672,14.32,0.0,/content/drive/MyDrive/DataForge/noise_grid_v2/outputs/05eca3e90a16aae6/clips/critical_07_baseline_r1_speech_1_10dB.wav,edeeb256ef5e7a9dc64eb8dcb52d9a9cde3fd192c907fe4efd4b03ef2d158b88,/content/drive/MyDrive/DataForge/noise_masking/outputs/synthesis_cache/06c4d940de7e5f6d/bb47ee81e399a87f38a0835d23c774fc28e3fc7c510c0630ef6b072aef376530.wav,6fc84a4bcacdf30cc911bc7427eb179cdb6d52fe0cd52377abfffcae445072a1,0.855438232421875,True,,1.0,HTTP WAV -> local PCMU roundtrip,after simulated phone codec,coda,celeste,https://users.rime.ai/v1/rime-tts,3.250791136591879,3.656175131292176,2.7221218032740877
05eca3e90a16aae62993a4e8c0622498daf075b34cb0dd9342baad1fa1a946ce,critical_07_baseline_r1_speech_1_5dB,critical_07,dev,baseline,1,speech_1_5dB,speech_1,5.0,4.999999744427757,/content/drive/.shortcut-targets-by-id/1gvOi3VP1hvG6qL4dZhVl6iPKkjXSn32n/DataForge/data/musan/speech/librivox/speech-librivox-0004.wav,76965f20b10ce0ed48beed1670d8c5ed81182a2bc797ed5e4d7dbe24c4c58ae8,0.0,False,competing_speech,0.0918381103595235,0.0971726040245275,0.0486918375750979,window_rms_no_wrap_v2,20ms_frames_within_40dB_of_peak_power_v1,8000,-41.499999885638445,active speech / extracted noise-window RMS; no wrapping,"Priya Sen, your Tuesday appointment is at one twenty five p m, your payment of eighty dollars is due by November fifth, and your reference code is two eight four seven. Do not share the address.","Pre-assent, your Tuesday appointment is at 1.25pm, your payment of $80 is due by November 5th, and your reference code is 2847. Do not share the address.",0.3888888888888889,0.8571428571428571,"{'name': {'recovered': False, 'conflict': False}, 'day': {'recovered': True, 'conflict': False}, 'time': {'recovered': True, 'conflict': False}, 'date': {'recovered': True, 'conflict': False}, 'amount': {'recovered': True, 'conflict': False}, 'code': {'recovered': True, 'conflict': False}, 'negation': {'recovered': True, 'conflict': False}}",7,6,0.6314897310652514,14.32,0.0,/content/drive/MyDrive/DataForge/noise_grid_v2/outputs/05eca3e90a16aae6/clips/critical_07_baseline_r1_speech_1_5dB.wav,89e6620cc8fe2ed72bf2479ca1dd2abb5dcf9ed91e7e32e69319570dd79a6398,/content/drive/MyDrive/DataForge/noise_masking/outputs/synthesis_cache/06c4d940de7e5f6d/bb47ee81e399a87f38a0835d23c774fc28e3fc7c510c0630ef6b072aef376530.wav,6fc84a4bcacdf30cc911bc7427eb179cdb6d52fe0cd52377abfffcae445072a1,0.855438232421875,True,,1.0,HTTP WAV -> local PCMU roundtrip,after simulated phone codec,coda,celeste,https://users.rime.ai/v1/rime-tts,3.258956526107984,3.261784880123213,2.5729819309401987
05eca3e90a16aae62993a4e8c0622498daf075b34cb0dd9342baad1fa1a946ce,critical_07_baseline_r1_speech_1_0dB,critical_07,dev,baseline,1,speech_1_0dB,speech_1,0.0,2.393756710386351e-07,/content/drive/.shortcut-targets-by-id/1gvOi3VP1hvG6qL4dZhVl6iPKkjXSn32n/DataForge/data/musan/speech/librivox/speech-librivox-0004.wav,76965f20b10ce0ed48beed1670d8c5ed81182a2bc797ed5e4d7dbe24c4c58ae8,0.0,False,competing_speech,0.0918381103595235,0.0971726040245275,0.0865876921967563,window_rms_no_wrap_v2,20ms_frames_within_40dB_of_peak_power_v1,8000,-41.499999885638445,active speech / extracted noise-window RMS; no wrapping,"Priya Sen, your Tuesday appointment is at one twenty five p m, your payment of eighty dollars is due by November fifth, and your reference code is two eight four seven. Do not share the address.","Prius then, your Tuesday appointment is at 1.25pm, your payment of $80 is due by November 5th, and your reference code is 2847. Do not share the address.",0.3888888888888889,0.8571428571428571,"{'name': {'recovered': False, 'conflict': False}, 'day': {'recovered': True, 'conflict': False}, 'time': {'recovered': True, 'conflict': False}, 'date': {'recovered': True, 'conflict': False}, 'amount': {'recovered': True, 'conflict': False}, 'code': {'recovered': True, 'conflict': False}, 'negation': {'recovered': True, 'conflict': False}}",7,6,0.5263979246290066,14.32,0.0,/content/drive/MyDrive/DataForge/noise_grid_v2/outputs/05eca3e90a16aae6/clips/critical_07_baseline_r1_speech_1_0dB.wav,afb467f9b5f4183a8b6fdf67b91715d3ed1c70b391cd9756f29f95ddf197072b,/content/drive/MyDrive/DataForge/noise_masking/outputs/synthesis_cache/06c4d940de7e5f6d/bb47ee81e399a87f38a0835d23c774fc28e3fc7c510c0630ef6b072aef376530.wav,6fc84a4bcacdf30cc911bc7427eb179cdb6d52fe0cd52377abfffcae445072a1,0.855438232421875,True,,1.0,HTTP WAV -> local PCMU roundtrip,after simulated phone codec,coda,celeste,https://users.rime.ai/v1/rime-tts,3.199515359446034,2.831798363105733,2.3462746412806474
05eca3e90a16aae62993a4e8c0622498daf075b34cb0dd9342baad1fa1a946ce,critical_07_baseline_r1_speech_1_-5dB,critical_07,dev,baseline,1,speech_1_-5dB,speech_1,-5.0,-5.000000045269905,/content/drive/.shortcut-targets-by-id/1gvOi3VP1hvG6qL4dZhVl6iPKkjXSn32n/DataForge/data/musan/speech/librivox/speech-librivox-0004.wav,76965f20b10ce0ed48beed1670d8c5ed81182a2bc797ed5e4d7dbe24c4c58ae8,0.0,False,competing_speech,0.0918381103595235,0.0971726040245275,0.1539771101962796,window_rms_no_wrap_v2,20ms_frames_within_40dB_of_peak_power_v1,8000,-41.499999885638445,active speech / extracted noise-window RMS; no wrapping,"Priya Sen, your Tuesday appointment is at one twenty five p m, your payment of eighty dollars is due by November fifth, and your reference code is two eight four seven. Do not share the address.","Pre-incense, your Tuesday appointment is at 1.25 pm. Your payment of $80 is due by November 6th. And your reference code is Tuesday 4-7. We do not share the address.",0.3888888888888889,0.5714285714285714,"{'name': {'recovered': False, 'conflict': False}, 'day': {'recovered': True, 'conflict': False}, 'time': {'recovered': True, 'conflict': False}, 'date': {'recovered': False, 'conflict': False}, 'amount': {'recovered': True, 'conflict': False}, 'code': {'recovered': False, 'conflict': False}, 'negation': {'recovered': True, 'conflict': False}}",7,4,0.420067624563222,14.32,0.0,/content/drive/MyDrive/DataForge/noise_grid_v2/outputs/05eca3e90a16aae6/clips/critical_07_baseline_r1_speech_1_-5dB.wav,b68e41c28725b140f0e79fe48cbcedd9aed5f28d7676d22dc8ded86a082888dd,/content/drive/MyDrive/DataForge/noise_masking/outputs/synthesis_cache/06c4d940de7e5f6d/bb47ee81e399a87f38a0835d23c774fc28e3fc7c510c0630ef6b072aef376530.wav,6fc84a4bcacdf30cc911bc7427eb179cdb6d52fe0cd52377abfffcae445072a1,0.855438232421875,True,,1.0,HTTP WAV -> local PCMU roundtrip,after simulated phone codec,coda,celeste,https://users.rime.ai/v1/rime-tts,3.3021392917291625,2.8786602384909585,2.455380395937901
05eca3e90a16aae62993a4e8c0622498daf075b34cb0dd9342baad1fa1a946ce,critical_07_baseline_r1_speech_2_15dB,critical_07,dev,baseline,1,speech_2_15dB,speech_2,15.0,15.000000065758917,/content/drive/.shortcut-targets-by-id/1gvOi3VP1hvG6qL4dZhVl6iPKkjXSn32n/DataForge/data/musan/speech/librivox/speech-librivox-0003.wav,8c1370aaca2843057072ded459deb739413910e7a2c5a1f21d3e04c2b3fe4c6b,0.0,False,competing_speech,0.0861615546950171,0.0920371897627271,0.016256859641757,window_rms_no_wrap_v2,20ms_frames_within_40dB_of_peak_power_v1,8000,-41.499999885638445,active speech / extracted noise-window RMS; no wrapping,"Priya Sen, your Tuesday appointment is at one twenty five p m, your payment of eighty dollars is due by November fifth, and your reference code is two eight four seven. Do not share the address.","Pre-assent, your Tuesday appointment is at 1.25pm, your payment of $80 is due by November 5th, and your reference code is 2847. Do not share the address.",0.3888888888888889,0.8571428571428571,"{'name': {'recovered': False, 'conflict': False}, 'day': {'recovered': True, 'conflict': False}, 'time': {'recovered': True, 'conflict': False}, 'date': {'recovered': True, 'conflict': False}, 'amount': {'recovered': True, 'conflict': False}, 'code': {'recovered': True, 'conflict': False}, 'negation': {'recovered': True, 'conflict': False}}",7,6,0.80702918051269,14.32,0.0,/content/drive/MyDrive/DataForge/noise_grid_v2/outputs/05eca3e90a16aae6/clips/critical_07_baseline_r1_speech_2_15dB.wav,5a6d35830803e519cb02419ba8324e884d26786b060961cadd5edfdf86dbbf3a,/content/drive/MyDrive/DataForge/noise_masking/outputs/synthesis_cache/06c4d940de7e5f6d/bb47ee81e399a87f38a0835d23c774fc28e3fc7c510c0630ef6b072aef376530.wav,6fc84a4bcacdf30cc911bc7427eb179cdb6d52fe0cd52377abfffcae445072a1,0.855438232421875,True,,1.0,HTTP WAV -> local PCMU roundtrip,after simulated phone codec,coda,celeste,https://users.rime.ai/v1/rime-tts,3.222357455091258,3.923950293458795,2.781742060058081
05eca3e90a16aae62993a4e8c0622498daf075b34cb0dd9342baad1fa1a946ce,critical_07_baseline_r1_speech_2_10dB,critical_07,dev,baseline,1,speech_2_10dB,speech_2,10.0,10.000000213335433,/content/drive/.shortcut-targets-by-id/1gvOi3VP1hvG6qL4dZhVl6iPKkjXSn32n/DataForge/data/musan/speech/librivox/speech-librivox-0003.wav,8c1370aaca2843057072ded459deb739413910e7a2c5a1f21d3e04c2b3fe4c6b,0.0,False,competing_speech,0.0861615546950171,0.0920371897627271,0.0289092387728292,window_rms_no_wrap_v2,20ms_frames_within_40dB_of_peak_power_v1,8000,-41.499999885638445,active speech / extracted noise-window RMS; no wrapping,"Priya Sen, your Tuesday appointment is at one twenty five p m, your payment of eighty dollars is due by November fifth, and your reference code is two eight four seven. Do not share the address.","Prius N, your Tuesday appointment is at 1.25pm, your payment of $80 is due by November 5th, and your reference code is 2847. Do not share the address.",0.3888888888888889,0.8571428571428571,"{'name': {'recovered': False, 'conflict': False}, 'day': {'recovered': True, 'conflict': False}, 'time': {'recovered': True, 'conflict': False}, 'date': {'recovered': True, 'conflict': False}, 'amount': {'recovered': True, 'conflict': False}, 'code': {'recovered': True, 'conflict': False}, 'negation': {'recovered': True, 'conflict': False}}",7,6,0.7467041219724415,14.32,0.0,/content/drive/MyDrive/DataForge/noise_grid_v2/outputs/05eca3e90a16aae6/clips/critical_07_baseline_r1_speech_2_10dB.wav,cf473f5d80a5bf93111df05ef937c6e8810e6937e9b0d27cadcf7a5a255ad790,/content/drive/MyDrive/DataForge/noise_masking/outputs/synthesis_cache/06c4d940de7e5f6d/bb47ee81e399a87f38a0835d23c774fc28e3fc7c510c0630ef6b072aef376530.wav,6fc84a4bcacdf30cc911bc7427eb179cdb6d52fe0cd52377abfffcae445072a1,0.855438232421875,True,,1.0,HTTP WAV -> local PCMU roundtrip,after simulated phone codec,coda,celeste,https://users.rime.ai/v1/rime-tts,3.1491189159636943,3.782452936940909,2.682424277132528
05eca3e90a16aae62993a4e8c0622498daf075b34cb0dd9342baad1fa1a946ce,critical_07_baseline_r1_speech_2_5dB,critical_07,dev,baseline,1,speech_2_5dB,speech_2,5.0,4.999999947226606,/content/drive/.shortcut-targets-by-id/1gvOi3VP1hvG6qL4dZhVl6iPKkjXSn32n/DataForge/data/musan/speech/librivox/speech-librivox-0003.wav,8c1370aaca2843057072ded459deb739413910e7a2c5a1f21d3e04c2b3fe4c6b,0.0,False,competing_speech,0.0861615546950171,0.0920371897627271,0.0514087040696211,window_rms_no_wrap_v2,20ms_frames_within_40dB_of_peak_power_v1,8000,-41.499999885638445,active speech / extracted noise-window RMS; no wrapping,"Priya Sen, your Tuesday appointment is at one twenty five p m, your payment of eighty dollars is due by November fifth, and your reference code is two eight four seven. Do not share the address.","PriusN, where she and their appointment is at 1.25 PM, your payment of $80 is due by November 5th, and your reference code is 2847. Do not share the address.",0.4722222222222222,0.7142857142857143,"{'name': {'recovered': False, 'conflict': False}, 'day': {'recovered': False, 'conflict': False}, 'time': {'recovered': True, 'conflict': False}, 'date': {'recovered': True, 'conflict': False}, 'amount': {'recovered': True, 'conflict': False}, 'code': {'recovered': True, 'conflict': False}, 'negation': {'recovered': True, 'conflict': False}}",7,5,0.6737413506174007,14.32,0.0,/content/drive/MyDrive/DataForge/noise_grid_v2/outputs/05eca3e90a16aae6/clips/critical_07_baseline_r1_speech_2_5dB.wav,ffcca49c211a6bd69dbafe50523d8ede51fd9a9bc728d4d0fa343fd1a29716bb,/content/drive/MyDrive/DataForge/noise_masking/outputs/synthesis_cache/06c4d940de7e5f6d/bb47ee81e399a87f38a0835d23c774fc28e3fc7c510c0630ef6b072aef376530.wav,6fc84a4bcacdf30cc911bc7427eb179cdb6d52fe0cd52377abfffcae445072a1,0.855438232421875,True,,1.0,HTTP WAV -> local PCMU roundtrip,after simulated phone codec,coda,celeste,https://users.rime.ai/v1/rime-tts,3.1810849194037907,3.705831773994918,2.678334759463372
05eca3e90a16aae62993a4e8c0622498daf075b34cb0dd9342baad1fa1a946ce,critical_07_baseline_r1_speech_2_0dB,critical_07,dev,baseline,1,speech_2_0dB,speech_2,0.0,-1.1567863974638094e-07,/content/drive/.shortcut-targets-by-id/1gvOi3VP1hvG6qL4dZhVl6iPKkjXSn32n/DataForge/data/musan/speech/librivox/speech-librivox-0003.wav,8c1370aaca2843057072ded459deb739413910e7a2c5a1f21d3e04c2b3fe4c6b,0.0,False,competing_speech,0.0861615546950171,0.0920371897627271,0.0914190399437915,window_rms_no_wrap_v2,20ms_frames_within_40dB_of_peak_power_v1,8000,-41.499999885638445,active speech / extracted noise-window RMS; no wrapping,"Priya Sen, your Tuesday appointment is at one twenty five p m, your payment of eighty dollars is due by November fifth, and your reference code is two eight four seven. Do not share the address.",Prius N. A machine that flies by the Times Dispatch for the 1993 collection. Your payment of $80 is paid by November 5th. And your reference code is 2-8-4-7. Do not share the address.,0.6111111111111112,0.5714285714285714,"{'name': {'recovered': False, 'conflict': False}, 'day': {'recovered': False, 'conflict': False}, 'time': {'recovered': False, 'conflict': False}, 'date': {'recovered': True, 'conflict': False}, 'amount': {'recovered': True, 'conflict': False}, 'code': {'recovered': True, 'conflict': False}, 'negation': {'recovered': True, 'conflict': False}}",7,4,0.5916583798845634,14.32,0.0,/content/drive/MyDrive/DataForge/noise_grid_v2/outputs/05eca3e90a16aae6/clips/critical_07_baseline_r1_speech_2_0dB.wav,dc5c8ac7ba24b3a38d147634058a3ada6a007de7f695d3a3be5268f3f9524a54,/content/drive/MyDrive/DataForge/noise_masking/outputs/synthesis_cache/06c4d940de7e5f6d/bb47ee81e399a87f38a0835d23c774fc28e3fc7c510c0630ef6b072aef376530.wav,6fc84a4bcacdf30cc911bc7427eb179cdb6d52fe0cd52377abfffcae445072a1,0.855438232421875,True,,1.0,HTTP WAV -> local PCMU roundtrip,after simulated phone codec,coda,celeste,https://users.rime.ai/v1/rime-tts,3.250471524849361,3.712641385871678,2.7535182720121263
05eca3e90a16aae62993a4e8c0622498daf075b34cb0dd9342baad1fa1a946ce,critical_07_baseline_r1_speech_2_-5dB,critical_07,dev,baseline,1,speech_2_-5dB,speech_2,-5.0,-5.000000134700319,/content/drive/.shortcut-targets-by-id/1gvOi3VP1hvG6qL4dZhVl6iPKkjXSn32n/DataForge/data/musan/speech/librivox/speech-librivox-0003.wav,8c1370aaca2843057072ded459deb739413910e7a2c5a1f21d3e04c2b3fe4c6b,0.0,False,competing_speech,0.0861615546950171,0.0920371897627271,0.1625685964175702,window_rms_no_wrap_v2,20ms_frames_within_40dB_of_peak_power_v1,8000,-41.499999885638445,active speech / extracted noise-window RMS; no wrapping,"Priya Sen, your Tuesday appointment is at one twenty five p m, your payment of eighty dollars is due by November fifth, and your reference code is two eight four seven. Do not share the address.",Prius N a machine that flies at 125 by the Times dispatch For the 1903 collection and your reference code is to this is a little box recording all of the recordings are in the public,0.9444444444444444,0.0,"{'name': {'recovered': False, 'conflict': False}, 'day': {'recovered': False, 'conflict': False}, 'time': {'recovered': False, 'conflict': False}, 'date': {'recovered': False, 'conflict': False}, 'amount': {'recovered': False, 'conflict': False}, 'code': {'recovered': False, 'conflict': False}, 'negation': {'recovered': False, 'conflict': False}}",7,0,0.5080578178415455,14.32,0.0,/content/drive/MyDrive/DataForge/noise_grid_v2/outputs/05eca3e90a16aae6/clips/critical_07_baseline_r1_speech_2_-5dB.wav,93dcf1fe8a06b30645a5bc7ea23c7b923c4fd4ea08f5a020e95829f73455a3c6,/content/drive/MyDrive/DataForge/noise_masking/outputs/synthesis_cache/06c4d940de7e5f6d/bb47ee81e399a87f38a0835d23c774fc28e3fc7c510c0630ef6b072aef376530.wav,6fc84a4bcacdf30cc911bc7427eb179cdb6d52fe0cd52377abfffcae445072a1,0.855438232421875,True,,1.0,HTTP WAV -> local PCMU roundtrip,after simulated phone codec,coda,celeste,https://users.rime.ai/v1/rime-tts,3.243142933432667,3.575769832793659,2.7311992529660647
05eca3e90a16aae62993a4e8c0622498daf075b34cb0dd9342baad1fa1a946ce,critical_07_baseline_r1_environment_1_15dB,critical_07,dev,baseline,1,environment_1_15dB,environment_1,15.0,14.999999714347396,/content/drive/.shortcut-targets-by-id/1gvOi3VP1hvG6qL4dZhVl6iPKkjXSn32n/DataForge/data/musan/noise/free-sound/noise-free-sound-0397.wav,381b7347876f96d6a287a55e578b9ac8f3e5d2fa4ac35d9fb7a9a52c2bdbce24,0.0,False,environmental_noise,0.0127726895944802,0.0146577498253251,0.1020781288823246,window_rms_no_wrap_v2,20ms_frames_within_40dB_of_peak_power_v1,8000,-41.499999885638445,active speech / extracted noise-window RMS; no wrapping,"Priya Sen, your Tuesday appointment is at one twenty five p m, your payment of eighty dollars is due by November fifth, and your reference code is two eight four seven. Do not share the address.","Preasend, your Tuesday appointment is at 1.25pm, your payment of $80 is due by November 5th and your reference code is 2847. Do not share the address.",0.3888888888888889,0.8571428571428571,"{'name': {'recovered': False, 'conflict': False}, 'day': {'recovered': True, 'conflict': False}, 'time': {'recovered': True, 'conflict': False}, 'date': {'recovered': True, 'conflict': False}, 'amount': {'recovered': True, 'conflict': False}, 'code': {'recovered': True, 'conflict': False}, 'negation': {'recovered': True, 'conflict': False}}",7,6,0.7850658011092392,14.32,0.0,/content/drive/MyDrive/DataForge/noise_grid_v2/outputs/05eca3e90a16aae6/clips/critical_07_baseline_r1_environment_1_15dB.wav,b5661142234c4b1d5b1ad351beea7bf37a2ce2c25d0deebac8855e39dbb85ba6,/content/drive/MyDrive/DataForge/noise_masking/outputs/synthesis_cache/06c4d940de7e5f6d/bb47ee81e399a87f38a0835d23c774fc28e3fc7c510c0630ef6b072aef376530.wav,6fc84a4bcacdf30cc911bc7427eb179cdb6d52fe0cd52377abfffcae445072a1,0.855438232421875,True,,1.0,HTTP WAV -> local PCMU roundtrip,after simulated phone codec,coda,celeste,https://users.rime.ai/v1/rime-tts,3.24445753184064,3.6357526563455735,2.637230777103935
05eca3e90a16aae62993a4e8c0622498daf075b34cb0dd9342baad1fa1a946ce,critical_07_baseline_r1_environment_1_10dB,critical_07,dev,baseline,1,environment_1_10dB,environment_1,10.0,10.000000359203574,/content/drive/.shortcut-targets-by-id/1gvOi3VP1hvG6qL4dZhVl6iPKkjXSn32n/DataForge/data/musan/noise/free-sound/noise-free-sound-0397.wav,381b7347876f96d6a287a55e578b9ac8f3e5d2fa4ac35d9fb7a9a52c2bdbce24,0.0,False,environmental_noise,0.0127726895944802,0.0146577498253251,0.1815234348067373,window_rms_no_wrap_v2,20ms_frames_within_40dB_of_peak_power_v1,8000,-41.499999885638445,active speech / extracted noise-window RMS; no wrapping,"Priya Sen, your Tuesday appointment is at one twenty five p m, your payment of eighty dollars is due by November fifth, and your reference code is two eight four seven. Do not share the address.","Pre-assent, your Tuesday appointment is at 1.25 p.m., your payment of $80 is due by November 5th, and your reference code is 2847. Do not share the address.",0.3333333333333333,0.8571428571428571,"{'name': {'recovered': False, 'conflict': False}, 'day': {'recovered': True, 'conflict': False}, 'time': {'recovered': True, 'conflict': False}, 'date': {'recovered': True, 'conflict': False}, 'amount': {'recovered': True, 'conflict': False}, 'code': {'recovered': True, 'conflict': False}, 'negation': {'recovered': True, 'conflict': False}}",7,6,0.7259469542545982,14.32,0.0,/content/drive/MyDrive/DataForge/noise_grid_v2/outputs/05eca3e90a16aae6/clips/critical_07_baseline_r1_environment_1_10dB.wav,df95ac93bf3bd01be9629591f795260e33e9f067bebd3fb82917d82657b18160,/content/drive/MyDrive/DataForge/noise_masking/outputs/synthesis_cache/06c4d940de7e5f6d/bb47ee81e399a87f38a0835d23c774fc28e3fc7c510c0630ef6b072aef376530.wav,6fc84a4bcacdf30cc911bc7427eb179cdb6d52fe0cd52377abfffcae445072a1,0.855438232421875,True,,1.0,HTTP WAV -> local PCMU roundtrip,after simulated phone codec,coda,celeste,https://users.rime.ai/v1/rime-tts,3.285656645960772,3.2424994748631555,2.4778242225119085
05eca3e90a16aae62993a4e8c0622498daf075b34cb0dd9342baad1fa1a946ce,critical_07_baseline_r1_environment_1_5dB,critical_07,dev,baseline,1,environment_1_5dB,environment_1,5.0,5.00000006635125,/content/drive/.shortcut-targets-by-id/1gvOi3VP1hvG6qL4dZhVl6iPKkjXSn32n/DataForge/data/musan/noise/free-sound/noise-free-sound-0397.wav,381b7347876f96d6a287a55e578b9ac8f3e5d2fa4ac35d9fb7a9a52c2bdbce24,0.0,False,environmental_noise,0.0127726895944802,0.0146577498253251,0.3227993865563638,window_rms_no_wrap_v2,20ms_frames_within_40dB_of_peak_power_v1,8000,-41.499999885638445,active speech / extracted noise-window RMS; no wrapping,"Priya Sen, your Tuesday appointment is at one twenty five p m, your payment of eighty dollars is due by November fifth, and your reference code is two eight four seven. Do not share the address.","Pre-assent, your Tuesday appointment is at 1.25pm, your payment of $80 is due by November 5th, and your reference code is 2847. Do not share the address.",0.3888888888888889,0.8571428571428571,"{'name': {'recovered': False, 'conflict': False}, 'day': {'recovered': True, 'conflict': False}, 'time': {'recovered': True, 'conflict': False}, 'date': {'recovered': True, 'conflict': False}, 'amount': {'recovered': True, 'conflict': False}, 'code': {'recovered': True, 'conflict': False}, 'negation': {'recovered': True, 'conflict': False}}",7,6,0.6588862566068548,14.32,0.0,/content/drive/MyDrive/DataForge/noise_grid_v2/outputs/05eca3e90a16aae6/clips/critical_07_baseline_r1_environment_1_5dB.wav,264a7f43178a7b88ab2934c36943b14e00834275b89c4891061131f401b8b4f0,/content/drive/MyDrive/DataForge/noise_masking/outputs/synthesis_cache/06c4d940de7e5f6d/bb47ee81e399a87f38a0835d23c774fc28e3fc7c510c0630ef6b072aef376530.wav,6fc84a4bcacdf30cc911bc7427eb179cdb6d52fe0cd52377abfffcae445072a1,0.855438232421875,True,,1.0,HTTP WAV -> local PCMU roundtrip,after simulated phone codec,coda,celeste,https://users.rime.ai/v1/rime-tts,3.2811179699828497,2.878140105900304,2.3229092308465806
05eca3e90a16aae62993a4e8c0622498daf075b34cb0dd9342baad1fa1a946ce,critical_07_baseline_r1_environment_1_0dB,critical_07,dev,baseline,1,environment_1_0dB,environment_1,0.0,3.742187678326916e-07,/content/drive/.shortcut-targets-by-id/1gvOi3VP1hvG6qL4dZhVl6iPKkjXSn32n/DataForge/data/musan/noise/free-sound/noise-free-sound-0397.wav,381b7347876f96d6a287a55e578b9ac8f3e5d2fa4ac35d9fb7a9a52c2bdbce24,0.0,False,environmental_noise,0.0127726895944802,0.0146577498253251,0.5740275026863768,window_rms_no_wrap_v2,20ms_frames_within_40dB_of_peak_power_v1,8000,-41.499999885638445,active speech / extracted noise-window RMS; no wrapping,"Priya Sen, your Tuesday appointment is at one twenty five p m, your payment of eighty dollars is due by November fifth, and your reference code is two eight four seven. Do not share the address.","Pre-assent, your Tuesday appointment is at 1.25pm, your payment of $80 is due by November 5th, and your reference code is 2847. Do not share the address.",0.3888888888888889,0.8571428571428571,"{'name': {'recovered': False, 'conflict': False}, 'day': {'recovered': True, 'conflict': False}, 'time': {'recovered': True, 'conflict': False}, 'date': {'recovered': True, 'conflict': False}, 'amount': {'recovered': True, 'conflict': False}, 'code': {'recovered': True, 'conflict': False}, 'negation': {'recovered': True, 'conflict': False}}",7,6,0.582685604836952,14.32,0.0,/content/drive/MyDrive/DataForge/noise_grid_v2/outputs/05eca3e90a16aae6/clips/critical_07_baseline_r1_environment_1_0dB.wav,1997a73b95496b31c51030657e7c40948dc5caeb2afbad9aa611e6488d3d7496,/content/drive/MyDrive/DataForge/noise_masking/outputs/synthesis_cache/06c4d940de7e5f6d/bb47ee81e399a87f38a0835d23c774fc28e3fc7c510c0630ef6b072aef376530.wav,6fc84a4bcacdf30cc911bc7427eb179cdb6d52fe0cd52377abfffcae445072a1,0.855438232421875,True,,1.0,HTTP WAV -> local PCMU roundtrip,after simulated phone codec,coda,celeste,https://users.rime.ai/v1/rime-tts,3.216618872831303,2.4309421436083425,2.093970675778176
05eca3e90a16aae62993a4e8c0622498daf075b34cb0dd9342baad1fa1a946ce,critical_07_baseline_r1_environment_1_-5dB,critical_07,dev,baseline,1,environment_1_-5dB,environment_1,-5.0,-4.999999910533238,/content/drive/.shortcut-targets-by-id/1gvOi3VP1hvG6qL4dZhVl6iPKkjXSn32n/DataForge/data/musan/noise/free-sound/noise-free-sound-0397.wav,381b7347876f96d6a287a55e578b9ac8f3e5d2fa4ac35d9fb7a9a52c2bdbce24,0.0,False,environmental_noise,0.0127726895944802,0.0146577498253251,1.0207812888232466,window_rms_no_wrap_v2,20ms_frames_within_40dB_of_peak_power_v1,8000,-41.499999885638445,active speech / extracted noise-window RMS; no wrapping,"Priya Sen, your Tuesday appointment is at one twenty five p m, your payment of eighty dollars is due by November fifth, and your reference code is two eight four seven. Do not share the address.","Pre-assent, your Tuesday appointment is at 1.25pm, your payment of $80 is due by November 5, and your reference code is 2847. Do not share the address.",0.3888888888888889,0.8571428571428571,"{'name': {'recovered': False, 'conflict': False}, 'day': {'recovered': True, 'conflict': False}, 'time': {'recovered': True, 'conflict': False}, 'date': {'recovered': True, 'conflict': False}, 'amount': {'recovered': True, 'conflict': False}, 'code': {'recovered': True, 'conflict': False}, 'negation': {'recovered': True, 'conflict': False}}",7,6,0.4981006335593064,14.32,0.0,/content/drive/MyDrive/DataForge/noise_grid_v2/outputs/05eca3e90a16aae6/clips/critical_07_baseline_r1_environment_1_-5dB.wav,b72c2c4ca3cc4c71aaeba006783eb99c1fdc59c98e63c4a08897acb04ab7497b,/content/drive/MyDrive/DataForge/noise_masking/outputs/synthesis_cache/06c4d940de7e5f6d/bb47ee81e399a87f38a0835d23c774fc28e3fc7c510c0630ef6b072aef376530.wav,6fc84a4bcacdf30cc911bc7427eb179cdb6d52fe0cd52377abfffcae445072a1,0.855438232421875,True,,1.0,HTTP WAV -> local PCMU roundtrip,after simulated phone codec,coda,celeste,https://users.rime.ai/v1/rime-tts,2.456440132453835,1.7136047744968372,1.616034201739555
05eca3e90a16aae62993a4e8c0622498daf075b34cb0dd9342baad1fa1a946ce,critical_07_baseline_r1_environment_2_15dB,critical_07,dev,baseline,1,environment_2_15dB,environment_2,15.0,14.999999721509134,/content/drive/.shortcut-targets-by-id/1gvOi3VP1hvG6qL4dZhVl6iPKkjXSn32n/DataForge/data/musan/noise/free-sound/noise-free-sound-0131.wav,4c75a309561d719f6d0c34738b78912ac976aa854541c6452e4e34ffcaaa3e5e,0.0,False,environmental_noise,0.0838667840138316,0.0874433834828991,0.0171109078377213,window_rms_no_wrap_v2,20ms_frames_within_40dB_of_peak_power_v1,8000,-41.499999885638445,active speech / extracted noise-window RMS; no wrapping,"Priya Sen, your Tuesday appointment is at one twenty five p m, your payment of eighty dollars is due by November fifth, and your reference code is two eight four seven. Do not share the address.","PriusN, your Tuesday appointment is at 1.25pm. Your payment of $80 is due by November 5th, and your reference code is 2847. Do not share the address.",0.3888888888888889,0.8571428571428571,"{'name': {'recovered': False, 'conflict': False}, 'day': {'recovered': True, 'conflict': False}, 'time': {'recovered': True, 'conflict': False}, 'date': {'recovered': True, 'conflict': False}, 'amount': {'recovered': True, 'conflict': False}, 'code': {'recovered': True, 'conflict': False}, 'negation': {'recovered': True, 'conflict': False}}",7,6,0.8612570839262534,14.32,0.0,/content/drive/MyDrive/DataForge/noise_grid_v2/outputs/05eca3e90a16aae6/clips/critical_07_baseline_r1_environment_2_15dB.wav,881b9c7f5731f42817a37a86640d66d765366bf4045fddc94833201915839322,/content/drive/MyDrive/DataForge/noise_masking/outputs/synthesis_cache/06c4d940de7e5f6d/bb47ee81e399a87f38a0835d23c774fc28e3fc7c510c0630ef6b072aef376530.wav,6fc84a4bcacdf30cc911bc7427eb179cdb6d52fe0cd52377abfffcae445072a1,0.855438232421875,True,,1.0,HTTP WAV -> local PCMU roundtrip,after simulated phone codec,coda,celeste,https://users.rime.ai/v1/rime-tts,3.252259544466876,3.5134372733241164,2.5702257860796003
05eca3e90a16aae62993a4e8c0622498daf075b34cb0dd9342baad1fa1a946ce,critical_07_baseline_r1_environment_2_10dB,critical_07,dev,baseline,1,environment_2_10dB,environment_2,10.0,9.999999867860636,/content/drive/.shortcut-targets-by-id/1gvOi3VP1hvG6qL4dZhVl6iPKkjXSn32n/DataForge/data/musan/noise/free-sound/noise-free-sound-0131.wav,4c75a309561d719f6d0c34738b78912ac976aa854541c6452e4e34ffcaaa3e5e,0.0,False,environmental_noise,0.0838667840138316,0.0874433834828991,0.0304279750948934,window_rms_no_wrap_v2,20ms_frames_within_40dB_of_peak_power_v1,8000,-41.499999885638445,active speech / extracted noise-window RMS; no wrapping,"Priya Sen, your Tuesday appointment is at one twenty five p m, your payment of eighty dollars is due by November fifth, and your reference code is two eight four seven. Do not share the address.","Pre-SN, your Tuesday appointment is at 1.25pm. Your payment of $80 is due by November 5th, and your reference code is 2847. Do not share the address.",0.3888888888888889,0.8571428571428571,"{'name': {'recovered': False, 'conflict': False}, 'day': {'recovered': True, 'conflict': False}, 'time': {'recovered': True, 'conflict': False}, 'date': {'recovered': True, 'conflict': False}, 'amount': {'recovered': True, 'conflict': False}, 'code': {'recovered': True, 'conflict': False}, 'negation': {'recovered': True, 'conflict': False}}",7,6,0.8170627294332864,14.32,0.0,/content/drive/MyDrive/DataForge/noise_grid_v2/outputs/05eca3e90a16aae6/clips/critical_07_baseline_r1_environment_2_10dB.wav,36cc33a212559c21b03879d75e9835c492d13f9db9feea3ac1cdc7bf62ee39fa,/content/drive/MyDrive/DataForge/noise_masking/outputs/synthesis_cache/06c4d940de7e5f6d/bb47ee81e399a87f38a0835d23c774fc28e3fc7c510c0630ef6b072aef376530.wav,6fc84a4bcacdf30cc911bc7427eb179cdb6d52fe0cd52377abfffcae445072a1,0.855438232421875,True,,1.0,HTTP WAV -> local PCMU roundtrip,after simulated phone codec,coda,celeste,https://users.rime.ai/v1/rime-tts,3.306228075328604,3.220398658438554,2.4715039546127406
05eca3e90a16aae62993a4e8c0622498daf075b34cb0dd9342baad1fa1a946ce,critical_07_baseline_r1_environment_2_5dB,critical_07,dev,baseline,1,environment_2_5dB,environment_2,5.0,4.999999773110592,/content/drive/.shortcut-targets-by-id/1gvOi3VP1hvG6qL4dZhVl6iPKkjXSn32n/DataForge/data/musan/noise/free-sound/noise-free-sound-0131.wav,4c75a309561d719f6d0c34738b78912ac976aa854541c6452e4e34ffcaaa3e5e,0.0,False,environmental_noise,0.0838667840138316,0.0874433834828991,0.0541094416004261,window_rms_no_wrap_v2,20ms_frames_within_40dB_of_peak_power_v1,8000,-41.499999885638445,active speech / extracted noise-window RMS; no wrapping,"Priya Sen, your Tuesday appointment is at one twenty five p m, your payment of eighty dollars is due by November fifth, and your reference code is two eight four seven. Do not share the address.","Preasend, your Tuesday appointment is at 1.25pm. Your payment of $80 is due by November 5th, and your reference code is 2847. Do not share the address.",0.3888888888888889,0.8571428571428571,"{'name': {'recovered': False, 'conflict': False}, 'day': {'recovered': True, 'conflict': False}, 'time': {'recovered': True, 'conflict': False}, 'date': {'recovered': True, 'conflict': False}, 'amount': {'recovered': True, 'conflict': False}, 'code': {'recovered': True, 'conflict': False}, 'negation': {'recovered': True, 'conflict': False}}",7,6,0.7608156026496914,14.32,0.0,/content/drive/MyDrive/DataForge/noise_grid_v2/outputs/05eca3e90a16aae6/clips/critical_07_baseline_r1_environment_2_5dB.wav,4afe47b2cc6643700e822811bcd3575fcf404105164fe275356df61c24a05141,/content/drive/MyDrive/DataForge/noise_masking/outputs/synthesis_cache/06c4d940de7e5f6d/bb47ee81e399a87f38a0835d23c774fc28e3fc7c510c0630ef6b072aef376530.wav,6fc84a4bcacdf30cc911bc7427eb179cdb6d52fe0cd52377abfffcae445072a1,0.855438232421875,True,,1.0,HTTP WAV -> local PCMU roundtrip,after simulated phone codec,coda,celeste,https://users.rime.ai/v1/rime-tts,3.3751526192487264,3.1284080658330606,2.4872477319791293
05eca3e90a16aae62993a4e8c0622498daf075b34cb0dd9342baad1fa1a946ce,critical_07_baseline_r1_environment_2_0dB,critical_07,dev,baseline,1,environment_2_0dB,environment_2,0.0,-1.6596168144072484e-07,/content/drive/.shortcut-targets-by-id/1gvOi3VP1hvG6qL4dZhVl6iPKkjXSn32n/DataForge/data/musan/noise/free-sound/noise-free-sound-0131.wav,4c75a309561d719f6d0c34738b78912ac976aa854541c6452e4e34ffcaaa3e5e,0.0,False,environmental_noise,0.0838667840138316,0.0874433834828991,0.0962217058867414,window_rms_no_wrap_v2,20ms_frames_within_40dB_of_peak_power_v1,8000,-41.499999885638445,active speech / extracted noise-window RMS; no wrapping,"Priya Sen, your Tuesday appointment is at one twenty five p m, your payment of eighty dollars is due by November fifth, and your reference code is two eight four seven. Do not share the address.","Preasense, your Tuesday appointment is at 1.25pm. Your payment of $80 is due by November 5th, and your reference code is 2847. Do not share the address.",0.3888888888888889,0.8571428571428571,"{'name': {'recovered': False, 'conflict': False}, 'day': {'recovered': True, 'conflict': False}, 'time': {'recovered': True, 'conflict': False}, 'date': {'recovered': True, 'conflict': False}, 'amount': {'recovered': True, 'conflict': False}, 'code': {'recovered': True, 'conflict': False}, 'negation': {'recovered': True, 'conflict': False}}",7,6,0.6911805417515918,14.32,0.0,/content/drive/MyDrive/DataForge/noise_grid_v2/outputs/05eca3e90a16aae6/clips/critical_07_baseline_r1_environment_2_0dB.wav,450255378c25f25496eb81414bacdcd5119353221e439374916314f48e0bfc53,/content/drive/MyDrive/DataForge/noise_masking/outputs/synthesis_cache/06c4d940de7e5f6d/bb47ee81e399a87f38a0835d23c774fc28e3fc7c510c0630ef6b072aef376530.wav,6fc84a4bcacdf30cc911bc7427eb179cdb6d52fe0cd52377abfffcae445072a1,0.855438232421875,True,,1.0,HTTP WAV -> local PCMU roundtrip,after simulated phone codec,coda,celeste,https://users.rime.ai/v1/rime-tts,3.281006189381229,2.903321340121688,2.4029129767204243
05eca3e90a16aae62993a4e8c0622498daf075b34cb0dd9342baad1fa1a946ce,critical_07_baseline_r1_environment_2_-5dB,critical_07,dev,baseline,1,environment_2_-5dB,environment_2,-5.0,-5.000000099652507,/content/drive/.shortcut-targets-by-id/1gvOi3VP1hvG6qL4dZhVl6iPKkjXSn32n/DataForge/data/musan/noise/free-sound/noise-free-sound-0131.wav,4c75a309561d719f6d0c34738b78912ac976aa854541c6452e4e34ffcaaa3e5e,0.0,False,environmental_noise,0.0838667840138316,0.0874433834828991,0.1711090783772133,window_rms_no_wrap_v2,20ms_frames_within_40dB_of_peak_power_v1,8000,-41.499999885638445,active speech / extracted noise-window RMS; no wrapping,"Priya Sen, your Tuesday appointment is at one twenty five p m, your payment of eighty dollars is due by November fifth, and your reference code is two eight four seven. Do not share the address.","Pre-ascend, your Tuesday appointment is at 1.25pm. Your payment of $80 is due by November 5th, and your reference code is 2847. Do not share the address.",0.3888888888888889,0.8571428571428571,"{'name': {'recovered': False, 'conflict': False}, 'day': {'recovered': True, 'conflict': False}, 'time': {'recovered': True, 'conflict': False}, 'date': {'recovered': True, 'conflict': False}, 'amount': {'recovered': True, 'conflict': False}, 'code': {'recovered': True, 'conflict': False}, 'negation': {'recovered': True, 'conflict': False}}",7,6,0.6046840249254873,14.32,0.0,/content/drive/MyDrive/DataForge/noise_grid_v2/outputs/05eca3e90a16aae6/clips/critical_07_baseline_r1_environment_2_-5dB.wav,eb9cd80c5a7fdfd72ce4c515e59a8358ed1093de94fbbd845c5745897e4e4a78,/content/drive/MyDrive/DataForge/noise_masking/outputs/synthesis_cache/06c4d940de7e5f6d/bb47ee81e399a87f38a0835d23c774fc28e3fc7c510c0630ef6b072aef376530.wav,6fc84a4bcacdf30cc911bc7427eb179cdb6d52fe0cd52377abfffcae445072a1,0.855438232421875,True,,1.0,HTTP WAV -> local PCMU roundtrip,after simulated phone codec,coda,celeste,https://users.rime.ai/v1/rime-tts,2.4133317861703376,2.1687883006882065,1.869859940873915
05eca3e90a16aae62993a4e8c0622498daf075b34cb0dd9342baad1fa1a946ce,critical_01_baseline_r0_clean,critical_01,dev,baseline,0,clean,clean,,,,,,False,clean,,,,window_rms_no_wrap_v2,20ms_frames_within_40dB_of_peak_power_v1,8000,-41.499999886265314,active speech / extracted noise-window RMS; no wrapping,"Mira Patel, your Tuesday appointment is at three thirty p m, your payment of forty five dollars is due by May fourteenth, and your reference code is seven two nine four. Do not cancel the appointment.","Mira Patel, your Tuesday appointment is at 3.30 p.m. Your payment of $45 is due by May 14th and your reference code is 7294. Do not cancel the appointment.",0.2777777777777778,1.0,"{'name': {'recovered': True, 'conflict': False}, 'day': {'recovered': True, 'conflict': False}, 'time': {'recovered': True, 'conflict': False}, 'date': {'recovered': True, 'conflict': False}, 'amount': {'recovered': True, 'conflict': False}, 'code': {'recovered': True, 'conflict': False}, 'negation': {'recovered': True, 'conflict': False}}",7,7,,13.44,0.0,/content/drive/MyDrive/DataForge/noise_grid_v2/outputs/05eca3e90a16aae6/clips/critical_01_baseline_r0_clean.wav,934c2239a64ab41c8daee027c85c4032693e8c22265c10953d439779fbe90790,/content/drive/MyDrive/DataForge/noise_masking/outputs/synthesis_cache/06c4d940de7e5f6d/52f91493285066490881d3f45313338a67296ef2c4d868c13ca0e147249e3adc.wav,28270e38a270f4c4c19fc905f2f5d06ec2b227958b7bf78c598fab0e1e8ec2b7,0.894500732421875,True,,1.0,HTTP WAV -> local PCMU roundtrip,after simulated phone codec,coda,celeste,https://users.rime.ai/v1/rime-tts,3.4508319930130527,4.166378352624198,3.149634126171743
05eca3e90a16aae62993a4e8c0622498daf075b34cb0dd9342baad1fa1a946ce,critical_01_baseline_r0_speech_1_15dB,critical_01,dev,baseline,0,speech_1_15dB,speech_1,15.0,14.9999999425318,/content/drive/.shortcut-targets-by-id/1gvOi3VP1hvG6qL4dZhVl6iPKkjXSn32n/DataForge/data/musan/speech/librivox/speech-librivox-0004.wav,76965f20b10ce0ed48beed1670d8c5ed81182a2bc797ed5e4d7dbe24c4c58ae8,0.0,False,competing_speech,0.0918381103595235,0.0996551293384094,0.0150141361073899,window_rms_no_wrap_v2,20ms_frames_within_40dB_of_peak_power_v1,8000,-41.499999886265314,active speech / extracted noise-window RMS; no wrapping,"Mira Patel, your Tuesday appointment is at three thirty p m, your payment of forty five dollars is due by May fourteenth, and your reference code is seven two nine four. Do not cancel the appointment.","Mira Patel, your Tuesday appointment is at 3.30pm, your payment of $45 is due by May 14th, and your reference code is 7294. Do not cancel the appointment.",0.3333333333333333,1.0,"{'name': {'recovered': True, 'conflict': False}, 'day': {'recovered': True, 'conflict': False}, 'time': {'recovered': True, 'conflict': False}, 'date': {'recovered': True, 'conflict': False}, 'amount': {'recovered': True, 'conflict': False}, 'code': {'recovered': True, 'conflict': False}, 'negation': {'recovered': True, 'conflict': False}}",7,7,0.8241837449587153,13.44,0.0,/content/drive/MyDrive/DataForge/noise_grid_v2/outputs/05eca3e90a16aae6/clips/critical_01_baseline_r0_speech_1_15dB.wav,f9a89cc508701141c4b4863e826020e57a39ea0df271149691ee6a64f7da121c,/content/drive/MyDrive/DataForge/noise_masking/outputs/synthesis_cache/06c4d940de7e5f6d/52f91493285066490881d3f45313338a67296ef2c4d868c13ca0e147249e3adc.wav,28270e38a270f4c4c19fc905f2f5d06ec2b227958b7bf78c598fab0e1e8ec2b7,0.894500732421875,True,,1.0,HTTP WAV -> local PCMU roundtrip,after simulated phone codec,coda,celeste,https://users.rime.ai/v1/rime-tts,3.2851700215928297,3.5899985428828893,2.681998428675212
05eca3e90a16aae62993a4e8c0622498daf075b34cb0dd9342baad1fa1a946ce,critical_01_baseline_r0_speech_1_10dB,critical_01,dev,baseline,0,speech_1_10dB,speech_1,10.0,10.000000097642667,/content/drive/.shortcut-targets-by-id/1gvOi3VP1hvG6qL4dZhVl6iPKkjXSn32n/DataForge/data/musan/speech/librivox/speech-librivox-0004.wav,76965f20b10ce0ed48beed1670d8c5ed81182a2bc797ed5e4d7dbe24c4c58ae8,0.0,False,competing_speech,0.0918381103595235,0.0996551293384094,0.0266993290992934,window_rms_no_wrap_v2,20ms_frames_within_40dB_of_peak_power_v1,8000,-41.499999886265314,active speech / extracted noise-window RMS; no wrapping,"Mira Patel, your Tuesday appointment is at three thirty p m, your payment of forty five dollars is due by May fourteenth, and your reference code is seven two nine four. Do not cancel the appointment.","Mira Patel, your Tuesday appointment is at 3.30pm, your payment of $45 is due by May 14th, and your reference code is 7294. Do not cancel the appointment.",0.3333333333333333,1.0,"{'name': {'recovered': True, 'conflict': False}, 'day': {'recovered': True, 'conflict': False}, 'time': {'recovered': True, 'conflict': False}, 'date': {'recovered': True, 'conflict': False}, 'amount': {'recovered': True, 'conflict': False}, 'code': {'recovered': True, 'conflict': False}, 'negation': {'recovered': True, 'conflict': False}}",7,7,0.7377945988029152,13.44,0.0,/content/drive/MyDrive/DataForge/noise_grid_v2/outputs/05eca3e90a16aae6/clips/critical_01_baseline_r0_speech_1_10dB.wav,29700ff5a633cb9beb0327d1395d5c6efaed84a5c2e9180f0c610cf598c42df0,/content/drive/MyDrive/DataForge/noise_masking/outputs/synthesis_cache/06c4d940de7e5f6d/52f91493285066490881d3f45313338a67296ef2c4d868c13ca0e147249e3adc.wav,28270e38a270f4c4c19fc905f2f5d06ec2b227958b7bf78c598fab0e1e8ec2b7,0.894500732421875,True,,1.0,HTTP WAV -> local PCMU roundtrip,after simulated phone codec,coda,celeste,https://users.rime.ai/v1/rime-tts,3.222390421601797,3.329561389479992,2.5250997846673195
05eca3e90a16aae62993a4e8c0622498daf075b34cb0dd9342baad1fa1a946ce,critical_01_baseline_r0_speech_1_5dB,critical_01,dev,baseline,0,speech_1_5dB,speech_1,5.0,5.00000025146305,/content/drive/.shortcut-targets-by-id/1gvOi3VP1hvG6qL4dZhVl6iPKkjXSn32n/DataForge/data/musan/speech/librivox/speech-librivox-0004.wav,76965f20b10ce0ed48beed1670d8c5ed81182a2bc797ed5e4d7dbe24c4c58ae8,0.0,False,competing_speech,0.0918381103595235,0.0996551293384094,0.0474788671991266,window_rms_no_wrap_v2,20ms_frames_within_40dB_of_peak_power_v1,8000,-41.499999886265314,active speech / extracted noise-window RMS; no wrapping,"Mira Patel, your Tuesday appointment is at three thirty p m, your payment of forty five dollars is due by May fourteenth, and your reference code is seven two nine four. Do not cancel the appointment.","Mira Pater, your Tuesday appointment is at 3.30 p.m. Your payment of $45 is due by May 14, and your reference code is 7294. Do not cancel the appointment.",0.3055555555555556,0.8571428571428571,"{'name': {'recovered': False, 'conflict': False}, 'day': {'recovered': True, 'conflict': False}, 'time': {'recovered': True, 'conflict': False}, 'date': {'recovered': True, 'conflict': False}, 'amount': {'recovered': True, 'conflict': False}, 'code': {'recovered': True, 'conflict': False}, 'negation': {'recovered': True, 'conflict': False}}",7,6,0.6388255792651455,13.44,0.0,/content/drive/MyDrive/DataForge/noise_grid_v2/outputs/05eca3e90a16aae6/clips/critical_01_baseline_r0_speech_1_5dB.wav,8d438be80c575b109e4d9c15f6a6078e2c1cbb78592373a3be018bac9dbfb71f,/content/drive/MyDrive/DataForge/noise_masking/outputs/synthesis_cache/06c4d940de7e5f6d/52f91493285066490881d3f45313338a67296ef2c4d868c13ca0e147249e3adc.wav,28270e38a270f4c4c19fc905f2f5d06ec2b227958b7bf78c598fab0e1e8ec2b7,0.894500732421875,True,,1.0,HTTP WAV -> local PCMU roundtrip,after simulated phone codec,coda,celeste,https://users.rime.ai/v1/rime-tts,3.279343354037396,3.311811575690785,2.5795198444446554
05eca3e90a16aae62993a4e8c0622498daf075b34cb0dd9342baad1fa1a946ce,critical_01_baseline_r0_speech_1_0dB,critical_01,dev,baseline,0,speech_1_0dB,speech_1,0.0,-2.71709476321718e-07,/content/drive/.shortcut-targets-by-id/1gvOi3VP1hvG6qL4dZhVl6iPKkjXSn32n/DataForge/data/musan/speech/librivox/speech-librivox-0004.wav,76965f20b10ce0ed48beed1670d8c5ed81182a2bc797ed5e4d7dbe24c4c58ae8,0.0,False,competing_speech,0.0918381103595235,0.0996551293384094,0.0844306919521792,window_rms_no_wrap_v2,20ms_frames_within_40dB_of_peak_power_v1,8000,-41.499999886265314,active speech / extracted noise-window RMS; no wrapping,"Mira Patel, your Tuesday appointment is at three thirty p m, your payment of forty five dollars is due by May fourteenth, and your reference code is seven two nine four. Do not cancel the appointment.","Mira Pappen, your Tuesday appointment is at 3.30pm, your payment of $45 is due by May 14, and your reference code is 7294. Do not cancel the appointment.",0.3611111111111111,0.8571428571428571,"{'name': {'recovered': False, 'conflict': False}, 'day': {'recovered': True, 'conflict': False}, 'time': {'recovered': True, 'conflict': False}, 'date': {'recovered': True, 'conflict': False}, 'amount': {'recovered': True, 'conflict': False}, 'code': {'recovered': True, 'conflict': False}, 'negation': {'recovered': True, 'conflict': False}}",7,6,0.5322948460686849,13.44,0.0,/content/drive/MyDrive/DataForge/noise_grid_v2/outputs/05eca3e90a16aae6/clips/critical_01_baseline_r0_speech_1_0dB.wav,8a1c510ce0a823f2301da5846454bd1effab82da57cf4225edc709a264a0043b,/content/drive/MyDrive/DataForge/noise_masking/outputs/synthesis_cache/06c4d940de7e5f6d/52f91493285066490881d3f45313338a67296ef2c4d868c13ca0e147249e3adc.wav,28270e38a270f4c4c19fc905f2f5d06ec2b227958b7bf78c598fab0e1e8ec2b7,0.894500732421875,True,,1.0,HTTP WAV -> local PCMU roundtrip,after simulated phone codec,coda,celeste,https://users.rime.ai/v1/rime-tts,3.2385369460881277,3.04982832513802,2.4288928655395687
05eca3e90a16aae62993a4e8c0622498daf075b34cb0dd9342baad1fa1a946ce,critical_01_baseline_r0_speech_1_-5dB,critical_01,dev,baseline,0,speech_1_-5dB,speech_1,-5.0,-4.999999845486705,/content/drive/.shortcut-targets-by-id/1gvOi3VP1hvG6qL4dZhVl6iPKkjXSn32n/DataForge/data/musan/speech/librivox/speech-librivox-0004.wav,76965f20b10ce0ed48beed1670d8c5ed81182a2bc797ed5e4d7dbe24c4c58ae8,0.0,False,competing_speech,0.0918381103595235,0.0996551293384094,0.1501413610738993,window_rms_no_wrap_v2,20ms_frames_within_40dB_of_peak_power_v1,8000,-41.499999886265314,active speech / extracted noise-window RMS; no wrapping,"Mira Patel, your Tuesday appointment is at three thirty p m, your payment of forty five dollars is due by May fourteenth, and your reference code is seven two nine four. Do not cancel the appointment.",Your payment of 45 dollars is due by May 14th and your reference code is set at 29.4. Do not cancel this appointment.,0.5277777777777778,0.2857142857142857,"{'name': {'recovered': False, 'conflict': False}, 'day': {'recovered': False, 'conflict': False}, 'time': {'recovered': False, 'conflict': False}, 'date': {'recovered': True, 'conflict': False}, 'amount': {'recovered': True, 'conflict': False}, 'code': {'recovered': False, 'conflict': False}, 'negation': {'recovered': False, 'conflict': False}}",7,2,0.4229487808411438,13.44,0.0,/content/drive/MyDrive/DataForge/noise_grid_v2/outputs/05eca3e90a16aae6/clips/critical_01_baseline_r0_speech_1_-5dB.wav,0658dd32cb58029504d3d599a8510a19946222798750735ca61af4452d34e0ec,/content/drive/MyDrive/DataForge/noise_masking/outputs/synthesis_cache/06c4d940de7e5f6d/52f91493285066490881d3f45313338a67296ef2c4d868c13ca0e147249e3adc.wav,28270e38a270f4c4c19fc905f2f5d06ec2b227958b7bf78c598fab0e1e8ec2b7,0.894500732421875,True,,1.0,HTTP WAV -> local PCMU roundtrip,after simulated phone codec,coda,celeste,https://users.rime.ai/v1/rime-tts,3.176654789567091,3.0301393501576177,2.3877801338993114
05eca3e90a16aae62993a4e8c0622498daf075b34cb0dd9342baad1fa1a946ce,critical_01_baseline_r0_speech_2_15dB,critical_01,dev,baseline,0,speech_2_15dB,speech_2,15.0,14.999999612161403,/content/drive/.shortcut-targets-by-id/1gvOi3VP1hvG6qL4dZhVl6iPKkjXSn32n/DataForge/data/musan/speech/librivox/speech-librivox-0003.wav,8c1370aaca2843057072ded459deb739413910e7a2c5a1f21d3e04c2b3fe4c6b,0.0,False,competing_speech,0.0861615546950171,0.0936794385170945,0.0159718685270876,window_rms_no_wrap_v2,20ms_frames_within_40dB_of_peak_power_v1,8000,-41.499999886265314,active speech / extracted noise-window RMS; no wrapping,"Mira Patel, your Tuesday appointment is at three thirty p m, your payment of forty five dollars is due by May fourteenth, and your reference code is seven two nine four. Do not cancel the appointment.","Mira Patel, your Tuesday appointment is at 3.30pm, your payment of $45 is due by May 14th, and your reference code is 7294. Do not cancel the appointment.",0.3333333333333333,1.0,"{'name': {'recovered': True, 'conflict': False}, 'day': {'recovered': True, 'conflict': False}, 'time': {'recovered': True, 'conflict': False}, 'date': {'recovered': True, 'conflict': False}, 'amount': {'recovered': True, 'conflict': False}, 'code': {'recovered': True, 'conflict': False}, 'negation': {'recovered': True, 'conflict': False}}",7,7,0.8068932310194855,13.44,0.0,/content/drive/MyDrive/DataForge/noise_grid_v2/outputs/05eca3e90a16aae6/clips/critical_01_baseline_r0_speech_2_15dB.wav,0c77ee71eca84b55ec43539ca58b401562d4b65fdf160747e4415edae604527b,/content/drive/MyDrive/DataForge/noise_masking/outputs/synthesis_cache/06c4d940de7e5f6d/52f91493285066490881d3f45313338a67296ef2c4d868c13ca0e147249e3adc.wav,28270e38a270f4c4c19fc905f2f5d06ec2b227958b7bf78c598fab0e1e8ec2b7,0.894500732421875,True,,1.0,HTTP WAV -> local PCMU roundtrip,after simulated phone codec,coda,celeste,https://users.rime.ai/v1/rime-tts,3.416241349397076,3.916729886074696,2.993292750026189
05eca3e90a16aae62993a4e8c0622498daf075b34cb0dd9342baad1fa1a946ce,critical_01_baseline_r0_speech_2_10dB,critical_01,dev,baseline,0,speech_2_10dB,speech_2,10.0,9.999999726418691,/content/drive/.shortcut-targets-by-id/1gvOi3VP1hvG6qL4dZhVl6iPKkjXSn32n/DataForge/data/musan/speech/librivox/speech-librivox-0003.wav,8c1370aaca2843057072ded459deb739413910e7a2c5a1f21d3e04c2b3fe4c6b,0.0,False,competing_speech,0.0861615546950171,0.0936794385170945,0.0284024449415687,window_rms_no_wrap_v2,20ms_frames_within_40dB_of_peak_power_v1,8000,-41.499999886265314,active speech / extracted noise-window RMS; no wrapping,"Mira Patel, your Tuesday appointment is at three thirty p m, your payment of forty five dollars is due by May fourteenth, and your reference code is seven two nine four. Do not cancel the appointment.","Mira Patel, your Tuesday appointment is at 3.30pm, your payment of $45 is due by May 14th, and your reference code is 7294. Do not cancel the appointment.",0.3333333333333333,1.0,"{'name': {'recovered': True, 'conflict': False}, 'day': {'recovered': True, 'conflict': False}, 'time': {'recovered': True, 'conflict': False}, 'date': {'recovered': True, 'conflict': False}, 'amount': {'recovered': True, 'conflict': False}, 'code': {'recovered': True, 'conflict': False}, 'negation': {'recovered': True, 'conflict': False}}",7,7,0.738166241179024,13.44,0.0,/content/drive/MyDrive/DataForge/noise_grid_v2/outputs/05eca3e90a16aae6/clips/critical_01_baseline_r0_speech_2_10dB.wav,fcf66197f18aa5ca0f6a59f042864882e68ecc0b74ab88d520941bbd3e411a4c,/content/drive/MyDrive/DataForge/noise_masking/outputs/synthesis_cache/06c4d940de7e5f6d/52f91493285066490881d3f45313338a67296ef2c4d868c13ca0e147249e3adc.wav,28270e38a270f4c4c19fc905f2f5d06ec2b227958b7bf78c598fab0e1e8ec2b7,0.894500732421875,True,,1.0,HTTP WAV -> local PCMU roundtrip,after simulated phone codec,coda,celeste,https://users.rime.ai/v1/rime-tts,3.454817108672983,3.894718964781016,3.0302281849816173
05eca3e90a16aae62993a4e8c0622498daf075b34cb0dd9342baad1fa1a946ce,critical_01_baseline_r0_speech_2_5dB,critical_01,dev,baseline,0,speech_2_5dB,speech_2,5.0,5.000000155314077,/content/drive/.shortcut-targets-by-id/1gvOi3VP1hvG6qL4dZhVl6iPKkjXSn32n/DataForge/data/musan/speech/librivox/speech-librivox-0003.wav,8c1370aaca2843057072ded459deb739413910e7a2c5a1f21d3e04c2b3fe4c6b,0.0,False,competing_speech,0.0861615546950171,0.0936794385170945,0.0505074830343557,window_rms_no_wrap_v2,20ms_frames_within_40dB_of_peak_power_v1,8000,-41.499999886265314,active speech / extracted noise-window RMS; no wrapping,"Mira Patel, your Tuesday appointment is at three thirty p m, your payment of forty five dollars is due by May fourteenth, and your reference code is seven two nine four. Do not cancel the appointment.","Mira Patel, your June Day appointment is at 3.30pm, your payment of $45 and due by May 14th, and your reference code is 7294. Do not cancel the appointment.",0.4166666666666667,0.8571428571428571,"{'name': {'recovered': True, 'conflict': False}, 'day': {'recovered': False, 'conflict': False}, 'time': {'recovered': True, 'conflict': False}, 'date': {'recovered': True, 'conflict': False}, 'amount': {'recovered': True, 'conflict': False}, 'code': {'recovered': True, 'conflict': False}, 'negation': {'recovered': True, 'conflict': False}}",7,6,0.6643961291674793,13.44,0.0,/content/drive/MyDrive/DataForge/noise_grid_v2/outputs/05eca3e90a16aae6/clips/critical_01_baseline_r0_speech_2_5dB.wav,ded0d0b26251b393d2c1779f474e20fcaa974853b93e5979057833650a380427,/content/drive/MyDrive/DataForge/noise_masking/outputs/synthesis_cache/06c4d940de7e5f6d/52f91493285066490881d3f45313338a67296ef2c4d868c13ca0e147249e3adc.wav,28270e38a270f4c4c19fc905f2f5d06ec2b227958b7bf78c598fab0e1e8ec2b7,0.894500732421875,True,,1.0,HTTP WAV -> local PCMU roundtrip,after simulated phone codec,coda,celeste,https://users.rime.ai/v1/rime-tts,3.4746252407954428,3.9154304329992136,3.0684417354293982
05eca3e90a16aae62993a4e8c0622498daf075b34cb0dd9342baad1fa1a946ce,critical_01_baseline_r0_speech_2_0dB,critical_01,dev,baseline,0,speech_2_0dB,speech_2,0.0,3.193034683696806e-07,/content/drive/.shortcut-targets-by-id/1gvOi3VP1hvG6qL4dZhVl6iPKkjXSn32n/DataForge/data/musan/speech/librivox/speech-librivox-0003.wav,8c1370aaca2843057072ded459deb739413910e7a2c5a1f21d3e04c2b3fe4c6b,0.0,False,competing_speech,0.0861615546950171,0.0936794385170945,0.0898164171328851,window_rms_no_wrap_v2,20ms_frames_within_40dB_of_peak_power_v1,8000,-41.499999886265314,active speech / extracted noise-window RMS; no wrapping,"Mira Patel, your Tuesday appointment is at three thirty p m, your payment of forty five dollars is due by May fourteenth, and your reference code is seven two nine four. Do not cancel the appointment.","Mira Patel, your monthly appointment is at 3.30pm. Your payment of $45 is due by May 2nd and your reference code is 7294. Do not cancel the appointment.",0.3611111111111111,0.7142857142857143,"{'name': {'recovered': True, 'conflict': False}, 'day': {'recovered': False, 'conflict': False}, 'time': {'recovered': True, 'conflict': False}, 'date': {'recovered': False, 'conflict': False}, 'amount': {'recovered': True, 'conflict': False}, 'code': {'recovered': True, 'conflict': False}, 'negation': {'recovered': True, 'conflict': False}}",7,5,0.5910830835457807,13.44,0.0,/content/drive/MyDrive/DataForge/noise_grid_v2/outputs/05eca3e90a16aae6/clips/critical_01_baseline_r0_speech_2_0dB.wav,f6a420ba8bf58a209b01d4cfde730eed1239a2b493f1bfae1e10a48296a612c0,/content/drive/MyDrive/DataForge/noise_masking/outputs/synthesis_cache/06c4d940de7e5f6d/52f91493285066490881d3f45313338a67296ef2c4d868c13ca0e147249e3adc.wav,28270e38a270f4c4c19fc905f2f5d06ec2b227958b7bf78c598fab0e1e8ec2b7,0.894500732421875,True,,1.0,HTTP WAV -> local PCMU roundtrip,after simulated phone codec,coda,celeste,https://users.rime.ai/v1/rime-tts,3.4998001384927284,3.818239413646423,3.046818834882782
05eca3e90a16aae62993a4e8c0622498daf075b34cb0dd9342baad1fa1a946ce,critical_01_baseline_r0_speech_2_-5dB,critical_01,dev,baseline,0,speech_2_-5dB,speech_2,-5.0,-5.000000386842492,/content/drive/.shortcut-targets-by-id/1gvOi3VP1hvG6qL4dZhVl6iPKkjXSn32n/DataForge/data/musan/speech/librivox/speech-librivox-0003.wav,8c1370aaca2843057072ded459deb739413910e7a2c5a1f21d3e04c2b3fe4c6b,0.0,False,competing_speech,0.0861615546950171,0.0936794385170945,0.1597186852708767,window_rms_no_wrap_v2,20ms_frames_within_40dB_of_peak_power_v1,8000,-41.499999886265314,active speech / extracted noise-window RMS; no wrapping,"Mira Patel, your Tuesday appointment is at three thirty p m, your payment of forty five dollars is due by May fourteenth, and your reference code is seven two nine four. Do not cancel the appointment.","A machine that flies by the Times Dispatch, Britain, Virginia, for the 1903 collection. This is a Liberbox recording.",0.9722222222222222,0.0,"{'name': {'recovered': False, 'conflict': False}, 'day': {'recovered': False, 'conflict': False}, 'time': {'recovered': False, 'conflict': False}, 'date': {'recovered': False, 'conflict': False}, 'amount': {'recovered': False, 'conflict': False}, 'code': {'recovered': False, 'conflict': False}, 'negation': {'recovered': False, 'conflict': False}}",7,0,0.5210620593307776,13.44,0.0,/content/drive/MyDrive/DataForge/noise_grid_v2/outputs/05eca3e90a16aae6/clips/critical_01_baseline_r0_speech_2_-5dB.wav,a6d720f762b020efb0fec6bbd14f9528e102b7c69ebc55c582b2da82721daec5,/content/drive/MyDrive/DataForge/noise_masking/outputs/synthesis_cache/06c4d940de7e5f6d/52f91493285066490881d3f45313338a67296ef2c4d868c13ca0e147249e3adc.wav,28270e38a270f4c4c19fc905f2f5d06ec2b227958b7bf78c598fab0e1e8ec2b7,0.894500732421875,True,,1.0,HTTP WAV -> local PCMU roundtrip,after simulated phone codec,coda,celeste,https://users.rime.ai/v1/rime-tts,3.526856638297974,3.820305925482904,3.079433056643198
05eca3e90a16aae62993a4e8c0622498daf075b34cb0dd9342baad1fa1a946ce,critical_01_baseline_r0_environment_1_15dB,critical_01,dev,baseline,0,environment_1_15dB,environment_1,15.0,15.000000000835874,/content/drive/.shortcut-targets-by-id/1gvOi3VP1hvG6qL4dZhVl6iPKkjXSn32n/DataForge/data/musan/noise/free-sound/noise-free-sound-0397.wav,381b7347876f96d6a287a55e578b9ac8f3e5d2fa4ac35d9fb7a9a52c2bdbce24,0.0,False,environmental_noise,0.0127726895944802,0.0149550883125019,0.1000486018150507,window_rms_no_wrap_v2,20ms_frames_within_40dB_of_peak_power_v1,8000,-41.499999886265314,active speech / extracted noise-window RMS; no wrapping,"Mira Patel, your Tuesday appointment is at three thirty p m, your payment of forty five dollars is due by May fourteenth, and your reference code is seven two nine four. Do not cancel the appointment.","Mira Patel, your Tuesday appointment is at 3.30 p.m. Your payment of $45 is due by May 14th and your reference code is 7294. Do not cancel the appointment.",0.2777777777777778,1.0,"{'name': {'recovered': True, 'conflict': False}, 'day': {'recovered': True, 'conflict': False}, 'time': {'recovered': True, 'conflict': False}, 'date': {'recovered': True, 'conflict': False}, 'amount': {'recovered': True, 'conflict': False}, 'code': {'recovered': True, 'conflict': False}, 'negation': {'recovered': True, 'conflict': False}}",7,7,0.8372870018716614,13.44,0.0,/content/drive/MyDrive/DataForge/noise_grid_v2/outputs/05eca3e90a16aae6/clips/critical_01_baseline_r0_environment_1_15dB.wav,1d300dbeb844001ca0a9ed4fa50d97fdee9b8272dad050d64c8f51ea75756f57,/content/drive/MyDrive/DataForge/noise_masking/outputs/synthesis_cache/06c4d940de7e5f6d/52f91493285066490881d3f45313338a67296ef2c4d868c13ca0e147249e3adc.wav,28270e38a270f4c4c19fc905f2f5d06ec2b227958b7bf78c598fab0e1e8ec2b7,0.894500732421875,True,,1.0,HTTP WAV -> local PCMU roundtrip,after simulated phone codec,coda,celeste,https://users.rime.ai/v1/rime-tts,3.4232967088435062,3.571462972462212,2.7890277088093587
05eca3e90a16aae62993a4e8c0622498daf075b34cb0dd9342baad1fa1a946ce,critical_01_baseline_r0_environment_1_10dB,critical_01,dev,baseline,0,environment_1_10dB,environment_1,10.0,10.000000129493229,/content/drive/.shortcut-targets-by-id/1gvOi3VP1hvG6qL4dZhVl6iPKkjXSn32n/DataForge/data/musan/noise/free-sound/noise-free-sound-0397.wav,381b7347876f96d6a287a55e578b9ac8f3e5d2fa4ac35d9fb7a9a52c2bdbce24,0.0,False,environmental_noise,0.0127726895944802,0.0149550883125019,0.1779143686108875,window_rms_no_wrap_v2,20ms_frames_within_40dB_of_peak_power_v1,8000,-41.499999886265314,active speech / extracted noise-window RMS; no wrapping,"Mira Patel, your Tuesday appointment is at three thirty p m, your payment of forty five dollars is due by May fourteenth, and your reference code is seven two nine four. Do not cancel the appointment.","Mira Patel, your Tuesday appointment is at 3.30 p.m. Your payment of $45 is due by May 14th, and your reference code is 7294. Do not cancel the appointment.",0.2777777777777778,1.0,"{'name': {'recovered': True, 'conflict': False}, 'day': {'recovered': True, 'conflict': False}, 'time': {'recovered': True, 'conflict': False}, 'date': {'recovered': True, 'conflict': False}, 'amount': {'recovered': True, 'conflict': False}, 'code': {'recovered': True, 'conflict': False}, 'negation': {'recovered': True, 'conflict': False}}",7,7,0.7681291733842894,13.44,0.0,/content/drive/MyDrive/DataForge/noise_grid_v2/outputs/05eca3e90a16aae6/clips/critical_01_baseline_r0_environment_1_10dB.wav,5897b6d326b0eea076c80c8f0bbf507f8134fc8e698f7594dd151c796664b810,/content/drive/MyDrive/DataForge/noise_masking/outputs/synthesis_cache/06c4d940de7e5f6d/52f91493285066490881d3f45313338a67296ef2c4d868c13ca0e147249e3adc.wav,28270e38a270f4c4c19fc905f2f5d06ec2b227958b7bf78c598fab0e1e8ec2b7,0.894500732421875,True,,1.0,HTTP WAV -> local PCMU roundtrip,after simulated phone codec,coda,celeste,https://users.rime.ai/v1/rime-tts,3.373172245843948,3.195990283099789,2.523232914834355
05eca3e90a16aae62993a4e8c0622498daf075b34cb0dd9342baad1fa1a946ce,critical_01_baseline_r0_environment_1_5dB,critical_01,dev,baseline,0,environment_1_5dB,environment_1,5.0,5.000000134617134,/content/drive/.shortcut-targets-by-id/1gvOi3VP1hvG6qL4dZhVl6iPKkjXSn32n/DataForge/data/musan/noise/free-sound/noise-free-sound-0397.wav,381b7347876f96d6a287a55e578b9ac8f3e5d2fa4ac35d9fb7a9a52c2bdbce24,0.0,False,environmental_noise,0.0127726895944802,0.0149550883125019,0.3163814584508165,window_rms_no_wrap_v2,20ms_frames_within_40dB_of_peak_power_v1,8000,-41.499999886265314,active speech / extracted noise-window RMS; no wrapping,"Mira Patel, your Tuesday appointment is at three thirty p m, your payment of forty five dollars is due by May fourteenth, and your reference code is seven two nine four. Do not cancel the appointment.","Mira Patel, your Tuesday appointment is at 3.30 p.m., your payment of $45 is due by May 14, and your reference code is 7294. Do not cancel the appointment.",0.2777777777777778,1.0,"{'name': {'recovered': True, 'conflict': False}, 'day': {'recovered': True, 'conflict': False}, 'time': {'recovered': True, 'conflict': False}, 'date': {'recovered': True, 'conflict': False}, 'amount': {'recovered': True, 'conflict': False}, 'code': {'recovered': True, 'conflict': False}, 'negation': {'recovered': True, 'conflict': False}}",7,7,0.6860316871633466,13.44,0.0,/content/drive/MyDrive/DataForge/noise_grid_v2/outputs/05eca3e90a16aae6/clips/critical_01_baseline_r0_environment_1_5dB.wav,33f33225a50b821e6e92d91a1127f727fa68586240b05b23e9f584b779169444,/content/drive/MyDrive/DataForge/noise_masking/outputs/synthesis_cache/06c4d940de7e5f6d/52f91493285066490881d3f45313338a67296ef2c4d868c13ca0e147249e3adc.wav,28270e38a270f4c4c19fc905f2f5d06ec2b227958b7bf78c598fab0e1e8ec2b7,0.894500732421875,True,,1.0,HTTP WAV -> local PCMU roundtrip,after simulated phone codec,coda,celeste,https://users.rime.ai/v1/rime-tts,3.300573899169236,2.900547917788999,2.334184377061928
05eca3e90a16aae62993a4e8c0622498daf075b34cb0dd9342baad1fa1a946ce,critical_01_baseline_r0_environment_1_0dB,critical_01,dev,baseline,0,environment_1_0dB,environment_1,0.0,2.0921159545324e-07,/content/drive/.shortcut-targets-by-id/1gvOi3VP1hvG6qL4dZhVl6iPKkjXSn32n/DataForge/data/musan/noise/free-sound/noise-free-sound-0397.wav,381b7347876f96d6a287a55e578b9ac8f3e5d2fa4ac35d9fb7a9a52c2bdbce24,0.0,False,environmental_noise,0.0127726895944802,0.0149550883125019,0.5626146332811719,window_rms_no_wrap_v2,20ms_frames_within_40dB_of_peak_power_v1,8000,-41.499999886265314,active speech / extracted noise-window RMS; no wrapping,"Mira Patel, your Tuesday appointment is at three thirty p m, your payment of forty five dollars is due by May fourteenth, and your reference code is seven two nine four. Do not cancel the appointment.","Mira Patel, your Tuesday appointment is at 3.30 p.m., your payment of $45 is due by May 14, and your reference code is 7294. Do not cancel the appointment.",0.2777777777777778,1.0,"{'name': {'recovered': True, 'conflict': False}, 'day': {'recovered': True, 'conflict': False}, 'time': {'recovered': True, 'conflict': False}, 'date': {'recovered': True, 'conflict': False}, 'amount': {'recovered': True, 'conflict': False}, 'code': {'recovered': True, 'conflict': False}, 'negation': {'recovered': True, 'conflict': False}}",7,7,0.5998985612959625,13.44,0.0,/content/drive/MyDrive/DataForge/noise_grid_v2/outputs/05eca3e90a16aae6/clips/critical_01_baseline_r0_environment_1_0dB.wav,3137a5d7723387d67ce344d35f413f2ed3bad577717299f2385f18358b43421b,/content/drive/MyDrive/DataForge/noise_masking/outputs/synthesis_cache/06c4d940de7e5f6d/52f91493285066490881d3f45313338a67296ef2c4d868c13ca0e147249e3adc.wav,28270e38a270f4c4c19fc905f2f5d06ec2b227958b7bf78c598fab0e1e8ec2b7,0.894500732421875,True,,1.0,HTTP WAV -> local PCMU roundtrip,after simulated phone codec,coda,celeste,https://users.rime.ai/v1/rime-tts,3.048836933992527,2.319544146599727,2.001394163809012
05eca3e90a16aae62993a4e8c0622498daf075b34cb0dd9342baad1fa1a946ce,critical_01_baseline_r0_environment_1_-5dB,critical_01,dev,baseline,0,environment_1_-5dB,environment_1,-5.0,-4.999999963358656,/content/drive/.shortcut-targets-by-id/1gvOi3VP1hvG6qL4dZhVl6iPKkjXSn32n/DataForge/data/musan/noise/free-sound/noise-free-sound-0397.wav,381b7347876f96d6a287a55e578b9ac8f3e5d2fa4ac35d9fb7a9a52c2bdbce24,0.0,False,environmental_noise,0.0127726895944802,0.0149550883125019,1.0004860181505073,window_rms_no_wrap_v2,20ms_frames_within_40dB_of_peak_power_v1,8000,-41.499999886265314,active speech / extracted noise-window RMS; no wrapping,"Mira Patel, your Tuesday appointment is at three thirty p m, your payment of forty five dollars is due by May fourteenth, and your reference code is seven two nine four. Do not cancel the appointment.","Mira Patel, your Tuesday appointment is at 3.30 p.m. Your payment of $45 is due by May 14, and your reference code is 7294. Do not cancel the appointment.",0.2777777777777778,1.0,"{'name': {'recovered': True, 'conflict': False}, 'day': {'recovered': True, 'conflict': False}, 'time': {'recovered': True, 'conflict': False}, 'date': {'recovered': True, 'conflict': False}, 'amount': {'recovered': True, 'conflict': False}, 'code': {'recovered': True, 'conflict': False}, 'negation': {'recovered': True, 'conflict': False}}",7,7,0.5140710723280342,13.44,0.0,/content/drive/MyDrive/DataForge/noise_grid_v2/outputs/05eca3e90a16aae6/clips/critical_01_baseline_r0_environment_1_-5dB.wav,cdf5719f112e5a27ad0ba9979adbc18a765d1f90c56be8a0b300ad7c3029ec4e,/content/drive/MyDrive/DataForge/noise_masking/outputs/synthesis_cache/06c4d940de7e5f6d/52f91493285066490881d3f45313338a67296ef2c4d868c13ca0e147249e3adc.wav,28270e38a270f4c4c19fc905f2f5d06ec2b227958b7bf78c598fab0e1e8ec2b7,0.894500732421875,True,,1.0,HTTP WAV -> local PCMU roundtrip,after simulated phone codec,coda,celeste,https://users.rime.ai/v1/rime-tts,2.032914946955847,1.5753052621662131,1.4611147886121132
05eca3e90a16aae62993a4e8c0622498daf075b34cb0dd9342baad1fa1a946ce,critical_01_baseline_r0_environment_2_15dB,critical_01,dev,baseline,0,environment_2_15dB,environment_2,15.0,15.000000261690277,/content/drive/.shortcut-targets-by-id/1gvOi3VP1hvG6qL4dZhVl6iPKkjXSn32n/DataForge/data/musan/noise/free-sound/noise-free-sound-0131.wav,4c75a309561d719f6d0c34738b78912ac976aa854541c6452e4e34ffcaaa3e5e,0.0,False,environmental_noise,0.0838667840138316,0.0849722195684761,0.0176085276256749,window_rms_no_wrap_v2,20ms_frames_within_40dB_of_peak_power_v1,8000,-41.499999886265314,active speech / extracted noise-window RMS; no wrapping,"Mira Patel, your Tuesday appointment is at three thirty p m, your payment of forty five dollars is due by May fourteenth, and your reference code is seven two nine four. Do not cancel the appointment.","Mira Patel, your Tuesday appointment is at 3.30 pm. Your payment of $45 is due by May 14th and your reference code is 7294. Do not cancel the appointment.",0.3333333333333333,1.0,"{'name': {'recovered': True, 'conflict': False}, 'day': {'recovered': True, 'conflict': False}, 'time': {'recovered': True, 'conflict': False}, 'date': {'recovered': True, 'conflict': False}, 'amount': {'recovered': True, 'conflict': False}, 'code': {'recovered': True, 'conflict': False}, 'negation': {'recovered': True, 'conflict': False}}",7,7,0.8982061081857386,13.44,0.0,/content/drive/MyDrive/DataForge/noise_grid_v2/outputs/05eca3e90a16aae6/clips/critical_01_baseline_r0_environment_2_15dB.wav,a21a8f54e0b89c6f561dccd9c5f75b752a993b409d2ba56693edb0c1d7a57353,/content/drive/MyDrive/DataForge/noise_masking/outputs/synthesis_cache/06c4d940de7e5f6d/52f91493285066490881d3f45313338a67296ef2c4d868c13ca0e147249e3adc.wav,28270e38a270f4c4c19fc905f2f5d06ec2b227958b7bf78c598fab0e1e8ec2b7,0.894500732421875,True,,1.0,HTTP WAV -> local PCMU roundtrip,after simulated phone codec,coda,celeste,https://users.rime.ai/v1/rime-tts,3.4569204812461605,3.782770525106608,2.937905826627988
05eca3e90a16aae62993a4e8c0622498daf075b34cb0dd9342baad1fa1a946ce,critical_01_baseline_r0_environment_2_10dB,critical_01,dev,baseline,0,environment_2_10dB,environment_2,10.0,9.999999780893164,/content/drive/.shortcut-targets-by-id/1gvOi3VP1hvG6qL4dZhVl6iPKkjXSn32n/DataForge/data/musan/noise/free-sound/noise-free-sound-0131.wav,4c75a309561d719f6d0c34738b78912ac976aa854541c6452e4e34ffcaaa3e5e,0.0,False,environmental_noise,0.0838667840138316,0.0849722195684761,0.0313128821178392,window_rms_no_wrap_v2,20ms_frames_within_40dB_of_peak_power_v1,8000,-41.499999886265314,active speech / extracted noise-window RMS; no wrapping,"Mira Patel, your Tuesday appointment is at three thirty p m, your payment of forty five dollars is due by May fourteenth, and your reference code is seven two nine four. Do not cancel the appointment.","Mira Patel, your Tuesday appointment is at 3.30 p.m. Your payment of $45 is due by May 14th and your reference code is 7294. Do not cancel the appointment.",0.2777777777777778,1.0,"{'name': {'recovered': True, 'conflict': False}, 'day': {'recovered': True, 'conflict': False}, 'time': {'recovered': True, 'conflict': False}, 'date': {'recovered': True, 'conflict': False}, 'amount': {'recovered': True, 'conflict': False}, 'code': {'recovered': True, 'conflict': False}, 'negation': {'recovered': True, 'conflict': False}}",7,7,0.8508102008921506,13.44,0.0,/content/drive/MyDrive/DataForge/noise_grid_v2/outputs/05eca3e90a16aae6/clips/critical_01_baseline_r0_environment_2_10dB.wav,576e40c25ee1ec846aa1f4da754920f757b9730e2763c5f3e1a5d961560f71e3,/content/drive/MyDrive/DataForge/noise_masking/outputs/synthesis_cache/06c4d940de7e5f6d/52f91493285066490881d3f45313338a67296ef2c4d868c13ca0e147249e3adc.wav,28270e38a270f4c4c19fc905f2f5d06ec2b227958b7bf78c598fab0e1e8ec2b7,0.894500732421875,True,,1.0,HTTP WAV -> local PCMU roundtrip,after simulated phone codec,coda,celeste,https://users.rime.ai/v1/rime-tts,3.4668784199569607,3.591056889269168,2.843919375029658
05eca3e90a16aae62993a4e8c0622498daf075b34cb0dd9342baad1fa1a946ce,critical_01_baseline_r0_environment_2_5dB,critical_01,dev,baseline,0,environment_2_5dB,environment_2,5.0,4.999999925040516,/content/drive/.shortcut-targets-by-id/1gvOi3VP1hvG6qL4dZhVl6iPKkjXSn32n/DataForge/data/musan/noise/free-sound/noise-free-sound-0131.wav,4c75a309561d719f6d0c34738b78912ac976aa854541c6452e4e34ffcaaa3e5e,0.0,False,environmental_noise,0.0838667840138316,0.0849722195684761,0.0556830535391295,window_rms_no_wrap_v2,20ms_frames_within_40dB_of_peak_power_v1,8000,-41.499999886265314,active speech / extracted noise-window RMS; no wrapping,"Mira Patel, your Tuesday appointment is at three thirty p m, your payment of forty five dollars is due by May fourteenth, and your reference code is seven two nine four. Do not cancel the appointment.","Mira Patel, your Tuesday appointment is at 3.30 p.m. Your payment of $45 is due by May 14th and your reference code is 7294. Do not cancel the appointment.",0.2777777777777778,1.0,"{'name': {'recovered': True, 'conflict': False}, 'day': {'recovered': True, 'conflict': False}, 'time': {'recovered': True, 'conflict': False}, 'date': {'recovered': True, 'conflict': False}, 'amount': {'recovered': True, 'conflict': False}, 'code': {'recovered': True, 'conflict': False}, 'negation': {'recovered': True, 'conflict': False}}",7,7,0.7857021178767526,13.44,0.0,/content/drive/MyDrive/DataForge/noise_grid_v2/outputs/05eca3e90a16aae6/clips/critical_01_baseline_r0_environment_2_5dB.wav,b7b47fef8b9383ae9758b4f0378143da6ff8a63c0797caeb6f8784c078ed9821,/content/drive/MyDrive/DataForge/noise_masking/outputs/synthesis_cache/06c4d940de7e5f6d/52f91493285066490881d3f45313338a67296ef2c4d868c13ca0e147249e3adc.wav,28270e38a270f4c4c19fc905f2f5d06ec2b227958b7bf78c598fab0e1e8ec2b7,0.894500732421875,True,,1.0,HTTP WAV -> local PCMU roundtrip,after simulated phone codec,coda,celeste,https://users.rime.ai/v1/rime-tts,3.48916479354214,3.338944538590147,2.737487884532919
05eca3e90a16aae62993a4e8c0622498daf075b34cb0dd9342baad1fa1a946ce,critical_01_baseline_r0_environment_2_0dB,critical_01,dev,baseline,0,environment_2_0dB,environment_2,0.0,8.708779396960737e-08,/content/drive/.shortcut-targets-by-id/1gvOi3VP1hvG6qL4dZhVl6iPKkjXSn32n/DataForge/data/musan/noise/free-sound/noise-free-sound-0131.wav,4c75a309561d719f6d0c34738b78912ac976aa854541c6452e4e34ffcaaa3e5e,0.0,False,environmental_noise,0.0838667840138316,0.0849722195684761,0.099020027596729,window_rms_no_wrap_v2,20ms_frames_within_40dB_of_peak_power_v1,8000,-41.499999886265314,active speech / extracted noise-window RMS; no wrapping,"Mira Patel, your Tuesday appointment is at three thirty p m, your payment of forty five dollars is due by May fourteenth, and your reference code is seven two nine four. Do not cancel the appointment.","Mire Patel, your Tuesday appointment is at 3.30 pm. Your payment of $45 is due by May 14th, and your reference code is 7294. Do not cancel the appointment.",0.3611111111111111,0.8571428571428571,"{'name': {'recovered': False, 'conflict': False}, 'day': {'recovered': True, 'conflict': False}, 'time': {'recovered': True, 'conflict': False}, 'date': {'recovered': True, 'conflict': False}, 'amount': {'recovered': True, 'conflict': False}, 'code': {'recovered': True, 'conflict': False}, 'negation': {'recovered': True, 'conflict': False}}",7,6,0.7003749771652248,13.44,0.0,/content/drive/MyDrive/DataForge/noise_grid_v2/outputs/05eca3e90a16aae6/clips/critical_01_baseline_r0_environment_2_0dB.wav,c3fcbf37b849532a5d7fcacee3c6d27b17d3bacab5b6faf6bccd6d9fe79d5b42,/content/drive/MyDrive/DataForge/noise_masking/outputs/synthesis_cache/06c4d940de7e5f6d/52f91493285066490881d3f45313338a67296ef2c4d868c13ca0e147249e3adc.wav,28270e38a270f4c4c19fc905f2f5d06ec2b227958b7bf78c598fab0e1e8ec2b7,0.894500732421875,True,,1.0,HTTP WAV -> local PCMU roundtrip,after simulated phone codec,coda,celeste,https://users.rime.ai/v1/rime-tts,3.358280785453535,2.923625295947548,2.496696560469219
05eca3e90a16aae62993a4e8c0622498daf075b34cb0dd9342baad1fa1a946ce,critical_01_baseline_r0_environment_2_-5dB,critical_01,dev,baseline,0,environment_2_-5dB,environment_2,-5.0,-5.000000101482128,/content/drive/.shortcut-targets-by-id/1gvOi3VP1hvG6qL4dZhVl6iPKkjXSn32n/DataForge/data/musan/noise/free-sound/noise-free-sound-0131.wav,4c75a309561d719f6d0c34738b78912ac976aa854541c6452e4e34ffcaaa3e5e,0.0,False,environmental_noise,0.0838667840138316,0.0849722195684761,0.1760852762567491,window_rms_no_wrap_v2,20ms_frames_within_40dB_of_peak_power_v1,8000,-41.499999886265314,active speech / extracted noise-window RMS; no wrapping,"Mira Patel, your Tuesday appointment is at three thirty p m, your payment of forty five dollars is due by May fourteenth, and your reference code is seven two nine four. Do not cancel the appointment.","Mire Patel, your Tuesday appointment is at 3.30 pm. Your payment of $45 is due by May 14th, and your reference code is 7294. Do not cancel the appointment.",0.3611111111111111,0.8571428571428571,"{'name': {'recovered': False, 'conflict': False}, 'day': {'recovered': True, 'conflict': False}, 'time': {'recovered': True, 'conflict': False}, 'date': {'recovered': True, 'conflict': False}, 'amount': {'recovered': True, 'conflict': False}, 'code': {'recovered': True, 'conflict': False}, 'negation': {'recovered': True, 'conflict': False}}",7,6,0.5965697833094782,13.44,0.0,/content/drive/MyDrive/DataForge/noise_grid_v2/outputs/05eca3e90a16aae6/clips/critical_01_baseline_r0_environment_2_-5dB.wav,282a2a3d7935b83eede04a51eb7876d9de50a243c5840e44395e832f22f0e074,/content/drive/MyDrive/DataForge/noise_masking/outputs/synthesis_cache/06c4d940de7e5f6d/52f91493285066490881d3f45313338a67296ef2c4d868c13ca0e147249e3adc.wav,28270e38a270f4c4c19fc905f2f5d06ec2b227958b7bf78c598fab0e1e8ec2b7,0.894500732421875,True,,1.0,HTTP WAV -> local PCMU roundtrip,after simulated phone codec,coda,celeste,https://users.rime.ai/v1/rime-tts,1.523391562169966,1.445323701541493,1.3185934453406063
05eca3e90a16aae62993a4e8c0622498daf075b34cb0dd9342baad1fa1a946ce,critical_04_baseline_r0_clean,critical_04,dev,baseline,0,clean,clean,,,,,,False,clean,,,,window_rms_no_wrap_v2,20ms_frames_within_40dB_of_peak_power_v1,8000,-41.49999963611344,active speech / extracted noise-window RMS; no wrapping,"Leo Martin, your Monday appointment is at nine twenty a m, your payment of thirty dollars is due by August sixth, and your reference code is five four eight two. Do not share the code.","Leo Martin, your Monday appointment is at 9.20 a.m. Your payment of $30 is due by August 6, and your reference code is 5482. Do not share the code. You",0.2857142857142857,1.0,"{'name': {'recovered': True, 'conflict': False}, 'day': {'recovered': True, 'conflict': False}, 'time': {'recovered': True, 'conflict': False}, 'date': {'recovered': True, 'conflict': False}, 'amount': {'recovered': True, 'conflict': False}, 'code': {'recovered': True, 'conflict': False}, 'negation': {'recovered': True, 'conflict': False}}",7,7,,12.72,0.0,/content/drive/MyDrive/DataForge/noise_grid_v2/outputs/05eca3e90a16aae6/clips/critical_04_baseline_r0_clean.wav,c8856aaa552905d9e5375a6497eba974cd8761b5f61312beb99f297b7358d095,/content/drive/MyDrive/DataForge/noise_masking/outputs/synthesis_cache/06c4d940de7e5f6d/21fb464592959d8570a05b7ea40f9b75ba7c819db71d982ddceb7a7d2514e192.wav,b1a01de7ec9dfcbb19d9fd9e9bb340bda0726bb586d3d01367c0b0150d1dbb9c,0.937469482421875,True,,1.0,HTTP WAV -> local PCMU roundtrip,after simulated phone codec,coda,celeste,https://users.rime.ai/v1/rime-tts,3.431349685119215,4.120614816693793,3.085053789087826
05eca3e90a16aae62993a4e8c0622498daf075b34cb0dd9342baad1fa1a946ce,critical_04_baseline_r0_speech_1_15dB,critical_04,dev,baseline,0,speech_1_15dB,speech_1,15.0,15.000000040289564,/content/drive/.shortcut-targets-by-id/1gvOi3VP1hvG6qL4dZhVl6iPKkjXSn32n/DataForge/data/musan/speech/librivox/speech-librivox-0004.wav,76965f20b10ce0ed48beed1670d8c5ed81182a2bc797ed5e4d7dbe24c4c58ae8,0.0,False,competing_speech,0.0918381103595235,0.1000356701851542,0.0149570219903396,window_rms_no_wrap_v2,20ms_frames_within_40dB_of_peak_power_v1,8000,-41.49999963611344,active speech / extracted noise-window RMS; no wrapping,"Leo Martin, your Monday appointment is at nine twenty a m, your payment of thirty dollars is due by August sixth, and your reference code is five four eight two. Do not share the code.","Leo Martin, your Monday appointment is at 9.20 a.m. Your payment of $30 is due by August 6, and your reference code is 5482. Do not share the code.",0.2571428571428571,1.0,"{'name': {'recovered': True, 'conflict': False}, 'day': {'recovered': True, 'conflict': False}, 'time': {'recovered': True, 'conflict': False}, 'date': {'recovered': True, 'conflict': False}, 'amount': {'recovered': True, 'conflict': False}, 'code': {'recovered': True, 'conflict': False}, 'negation': {'recovered': True, 'conflict': False}}",7,7,0.815704242346727,12.72,0.0,/content/drive/MyDrive/DataForge/noise_grid_v2/outputs/05eca3e90a16aae6/clips/critical_04_baseline_r0_speech_1_15dB.wav,5f687f49cf7dd40a5b1be5ebec47bddb8341b7a528bf7285989ecea0a1b50859,/content/drive/MyDrive/DataForge/noise_masking/outputs/synthesis_cache/06c4d940de7e5f6d/21fb464592959d8570a05b7ea40f9b75ba7c819db71d982ddceb7a7d2514e192.wav,b1a01de7ec9dfcbb19d9fd9e9bb340bda0726bb586d3d01367c0b0150d1dbb9c,0.937469482421875,True,,1.0,HTTP WAV -> local PCMU roundtrip,after simulated phone codec,coda,celeste,https://users.rime.ai/v1/rime-tts,3.2942542673259845,3.418723535555511,2.6377691056079287
05eca3e90a16aae62993a4e8c0622498daf075b34cb0dd9342baad1fa1a946ce,critical_04_baseline_r0_speech_1_10dB,critical_04,dev,baseline,0,speech_1_10dB,speech_1,10.0,9.999999966286952,/content/drive/.shortcut-targets-by-id/1gvOi3VP1hvG6qL4dZhVl6iPKkjXSn32n/DataForge/data/musan/speech/librivox/speech-librivox-0004.wav,76965f20b10ce0ed48beed1670d8c5ed81182a2bc797ed5e4d7dbe24c4c58ae8,0.0,False,competing_speech,0.0918381103595235,0.1000356701851542,0.0265977642409203,window_rms_no_wrap_v2,20ms_frames_within_40dB_of_peak_power_v1,8000,-41.49999963611344,active speech / extracted noise-window RMS; no wrapping,"Leo Martin, your Monday appointment is at nine twenty a m, your payment of thirty dollars is due by August sixth, and your reference code is five four eight two. Do not share the code.","Leo Martin, your Monday appointment is at 9.20am, your payment of $30 is due by August 6, and your reference code is 5482. Do not share the code.",0.3142857142857143,1.0,"{'name': {'recovered': True, 'conflict': False}, 'day': {'recovered': True, 'conflict': False}, 'time': {'recovered': True, 'conflict': False}, 'date': {'recovered': True, 'conflict': False}, 'amount': {'recovered': True, 'conflict': False}, 'code': {'recovered': True, 'conflict': False}, 'negation': {'recovered': True, 'conflict': False}}",7,7,0.7387559380504426,12.72,0.0,/content/drive/MyDrive/DataForge/noise_grid_v2/outputs/05eca3e90a16aae6/clips/critical_04_baseline_r0_speech_1_10dB.wav,48254809cc97975125780b6490cb7ac2bed00ba9980ae65aa8671545cc5091ae,/content/drive/MyDrive/DataForge/noise_masking/outputs/synthesis_cache/06c4d940de7e5f6d/21fb464592959d8570a05b7ea40f9b75ba7c819db71d982ddceb7a7d2514e192.wav,b1a01de7ec9dfcbb19d9fd9e9bb340bda0726bb586d3d01367c0b0150d1dbb9c,0.937469482421875,True,,1.0,HTTP WAV -> local PCMU roundtrip,after simulated phone codec,coda,celeste,https://users.rime.ai/v1/rime-tts,3.3482009064917104,3.3392444494427638,2.6513925260786326
05eca3e90a16aae62993a4e8c0622498daf075b34cb0dd9342baad1fa1a946ce,critical_04_baseline_r0_speech_1_5dB,critical_04,dev,baseline,0,speech_1_5dB,speech_1,5.0,5.000000036930668,/content/drive/.shortcut-targets-by-id/1gvOi3VP1hvG6qL4dZhVl6iPKkjXSn32n/DataForge/data/musan/speech/librivox/speech-librivox-0004.wav,76965f20b10ce0ed48beed1670d8c5ed81182a2bc797ed5e4d7dbe24c4c58ae8,0.0,False,competing_speech,0.0918381103595235,0.1000356701851542,0.0472982565026982,window_rms_no_wrap_v2,20ms_frames_within_40dB_of_peak_power_v1,8000,-41.49999963611344,active speech / extracted noise-window RMS; no wrapping,"Leo Martin, your Monday appointment is at nine twenty a m, your payment of thirty dollars is due by August sixth, and your reference code is five four eight two. Do not share the code.","Leo Martins, your Monday appointment is at 9.20am, your payment of $30 is due by August 6, and your reference code is 548U. Do not share the code.",0.3428571428571428,0.7142857142857143,"{'name': {'recovered': False, 'conflict': False}, 'day': {'recovered': True, 'conflict': False}, 'time': {'recovered': True, 'conflict': False}, 'date': {'recovered': True, 'conflict': False}, 'amount': {'recovered': True, 'conflict': False}, 'code': {'recovered': False, 'conflict': False}, 'negation': {'recovered': True, 'conflict': False}}",7,5,0.6469007490790704,12.72,0.0,/content/drive/MyDrive/DataForge/noise_grid_v2/outputs/05eca3e90a16aae6/clips/critical_04_baseline_r0_speech_1_5dB.wav,7a4b82acc77431bec3d2983c8032781eff837cf4e6df93830c9ed790e51d739e,/content/drive/MyDrive/DataForge/noise_masking/outputs/synthesis_cache/06c4d940de7e5f6d/21fb464592959d8570a05b7ea40f9b75ba7c819db71d982ddceb7a7d2514e192.wav,b1a01de7ec9dfcbb19d9fd9e9bb340bda0726bb586d3d01367c0b0150d1dbb9c,0.937469482421875,True,,1.0,HTTP WAV -> local PCMU roundtrip,after simulated phone codec,coda,celeste,https://users.rime.ai/v1/rime-tts,3.351065417871804,3.1621371861209178,2.5457847512456047
05eca3e90a16aae62993a4e8c0622498daf075b34cb0dd9342baad1fa1a946ce,critical_04_baseline_r0_speech_1_0dB,critical_04,dev,baseline,0,speech_1_0dB,speech_1,0.0,7.229448038829874e-08,/content/drive/.shortcut-targets-by-id/1gvOi3VP1hvG6qL4dZhVl6iPKkjXSn32n/DataForge/data/musan/speech/librivox/speech-librivox-0004.wav,76965f20b10ce0ed48beed1670d8c5ed81182a2bc797ed5e4d7dbe24c4c58ae8,0.0,False,competing_speech,0.0918381103595235,0.1000356701851542,0.0841095156694878,window_rms_no_wrap_v2,20ms_frames_within_40dB_of_peak_power_v1,8000,-41.49999963611344,active speech / extracted noise-window RMS; no wrapping,"Leo Martin, your Monday appointment is at nine twenty a m, your payment of thirty dollars is due by August sixth, and your reference code is five four eight two. Do not share the code.",Leo Martin from your Monday appointment is at 9.20 am. Your payment of $30 is due by August 6 and your reference code is 5482. Do not share the code.,0.3428571428571428,1.0,"{'name': {'recovered': True, 'conflict': False}, 'day': {'recovered': True, 'conflict': False}, 'time': {'recovered': True, 'conflict': False}, 'date': {'recovered': True, 'conflict': False}, 'amount': {'recovered': True, 'conflict': False}, 'code': {'recovered': True, 'conflict': False}, 'negation': {'recovered': True, 'conflict': False}}",7,7,0.5499066068107451,12.72,0.0,/content/drive/MyDrive/DataForge/noise_grid_v2/outputs/05eca3e90a16aae6/clips/critical_04_baseline_r0_speech_1_0dB.wav,d5e6f44401dd080da8ff762a133150f12cdba480fabf1d8bfba3cd74f45604df,/content/drive/MyDrive/DataForge/noise_masking/outputs/synthesis_cache/06c4d940de7e5f6d/21fb464592959d8570a05b7ea40f9b75ba7c819db71d982ddceb7a7d2514e192.wav,b1a01de7ec9dfcbb19d9fd9e9bb340bda0726bb586d3d01367c0b0150d1dbb9c,0.937469482421875,True,,1.0,HTTP WAV -> local PCMU roundtrip,after simulated phone codec,coda,celeste,https://users.rime.ai/v1/rime-tts,3.362533479786426,2.9263307946263,2.449129651820572
05eca3e90a16aae62993a4e8c0622498daf075b34cb0dd9342baad1fa1a946ce,critical_04_baseline_r0_speech_1_-5dB,critical_04,dev,baseline,0,speech_1_-5dB,speech_1,-5.0,-5.000000394267491,/content/drive/.shortcut-targets-by-id/1gvOi3VP1hvG6qL4dZhVl6iPKkjXSn32n/DataForge/data/musan/speech/librivox/speech-librivox-0004.wav,76965f20b10ce0ed48beed1670d8c5ed81182a2bc797ed5e4d7dbe24c4c58ae8,0.0,False,competing_speech,0.0918381103595235,0.1000356701851542,0.1495702199033963,window_rms_no_wrap_v2,20ms_frames_within_40dB_of_peak_power_v1,8000,-41.49999963611344,active speech / extracted noise-window RMS; no wrapping,"Leo Martin, your Monday appointment is at nine twenty a m, your payment of thirty dollars is due by August sixth, and your reference code is five four eight two. Do not share the code.","Leel Marcus, your Monday appointment is at 9.20am, your payment of $30 is due by August 6th, and your reference code is 540. Do not share the code.",0.3714285714285714,0.7142857142857143,"{'name': {'recovered': False, 'conflict': False}, 'day': {'recovered': True, 'conflict': False}, 'time': {'recovered': True, 'conflict': False}, 'date': {'recovered': True, 'conflict': False}, 'amount': {'recovered': True, 'conflict': False}, 'code': {'recovered': False, 'conflict': False}, 'negation': {'recovered': True, 'conflict': False}}",7,5,0.4567543393681381,12.72,0.0,/content/drive/MyDrive/DataForge/noise_grid_v2/outputs/05eca3e90a16aae6/clips/critical_04_baseline_r0_speech_1_-5dB.wav,690321da2f3f396f9322345bb9dfb95f0a027d7a4204f7ee06873218b5936cd8,/content/drive/MyDrive/DataForge/noise_masking/outputs/synthesis_cache/06c4d940de7e5f6d/21fb464592959d8570a05b7ea40f9b75ba7c819db71d982ddceb7a7d2514e192.wav,b1a01de7ec9dfcbb19d9fd9e9bb340bda0726bb586d3d01367c0b0150d1dbb9c,0.937469482421875,True,,1.0,HTTP WAV -> local PCMU roundtrip,after simulated phone codec,coda,celeste,https://users.rime.ai/v1/rime-tts,3.3193796871756893,2.647914295080504,2.30023350741354
05eca3e90a16aae62993a4e8c0622498daf075b34cb0dd9342baad1fa1a946ce,critical_04_baseline_r0_speech_2_15dB,critical_04,dev,baseline,0,speech_2_15dB,speech_2,15.0,14.99999963052411,/content/drive/.shortcut-targets-by-id/1gvOi3VP1hvG6qL4dZhVl6iPKkjXSn32n/DataForge/data/musan/speech/librivox/speech-librivox-0003.wav,8c1370aaca2843057072ded459deb739413910e7a2c5a1f21d3e04c2b3fe4c6b,0.0,False,competing_speech,0.0861615546950171,0.093996701216475,0.0159179598795906,window_rms_no_wrap_v2,20ms_frames_within_40dB_of_peak_power_v1,8000,-41.49999963611344,active speech / extracted noise-window RMS; no wrapping,"Leo Martin, your Monday appointment is at nine twenty a m, your payment of thirty dollars is due by August sixth, and your reference code is five four eight two. Do not share the code.","Leo Martin, your Monday appointment is at 9.20am, your payment of $30 is due by August 6, and your reference code is 5482. Do not share the code.",0.3142857142857143,1.0,"{'name': {'recovered': True, 'conflict': False}, 'day': {'recovered': True, 'conflict': False}, 'time': {'recovered': True, 'conflict': False}, 'date': {'recovered': True, 'conflict': False}, 'amount': {'recovered': True, 'conflict': False}, 'code': {'recovered': True, 'conflict': False}, 'negation': {'recovered': True, 'conflict': False}}",7,7,0.8316303439282208,12.72,0.0,/content/drive/MyDrive/DataForge/noise_grid_v2/outputs/05eca3e90a16aae6/clips/critical_04_baseline_r0_speech_2_15dB.wav,d9875bbb32a3b8fc4a9ecb7705b6df984e22d8e7569875c3f0e7a157db04f39c,/content/drive/MyDrive/DataForge/noise_masking/outputs/synthesis_cache/06c4d940de7e5f6d/21fb464592959d8570a05b7ea40f9b75ba7c819db71d982ddceb7a7d2514e192.wav,b1a01de7ec9dfcbb19d9fd9e9bb340bda0726bb586d3d01367c0b0150d1dbb9c,0.937469482421875,True,,1.0,HTTP WAV -> local PCMU roundtrip,after simulated phone codec,coda,celeste,https://users.rime.ai/v1/rime-tts,3.369217084676104,3.8944146383829312,2.9209872192542923
05eca3e90a16aae62993a4e8c0622498daf075b34cb0dd9342baad1fa1a946ce,critical_04_baseline_r0_speech_2_10dB,critical_04,dev,baseline,0,speech_2_10dB,speech_2,10.0,9.99999976190631,/content/drive/.shortcut-targets-by-id/1gvOi3VP1hvG6qL4dZhVl6iPKkjXSn32n/DataForge/data/musan/speech/librivox/speech-librivox-0003.wav,8c1370aaca2843057072ded459deb739413910e7a2c5a1f21d3e04c2b3fe4c6b,0.0,False,competing_speech,0.0861615546950171,0.093996701216475,0.0283065803037016,window_rms_no_wrap_v2,20ms_frames_within_40dB_of_peak_power_v1,8000,-41.49999963611344,active speech / extracted noise-window RMS; no wrapping,"Leo Martin, your Monday appointment is at nine twenty a m, your payment of thirty dollars is due by August sixth, and your reference code is five four eight two. Do not share the code.","Leo Martin, your Monday appointment is at 9.20am, your payment of $30 is due by August 6th, and your reference code is 5482. Do not share the code.",0.3142857142857143,1.0,"{'name': {'recovered': True, 'conflict': False}, 'day': {'recovered': True, 'conflict': False}, 'time': {'recovered': True, 'conflict': False}, 'date': {'recovered': True, 'conflict': False}, 'amount': {'recovered': True, 'conflict': False}, 'code': {'recovered': True, 'conflict': False}, 'negation': {'recovered': True, 'conflict': False}}",7,7,0.7781333977706898,12.72,0.0,/content/drive/MyDrive/DataForge/noise_grid_v2/outputs/05eca3e90a16aae6/clips/critical_04_baseline_r0_speech_2_10dB.wav,6b57bd85c4df70a43bb5c10f9fa17a8ad276b24fed698b33d9fa742940405a64,/content/drive/MyDrive/DataForge/noise_masking/outputs/synthesis_cache/06c4d940de7e5f6d/21fb464592959d8570a05b7ea40f9b75ba7c819db71d982ddceb7a7d2514e192.wav,b1a01de7ec9dfcbb19d9fd9e9bb340bda0726bb586d3d01367c0b0150d1dbb9c,0.937469482421875,True,,1.0,HTTP WAV -> local PCMU roundtrip,after simulated phone codec,coda,celeste,https://users.rime.ai/v1/rime-tts,3.392076912999243,3.742653164377207,2.8899545535427147
05eca3e90a16aae62993a4e8c0622498daf075b34cb0dd9342baad1fa1a946ce,critical_04_baseline_r0_speech_2_5dB,critical_04,dev,baseline,0,speech_2_5dB,speech_2,5.0,4.99999996351511,/content/drive/.shortcut-targets-by-id/1gvOi3VP1hvG6qL4dZhVl6iPKkjXSn32n/DataForge/data/musan/speech/librivox/speech-librivox-0003.wav,8c1370aaca2843057072ded459deb739413910e7a2c5a1f21d3e04c2b3fe4c6b,0.0,False,competing_speech,0.0861615546950171,0.093996701216475,0.0503370089226859,window_rms_no_wrap_v2,20ms_frames_within_40dB_of_peak_power_v1,8000,-41.49999963611344,active speech / extracted noise-window RMS; no wrapping,"Leo Martin, your Monday appointment is at nine twenty a m, your payment of thirty dollars is due by August sixth, and your reference code is five four eight two. Do not share the code.","Leo Martin, your Monday appointment is at $9.20 and your payment of $30 is due by August 6th and your reference code is 5482. Do not share the code.",0.3142857142857143,0.8571428571428571,"{'name': {'recovered': True, 'conflict': False}, 'day': {'recovered': True, 'conflict': False}, 'time': {'recovered': False, 'conflict': False}, 'date': {'recovered': True, 'conflict': False}, 'amount': {'recovered': True, 'conflict': False}, 'code': {'recovered': True, 'conflict': False}, 'negation': {'recovered': True, 'conflict': False}}",7,6,0.7149318630511102,12.72,0.0,/content/drive/MyDrive/DataForge/noise_grid_v2/outputs/05eca3e90a16aae6/clips/critical_04_baseline_r0_speech_2_5dB.wav,5f7c447f3112fbdda375a5baf8743c22349b758fb7c734329e9bc4e90a7c6030,/content/drive/MyDrive/DataForge/noise_masking/outputs/synthesis_cache/06c4d940de7e5f6d/21fb464592959d8570a05b7ea40f9b75ba7c819db71d982ddceb7a7d2514e192.wav,b1a01de7ec9dfcbb19d9fd9e9bb340bda0726bb586d3d01367c0b0150d1dbb9c,0.937469482421875,True,,1.0,HTTP WAV -> local PCMU roundtrip,after simulated phone codec,coda,celeste,https://users.rime.ai/v1/rime-tts,3.4352777095398883,3.8192192933185294,2.9797776246302847
05eca3e90a16aae62993a4e8c0622498daf075b34cb0dd9342baad1fa1a946ce,critical_04_baseline_r0_speech_2_0dB,critical_04,dev,baseline,0,speech_2_0dB,speech_2,0.0,1.844390455859553e-07,/content/drive/.shortcut-targets-by-id/1gvOi3VP1hvG6qL4dZhVl6iPKkjXSn32n/DataForge/data/musan/speech/librivox/speech-librivox-0003.wav,8c1370aaca2843057072ded459deb739413910e7a2c5a1f21d3e04c2b3fe4c6b,0.0,False,competing_speech,0.0861615546950171,0.093996701216475,0.0895132665301578,window_rms_no_wrap_v2,20ms_frames_within_40dB_of_peak_power_v1,8000,-41.49999963611344,active speech / extracted noise-window RMS; no wrapping,"Leo Martin, your Monday appointment is at nine twenty a m, your payment of thirty dollars is due by August sixth, and your reference code is five four eight two. Do not share the code.",leo martin your machine that flies 928 by the times dispatch for the 1903 collection code is 5482 this is a little bit about all of,0.8571428571428571,0.2857142857142857,"{'name': {'recovered': True, 'conflict': False}, 'day': {'recovered': False, 'conflict': False}, 'time': {'recovered': False, 'conflict': False}, 'date': {'recovered': False, 'conflict': False}, 'amount': {'recovered': False, 'conflict': False}, 'code': {'recovered': True, 'conflict': False}, 'negation': {'recovered': False, 'conflict': False}}",7,2,0.6435635135665122,12.72,0.0,/content/drive/MyDrive/DataForge/noise_grid_v2/outputs/05eca3e90a16aae6/clips/critical_04_baseline_r0_speech_2_0dB.wav,ed130cef81c0dca4e0417cf01f924e71925dcfb20a1f52cfd2caceb08a43f41d,/content/drive/MyDrive/DataForge/noise_masking/outputs/synthesis_cache/06c4d940de7e5f6d/21fb464592959d8570a05b7ea40f9b75ba7c819db71d982ddceb7a7d2514e192.wav,b1a01de7ec9dfcbb19d9fd9e9bb340bda0726bb586d3d01367c0b0150d1dbb9c,0.937469482421875,True,,1.0,HTTP WAV -> local PCMU roundtrip,after simulated phone codec,coda,celeste,https://users.rime.ai/v1/rime-tts,3.3980391862197834,3.603349190230145,2.837693522345289
05eca3e90a16aae62993a4e8c0622498daf075b34cb0dd9342baad1fa1a946ce,critical_04_baseline_r0_speech_2_-5dB,critical_04,dev,baseline,0,speech_2_-5dB,speech_2,-5.0,-4.999999962414606,/content/drive/.shortcut-targets-by-id/1gvOi3VP1hvG6qL4dZhVl6iPKkjXSn32n/DataForge/data/musan/speech/librivox/speech-librivox-0003.wav,8c1370aaca2843057072ded459deb739413910e7a2c5a1f21d3e04c2b3fe4c6b,0.0,False,competing_speech,0.0861615546950171,0.093996701216475,0.159179598795906,window_rms_no_wrap_v2,20ms_frames_within_40dB_of_peak_power_v1,8000,-41.49999963611344,active speech / extracted noise-window RMS; no wrapping,"Leo Martin, your Monday appointment is at nine twenty a m, your payment of thirty dollars is due by August sixth, and your reference code is five four eight two. Do not share the code.","...a machine that flies by the Times Dispatch, Richmond, Virginia, for the 1903 collection. This is a limit box accordingly.",0.9428571428571428,0.0,"{'name': {'recovered': False, 'conflict': False}, 'day': {'recovered': False, 'conflict': False}, 'time': {'recovered': False, 'conflict': False}, 'date': {'recovered': False, 'conflict': False}, 'amount': {'recovered': False, 'conflict': False}, 'code': {'recovered': False, 'conflict': False}, 'negation': {'recovered': False, 'conflict': False}}",7,0,0.5704033926791002,12.72,0.0,/content/drive/MyDrive/DataForge/noise_grid_v2/outputs/05eca3e90a16aae6/clips/critical_04_baseline_r0_speech_2_-5dB.wav,162803010d38592f0e95425b2c9514a20eb3706a0dcafc33afe8ac5b77934fb7,/content/drive/MyDrive/DataForge/noise_masking/outputs/synthesis_cache/06c4d940de7e5f6d/21fb464592959d8570a05b7ea40f9b75ba7c819db71d982ddceb7a7d2514e192.wav,b1a01de7ec9dfcbb19d9fd9e9bb340bda0726bb586d3d01367c0b0150d1dbb9c,0.937469482421875,True,,1.0,HTTP WAV -> local PCMU roundtrip,after simulated phone codec,coda,celeste,https://users.rime.ai/v1/rime-tts,3.348943341952104,3.3268560304861667,2.677212025994435
05eca3e90a16aae62993a4e8c0622498daf075b34cb0dd9342baad1fa1a946ce,critical_04_baseline_r0_environment_1_15dB,critical_04,dev,baseline,0,environment_1_15dB,environment_1,15.0,15.0000002616027,/content/drive/.shortcut-targets-by-id/1gvOi3VP1hvG6qL4dZhVl6iPKkjXSn32n/DataForge/data/musan/noise/free-sound/noise-free-sound-0397.wav,381b7347876f96d6a287a55e578b9ac8f3e5d2fa4ac35d9fb7a9a52c2bdbce24,0.0,False,environmental_noise,0.0127726895944802,0.0153536876534812,0.0974512281704821,window_rms_no_wrap_v2,20ms_frames_within_40dB_of_peak_power_v1,8000,-41.49999963611344,active speech / extracted noise-window RMS; no wrapping,"Leo Martin, your Monday appointment is at nine twenty a m, your payment of thirty dollars is due by August sixth, and your reference code is five four eight two. Do not share the code.","Leo Martin, your Monday appointment is at 9.20 a.m., your payment of $30 is due by August 6, and your reference code is 5482. Do not share the code.",0.2571428571428571,1.0,"{'name': {'recovered': True, 'conflict': False}, 'day': {'recovered': True, 'conflict': False}, 'time': {'recovered': True, 'conflict': False}, 'date': {'recovered': True, 'conflict': False}, 'amount': {'recovered': True, 'conflict': False}, 'code': {'recovered': True, 'conflict': False}, 'negation': {'recovered': True, 'conflict': False}}",7,7,0.8338408632274199,12.72,0.0,/content/drive/MyDrive/DataForge/noise_grid_v2/outputs/05eca3e90a16aae6/clips/critical_04_baseline_r0_environment_1_15dB.wav,ce8d5b2dfa711b897c130eb0639a2ac72f7f902e4ab2bfd8da959ab3c9f2bbd4,/content/drive/MyDrive/DataForge/noise_masking/outputs/synthesis_cache/06c4d940de7e5f6d/21fb464592959d8570a05b7ea40f9b75ba7c819db71d982ddceb7a7d2514e192.wav,b1a01de7ec9dfcbb19d9fd9e9bb340bda0726bb586d3d01367c0b0150d1dbb9c,0.937469482421875,True,,1.0,HTTP WAV -> local PCMU roundtrip,after simulated phone codec,coda,celeste,https://users.rime.ai/v1/rime-tts,3.3988146579206946,3.1956142303305564,2.558091766549527
05eca3e90a16aae62993a4e8c0622498daf075b34cb0dd9342baad1fa1a946ce,critical_04_baseline_r0_environment_1_10dB,critical_04,dev,baseline,0,environment_1_10dB,environment_1,10.0,10.00000001566042,/content/drive/.shortcut-targets-by-id/1gvOi3VP1hvG6qL4dZhVl6iPKkjXSn32n/DataForge/data/musan/noise/free-sound/noise-free-sound-0397.wav,381b7347876f96d6a287a55e578b9ac8f3e5d2fa4ac35d9fb7a9a52c2bdbce24,0.0,False,environmental_noise,0.0127726895944802,0.0153536876534812,0.1732955125385733,window_rms_no_wrap_v2,20ms_frames_within_40dB_of_peak_power_v1,8000,-41.49999963611344,active speech / extracted noise-window RMS; no wrapping,"Leo Martin, your Monday appointment is at nine twenty a m, your payment of thirty dollars is due by August sixth, and your reference code is five four eight two. Do not share the code.","Leo Martin, your Monday appointment is at 9.20 a.m., your payment of $30 is due by August 6, and your reference code is 5482. Do not share the code.",0.2571428571428571,1.0,"{'name': {'recovered': True, 'conflict': False}, 'day': {'recovered': True, 'conflict': False}, 'time': {'recovered': True, 'conflict': False}, 'date': {'recovered': True, 'conflict': False}, 'amount': {'recovered': True, 'conflict': False}, 'code': {'recovered': True, 'conflict': False}, 'negation': {'recovered': True, 'conflict': False}}",7,7,0.7767043894009781,12.72,0.0,/content/drive/MyDrive/DataForge/noise_grid_v2/outputs/05eca3e90a16aae6/clips/critical_04_baseline_r0_environment_1_10dB.wav,1951690946f5723b530b2ab154732b33644b0f32676d6797d4439b7668db7272,/content/drive/MyDrive/DataForge/noise_masking/outputs/synthesis_cache/06c4d940de7e5f6d/21fb464592959d8570a05b7ea40f9b75ba7c819db71d982ddceb7a7d2514e192.wav,b1a01de7ec9dfcbb19d9fd9e9bb340bda0726bb586d3d01367c0b0150d1dbb9c,0.937469482421875,True,,1.0,HTTP WAV -> local PCMU roundtrip,after simulated phone codec,coda,celeste,https://users.rime.ai/v1/rime-tts,3.4196848032573737,3.059700513761725,2.528023029546132
05eca3e90a16aae62993a4e8c0622498daf075b34cb0dd9342baad1fa1a946ce,critical_04_baseline_r0_environment_1_5dB,critical_04,dev,baseline,0,environment_1_5dB,environment_1,5.0,4.999999931082423,/content/drive/.shortcut-targets-by-id/1gvOi3VP1hvG6qL4dZhVl6iPKkjXSn32n/DataForge/data/musan/noise/free-sound/noise-free-sound-0397.wav,381b7347876f96d6a287a55e578b9ac8f3e5d2fa4ac35d9fb7a9a52c2bdbce24,0.0,False,environmental_noise,0.0127726895944802,0.0153536876534812,0.308167841799487,window_rms_no_wrap_v2,20ms_frames_within_40dB_of_peak_power_v1,8000,-41.49999963611344,active speech / extracted noise-window RMS; no wrapping,"Leo Martin, your Monday appointment is at nine twenty a m, your payment of thirty dollars is due by August sixth, and your reference code is five four eight two. Do not share the code.","Leo Martin, your Monday appointment is at 9.20 a.m. Your payment of $30 is due by August 6th, and your reference code is 5482. Do not share the code.",0.2571428571428571,1.0,"{'name': {'recovered': True, 'conflict': False}, 'day': {'recovered': True, 'conflict': False}, 'time': {'recovered': True, 'conflict': False}, 'date': {'recovered': True, 'conflict': False}, 'amount': {'recovered': True, 'conflict': False}, 'code': {'recovered': True, 'conflict': False}, 'negation': {'recovered': True, 'conflict': False}}",7,7,0.7086557703271635,12.72,0.0,/content/drive/MyDrive/DataForge/noise_grid_v2/outputs/05eca3e90a16aae6/clips/critical_04_baseline_r0_environment_1_5dB.wav,4a73974c46f00b5cbdbef81117a2a793e84cb71680c0f66d732ed8bd23d3850b,/content/drive/MyDrive/DataForge/noise_masking/outputs/synthesis_cache/06c4d940de7e5f6d/21fb464592959d8570a05b7ea40f9b75ba7c819db71d982ddceb7a7d2514e192.wav,b1a01de7ec9dfcbb19d9fd9e9bb340bda0726bb586d3d01367c0b0150d1dbb9c,0.937469482421875,True,,1.0,HTTP WAV -> local PCMU roundtrip,after simulated phone codec,coda,celeste,https://users.rime.ai/v1/rime-tts,3.416854127625773,2.9152546468645677,2.461925206033853
05eca3e90a16aae62993a4e8c0622498daf075b34cb0dd9342baad1fa1a946ce,critical_04_baseline_r0_environment_1_0dB,critical_04,dev,baseline,0,environment_1_0dB,environment_1,0.0,3.953946092401913e-07,/content/drive/.shortcut-targets-by-id/1gvOi3VP1hvG6qL4dZhVl6iPKkjXSn32n/DataForge/data/musan/noise/free-sound/noise-free-sound-0397.wav,381b7347876f96d6a287a55e578b9ac8f3e5d2fa4ac35d9fb7a9a52c2bdbce24,0.0,False,environmental_noise,0.0127726895944802,0.0153536876534812,0.5480085279081598,window_rms_no_wrap_v2,20ms_frames_within_40dB_of_peak_power_v1,8000,-41.49999963611344,active speech / extracted noise-window RMS; no wrapping,"Leo Martin, your Monday appointment is at nine twenty a m, your payment of thirty dollars is due by August sixth, and your reference code is five four eight two. Do not share the code.","Leo Martin, your Monday appointment is at 9.20 a.m. Your payment of $30 is due by August 6th, and your reference code is 5482. Do not share the code.",0.2571428571428571,1.0,"{'name': {'recovered': True, 'conflict': False}, 'day': {'recovered': True, 'conflict': False}, 'time': {'recovered': True, 'conflict': False}, 'date': {'recovered': True, 'conflict': False}, 'amount': {'recovered': True, 'conflict': False}, 'code': {'recovered': True, 'conflict': False}, 'negation': {'recovered': True, 'conflict': False}}",7,7,0.6340657480248596,12.72,0.0,/content/drive/MyDrive/DataForge/noise_grid_v2/outputs/05eca3e90a16aae6/clips/critical_04_baseline_r0_environment_1_0dB.wav,230772ef0cb130d491747a3b19e16a0f69e3adbb1f47b054e942f1139ef2029c,/content/drive/MyDrive/DataForge/noise_masking/outputs/synthesis_cache/06c4d940de7e5f6d/21fb464592959d8570a05b7ea40f9b75ba7c819db71d982ddceb7a7d2514e192.wav,b1a01de7ec9dfcbb19d9fd9e9bb340bda0726bb586d3d01367c0b0150d1dbb9c,0.937469482421875,True,,1.0,HTTP WAV -> local PCMU roundtrip,after simulated phone codec,coda,celeste,https://users.rime.ai/v1/rime-tts,3.4144533557042225,2.809584113790379,2.453828017762965
05eca3e90a16aae62993a4e8c0622498daf075b34cb0dd9342baad1fa1a946ce,critical_04_baseline_r0_environment_1_-5dB,critical_04,dev,baseline,0,environment_1_-5dB,environment_1,-5.0,-4.999999967007236,/content/drive/.shortcut-targets-by-id/1gvOi3VP1hvG6qL4dZhVl6iPKkjXSn32n/DataForge/data/musan/noise/free-sound/noise-free-sound-0397.wav,381b7347876f96d6a287a55e578b9ac8f3e5d2fa4ac35d9fb7a9a52c2bdbce24,0.0,False,environmental_noise,0.0127726895944802,0.0153536876534812,0.9745122817048212,window_rms_no_wrap_v2,20ms_frames_within_40dB_of_peak_power_v1,8000,-41.49999963611344,active speech / extracted noise-window RMS; no wrapping,"Leo Martin, your Monday appointment is at nine twenty a m, your payment of thirty dollars is due by August sixth, and your reference code is five four eight two. Do not share the code.","Leo Martin, your Monday appointment is at 9.20 a.m. Your payment is all $30 you do by August 6th, and your reference code is 5482. Do not share the code. Thanks for watching!",0.4285714285714285,1.0,"{'name': {'recovered': True, 'conflict': False}, 'day': {'recovered': True, 'conflict': False}, 'time': {'recovered': True, 'conflict': False}, 'date': {'recovered': True, 'conflict': False}, 'amount': {'recovered': True, 'conflict': False}, 'code': {'recovered': True, 'conflict': False}, 'negation': {'recovered': True, 'conflict': False}}",7,7,0.5526973911010186,12.72,0.0,/content/drive/MyDrive/DataForge/noise_grid_v2/outputs/05eca3e90a16aae6/clips/critical_04_baseline_r0_environment_1_-5dB.wav,836544e65824f1a8a9e8bd9c7bba5d16e6e96a91cb3a3ec5d4926a0785b3b249,/content/drive/MyDrive/DataForge/noise_masking/outputs/synthesis_cache/06c4d940de7e5f6d/21fb464592959d8570a05b7ea40f9b75ba7c819db71d982ddceb7a7d2514e192.wav,b1a01de7ec9dfcbb19d9fd9e9bb340bda0726bb586d3d01367c0b0150d1dbb9c,0.937469482421875,True,,1.0,HTTP WAV -> local PCMU roundtrip,after simulated phone codec,coda,celeste,https://users.rime.ai/v1/rime-tts,3.0000028671573027,2.1105598229710147,2.0645389487969537
05eca3e90a16aae62993a4e8c0622498daf075b34cb0dd9342baad1fa1a946ce,critical_04_baseline_r0_environment_2_15dB,critical_04,dev,baseline,0,environment_2_15dB,environment_2,15.0,14.99999983705946,/content/drive/.shortcut-targets-by-id/1gvOi3VP1hvG6qL4dZhVl6iPKkjXSn32n/DataForge/data/musan/noise/free-sound/noise-free-sound-0131.wav,4c75a309561d719f6d0c34738b78912ac976aa854541c6452e4e34ffcaaa3e5e,0.0,False,environmental_noise,0.0838667840138316,0.0870139673663369,0.0171953510920657,window_rms_no_wrap_v2,20ms_frames_within_40dB_of_peak_power_v1,8000,-41.49999963611344,active speech / extracted noise-window RMS; no wrapping,"Leo Martin, your Monday appointment is at nine twenty a m, your payment of thirty dollars is due by August sixth, and your reference code is five four eight two. Do not share the code.","Leo Martin, your Monday appointment is at 9.20 a.m. Your payment of $30 is due by August 6 and your reference code is 5482. Do not share the code.",0.2571428571428571,1.0,"{'name': {'recovered': True, 'conflict': False}, 'day': {'recovered': True, 'conflict': False}, 'time': {'recovered': True, 'conflict': False}, 'date': {'recovered': True, 'conflict': False}, 'amount': {'recovered': True, 'conflict': False}, 'code': {'recovered': True, 'conflict': False}, 'negation': {'recovered': True, 'conflict': False}}",7,7,0.8811798786037477,12.72,0.0,/content/drive/MyDrive/DataForge/noise_grid_v2/outputs/05eca3e90a16aae6/clips/critical_04_baseline_r0_environment_2_15dB.wav,f04cb78588222cf1e8dcace8b9cb0514e7ee2f1ae8b01f7204541406a9e6b03f,/content/drive/MyDrive/DataForge/noise_masking/outputs/synthesis_cache/06c4d940de7e5f6d/21fb464592959d8570a05b7ea40f9b75ba7c819db71d982ddceb7a7d2514e192.wav,b1a01de7ec9dfcbb19d9fd9e9bb340bda0726bb586d3d01367c0b0150d1dbb9c,0.937469482421875,True,,1.0,HTTP WAV -> local PCMU roundtrip,after simulated phone codec,coda,celeste,https://users.rime.ai/v1/rime-tts,3.377073814532862,3.542080582984773,2.7172378101611776
05eca3e90a16aae62993a4e8c0622498daf075b34cb0dd9342baad1fa1a946ce,critical_04_baseline_r0_environment_2_10dB,critical_04,dev,baseline,0,environment_2_10dB,environment_2,10.0,10.000000141675333,/content/drive/.shortcut-targets-by-id/1gvOi3VP1hvG6qL4dZhVl6iPKkjXSn32n/DataForge/data/musan/noise/free-sound/noise-free-sound-0131.wav,4c75a309561d719f6d0c34738b78912ac976aa854541c6452e4e34ffcaaa3e5e,0.0,False,environmental_noise,0.0838667840138316,0.0870139673663369,0.0305781387954107,window_rms_no_wrap_v2,20ms_frames_within_40dB_of_peak_power_v1,8000,-41.49999963611344,active speech / extracted noise-window RMS; no wrapping,"Leo Martin, your Monday appointment is at nine twenty a m, your payment of thirty dollars is due by August sixth, and your reference code is five four eight two. Do not share the code.",Leo Martin your Monday appointment is at 9 20 a.m. Your payment of 30 dollars is due by August 6 and your reference code is 5 4 8 2. Do not share the code.,0.2285714285714285,1.0,"{'name': {'recovered': True, 'conflict': False}, 'day': {'recovered': True, 'conflict': False}, 'time': {'recovered': True, 'conflict': False}, 'date': {'recovered': True, 'conflict': False}, 'amount': {'recovered': True, 'conflict': False}, 'code': {'recovered': True, 'conflict': False}, 'negation': {'recovered': True, 'conflict': False}}",7,7,0.8427611168795985,12.72,0.0,/content/drive/MyDrive/DataForge/noise_grid_v2/outputs/05eca3e90a16aae6/clips/critical_04_baseline_r0_environment_2_10dB.wav,44753893b80218d7b8db22f42db163fc9ca6463197216f1721a8bffe45d5a026,/content/drive/MyDrive/DataForge/noise_masking/outputs/synthesis_cache/06c4d940de7e5f6d/21fb464592959d8570a05b7ea40f9b75ba7c819db71d982ddceb7a7d2514e192.wav,b1a01de7ec9dfcbb19d9fd9e9bb340bda0726bb586d3d01367c0b0150d1dbb9c,0.937469482421875,True,,1.0,HTTP WAV -> local PCMU roundtrip,after simulated phone codec,coda,celeste,https://users.rime.ai/v1/rime-tts,3.400257993828906,3.444925626208597,2.6780591275864163
05eca3e90a16aae62993a4e8c0622498daf075b34cb0dd9342baad1fa1a946ce,critical_04_baseline_r0_environment_2_5dB,critical_04,dev,baseline,0,environment_2_5dB,environment_2,5.0,4.999999851045988,/content/drive/.shortcut-targets-by-id/1gvOi3VP1hvG6qL4dZhVl6iPKkjXSn32n/DataForge/data/musan/noise/free-sound/noise-free-sound-0131.wav,4c75a309561d719f6d0c34738b78912ac976aa854541c6452e4e34ffcaaa3e5e,0.0,False,environmental_noise,0.0838667840138316,0.0870139673663369,0.0543764746171914,window_rms_no_wrap_v2,20ms_frames_within_40dB_of_peak_power_v1,8000,-41.49999963611344,active speech / extracted noise-window RMS; no wrapping,"Leo Martin, your Monday appointment is at nine twenty a m, your payment of thirty dollars is due by August sixth, and your reference code is five four eight two. Do not share the code.",Leo Martin your Monday appointment is at 9 20 a.m. Your payment of 30 dollars is due by August 6 and your reference code is 5 4 8 2. Do not share the code.,0.2285714285714285,1.0,"{'name': {'recovered': True, 'conflict': False}, 'day': {'recovered': True, 'conflict': False}, 'time': {'recovered': True, 'conflict': False}, 'date': {'recovered': True, 'conflict': False}, 'amount': {'recovered': True, 'conflict': False}, 'code': {'recovered': True, 'conflict': False}, 'negation': {'recovered': True, 'conflict': False}}",7,7,0.790111595726224,12.72,0.0,/content/drive/MyDrive/DataForge/noise_grid_v2/outputs/05eca3e90a16aae6/clips/critical_04_baseline_r0_environment_2_5dB.wav,17c494ed3a138e55d64005bdc701765b1c045b83110e9d0f2210b5f741bc9d17,/content/drive/MyDrive/DataForge/noise_masking/outputs/synthesis_cache/06c4d940de7e5f6d/21fb464592959d8570a05b7ea40f9b75ba7c819db71d982ddceb7a7d2514e192.wav,b1a01de7ec9dfcbb19d9fd9e9bb340bda0726bb586d3d01367c0b0150d1dbb9c,0.937469482421875,True,,1.0,HTTP WAV -> local PCMU roundtrip,after simulated phone codec,coda,celeste,https://users.rime.ai/v1/rime-tts,3.4975526408890074,3.2536813795962285,2.69095624923398
05eca3e90a16aae62993a4e8c0622498daf075b34cb0dd9342baad1fa1a946ce,critical_04_baseline_r0_environment_2_0dB,critical_04,dev,baseline,0,environment_2_0dB,environment_2,0.0,1.8712034454877274e-07,/content/drive/.shortcut-targets-by-id/1gvOi3VP1hvG6qL4dZhVl6iPKkjXSn32n/DataForge/data/musan/noise/free-sound/noise-free-sound-0131.wav,4c75a309561d719f6d0c34738b78912ac976aa854541c6452e4e34ffcaaa3e5e,0.0,False,environmental_noise,0.0838667840138316,0.0870139673663369,0.0966965652022556,window_rms_no_wrap_v2,20ms_frames_within_40dB_of_peak_power_v1,8000,-41.49999963611344,active speech / extracted noise-window RMS; no wrapping,"Leo Martin, your Monday appointment is at nine twenty a m, your payment of thirty dollars is due by August sixth, and your reference code is five four eight two. Do not share the code.",Leo Martin your Monday appointment is at 9 20 a.m. Your payment of $30 is due by August 6 and your reference code is 5 4 8 2. Do not share the code.,0.2571428571428571,1.0,"{'name': {'recovered': True, 'conflict': False}, 'day': {'recovered': True, 'conflict': False}, 'time': {'recovered': True, 'conflict': False}, 'date': {'recovered': True, 'conflict': False}, 'amount': {'recovered': True, 'conflict': False}, 'code': {'recovered': True, 'conflict': False}, 'negation': {'recovered': True, 'conflict': False}}",7,7,0.713682519414391,12.72,0.0,/content/drive/MyDrive/DataForge/noise_grid_v2/outputs/05eca3e90a16aae6/clips/critical_04_baseline_r0_environment_2_0dB.wav,14b479bed948b25e3a11980a902699b3d3cf3d2ccfb0fe537b1b094ddd1e6bd8,/content/drive/MyDrive/DataForge/noise_masking/outputs/synthesis_cache/06c4d940de7e5f6d/21fb464592959d8570a05b7ea40f9b75ba7c819db71d982ddceb7a7d2514e192.wav,b1a01de7ec9dfcbb19d9fd9e9bb340bda0726bb586d3d01367c0b0150d1dbb9c,0.937469482421875,True,,1.0,HTTP WAV -> local PCMU roundtrip,after simulated phone codec,coda,celeste,https://users.rime.ai/v1/rime-tts,3.465270408748046,2.940290129948792,2.5057161652482254
05eca3e90a16aae62993a4e8c0622498daf075b34cb0dd9342baad1fa1a946ce,critical_04_baseline_r0_environment_2_-5dB,critical_04,dev,baseline,0,environment_2_-5dB,environment_2,-5.0,-5.0000001670950365,/content/drive/.shortcut-targets-by-id/1gvOi3VP1hvG6qL4dZhVl6iPKkjXSn32n/DataForge/data/musan/noise/free-sound/noise-free-sound-0131.wav,4c75a309561d719f6d0c34738b78912ac976aa854541c6452e4e34ffcaaa3e5e,0.0,False,environmental_noise,0.0838667840138316,0.0870139673663369,0.1719535109206573,window_rms_no_wrap_v2,20ms_frames_within_40dB_of_peak_power_v1,8000,-41.49999963611344,active speech / extracted noise-window RMS; no wrapping,"Leo Martin, your Monday appointment is at nine twenty a m, your payment of thirty dollars is due by August sixth, and your reference code is five four eight two. Do not share the code.","Leo Martin, your Monday appointment is at 9.20 AM. Your payment of $30 is due by August 6, and your reference code is 5482. Do not share the code.",0.3142857142857143,1.0,"{'name': {'recovered': True, 'conflict': False}, 'day': {'recovered': True, 'conflict': False}, 'time': {'recovered': True, 'conflict': False}, 'date': {'recovered': True, 'conflict': False}, 'amount': {'recovered': True, 'conflict': False}, 'code': {'recovered': True, 'conflict': False}, 'negation': {'recovered': True, 'conflict': False}}",7,7,0.6131345564268964,12.72,0.0,/content/drive/MyDrive/DataForge/noise_grid_v2/outputs/05eca3e90a16aae6/clips/critical_04_baseline_r0_environment_2_-5dB.wav,eee30ab4a42438f1040815d12315c788b96dd0b1e8ce6221a2cbd6b2787d9d62,/content/drive/MyDrive/DataForge/noise_masking/outputs/synthesis_cache/06c4d940de7e5f6d/21fb464592959d8570a05b7ea40f9b75ba7c819db71d982ddceb7a7d2514e192.wav,b1a01de7ec9dfcbb19d9fd9e9bb340bda0726bb586d3d01367c0b0150d1dbb9c,0.937469482421875,True,,1.0,HTTP WAV -> local PCMU roundtrip,after simulated phone codec,coda,celeste,https://users.rime.ai/v1/rime-tts,2.6721417123547733,2.0175541046867487,1.8976142943066237
05eca3e90a16aae62993a4e8c0622498daf075b34cb0dd9342baad1fa1a946ce,critical_04_baseline_r1_clean,critical_04,dev,baseline,1,clean,clean,,,,,,False,clean,,,,window_rms_no_wrap_v2,20ms_frames_within_40dB_of_peak_power_v1,8000,-41.50000034550588,active speech / extracted noise-window RMS; no wrapping,"Leo Martin, your Monday appointment is at nine twenty a m, your payment of thirty dollars is due by August sixth, and your reference code is five four eight two. Do not share the code.","Leo Martin, your Monday appointment is at 9.20 a.m., your payment of $30 is due by August 6th, and your reference code is 5482. Do not share the code.",0.2571428571428571,1.0,"{'name': {'recovered': True, 'conflict': False}, 'day': {'recovered': True, 'conflict': False}, 'time': {'recovered': True, 'conflict': False}, 'date': {'recovered': True, 'conflict': False}, 'amount': {'recovered': True, 'conflict': False}, 'code': {'recovered': True, 'conflict': False}, 'negation': {'recovered': True, 'conflict': False}}",7,7,,10.56,0.0,/content/drive/MyDrive/DataForge/noise_grid_v2/outputs/05eca3e90a16aae6/clips/critical_04_baseline_r1_clean.wav,0e9f5ff7fd01aa8f15917840511da05a9592e43325445b943d2b9a9fb21f17c8,/content/drive/MyDrive/DataForge/noise_masking/outputs/synthesis_cache/06c4d940de7e5f6d/77f54bd6e65187b651c246bba3bdf58b9d89490c5568ae16460571c39caf5ac9.wav,58cf3bbdfde5e91b7dc02b34bdc0d3d7dea7d52e275177bd5aefb168181c53b5,0.800750732421875,True,,1.0,HTTP WAV -> local PCMU roundtrip,after simulated phone codec,coda,celeste,https://users.rime.ai/v1/rime-tts,3.3492444484080384,4.1203757401598615,3.003378483044701
05eca3e90a16aae62993a4e8c0622498daf075b34cb0dd9342baad1fa1a946ce,critical_04_baseline_r1_speech_1_15dB,critical_04,dev,baseline,1,speech_1_15dB,speech_1,15.0,14.99999992780485,/content/drive/.shortcut-targets-by-id/1gvOi3VP1hvG6qL4dZhVl6iPKkjXSn32n/DataForge/data/musan/speech/librivox/speech-librivox-0004.wav,76965f20b10ce0ed48beed1670d8c5ed81182a2bc797ed5e4d7dbe24c4c58ae8,0.0,False,competing_speech,0.0918381103595235,0.1009980831273009,0.0148144949908754,window_rms_no_wrap_v2,20ms_frames_within_40dB_of_peak_power_v1,8000,-41.50000034550588,active speech / extracted noise-window RMS; no wrapping,"Leo Martin, your Monday appointment is at nine twenty a m, your payment of thirty dollars is due by August sixth, and your reference code is five four eight two. Do not share the code.","Leo Martin, your Monday appointment is at 9.20 a.m. Your payment of $30 is due by August 6th, and your reference code is 5482. Do not share the code.",0.2571428571428571,1.0,"{'name': {'recovered': True, 'conflict': False}, 'day': {'recovered': True, 'conflict': False}, 'time': {'recovered': True, 'conflict': False}, 'date': {'recovered': True, 'conflict': False}, 'amount': {'recovered': True, 'conflict': False}, 'code': {'recovered': True, 'conflict': False}, 'negation': {'recovered': True, 'conflict': False}}",7,7,0.8810357742670566,10.56,0.0,/content/drive/MyDrive/DataForge/noise_grid_v2/outputs/05eca3e90a16aae6/clips/critical_04_baseline_r1_speech_1_15dB.wav,3cdec15395a4c2e61e869f3ffcb9fbb48210a046c772992ec93f223f96cf9e1f,/content/drive/MyDrive/DataForge/noise_masking/outputs/synthesis_cache/06c4d940de7e5f6d/77f54bd6e65187b651c246bba3bdf58b9d89490c5568ae16460571c39caf5ac9.wav,58cf3bbdfde5e91b7dc02b34bdc0d3d7dea7d52e275177bd5aefb168181c53b5,0.800750732421875,True,,1.0,HTTP WAV -> local PCMU roundtrip,after simulated phone codec,coda,celeste,https://users.rime.ai/v1/rime-tts,3.2743099859465845,4.072152692520417,2.9061899703948986
05eca3e90a16aae62993a4e8c0622498daf075b34cb0dd9342baad1fa1a946ce,critical_04_baseline_r1_speech_1_10dB,critical_04,dev,baseline,1,speech_1_10dB,speech_1,10.0,10.000000300879112,/content/drive/.shortcut-targets-by-id/1gvOi3VP1hvG6qL4dZhVl6iPKkjXSn32n/DataForge/data/musan/speech/librivox/speech-librivox-0004.wav,76965f20b10ce0ed48beed1670d8c5ed81182a2bc797ed5e4d7dbe24c4c58ae8,0.0,False,competing_speech,0.0918381103595235,0.1009980831273009,0.0263443114123985,window_rms_no_wrap_v2,20ms_frames_within_40dB_of_peak_power_v1,8000,-41.50000034550588,active speech / extracted noise-window RMS; no wrapping,"Leo Martin, your Monday appointment is at nine twenty a m, your payment of thirty dollars is due by August sixth, and your reference code is five four eight two. Do not share the code.","Leo Martin, your Monday appointment is at 9.20 a.m., your payment of $30 is due by August 6, and your reference code is 5482. Do not show the code.",0.2857142857142857,0.8571428571428571,"{'name': {'recovered': True, 'conflict': False}, 'day': {'recovered': True, 'conflict': False}, 'time': {'recovered': True, 'conflict': False}, 'date': {'recovered': True, 'conflict': False}, 'amount': {'recovered': True, 'conflict': False}, 'code': {'recovered': True, 'conflict': False}, 'negation': {'recovered': False, 'conflict': False}}",7,6,0.8003381187970935,10.56,0.0,/content/drive/MyDrive/DataForge/noise_grid_v2/outputs/05eca3e90a16aae6/clips/critical_04_baseline_r1_speech_1_10dB.wav,3e391f31a18273a6eef0d95d7c32afbc4348fbf267d9280d83a0a2a8db593f62,/content/drive/MyDrive/DataForge/noise_masking/outputs/synthesis_cache/06c4d940de7e5f6d/77f54bd6e65187b651c246bba3bdf58b9d89490c5568ae16460571c39caf5ac9.wav,58cf3bbdfde5e91b7dc02b34bdc0d3d7dea7d52e275177bd5aefb168181c53b5,0.800750732421875,True,,1.0,HTTP WAV -> local PCMU roundtrip,after simulated phone codec,coda,celeste,https://users.rime.ai/v1/rime-tts,3.251973105226157,4.007507132457064,2.8756077816855425
05eca3e90a16aae62993a4e8c0622498daf075b34cb0dd9342baad1fa1a946ce,critical_04_baseline_r1_speech_1_5dB,critical_04,dev,baseline,1,speech_1_5dB,speech_1,5.0,4.9999996687061214,/content/drive/.shortcut-targets-by-id/1gvOi3VP1hvG6qL4dZhVl6iPKkjXSn32n/DataForge/data/musan/speech/librivox/speech-librivox-0004.wav,76965f20b10ce0ed48beed1670d8c5ed81182a2bc797ed5e4d7dbe24c4c58ae8,0.0,False,competing_speech,0.0918381103595235,0.1009980831273009,0.0468475465563216,window_rms_no_wrap_v2,20ms_frames_within_40dB_of_peak_power_v1,8000,-41.50000034550588,active speech / extracted noise-window RMS; no wrapping,"Leo Martin, your Monday appointment is at nine twenty a m, your payment of thirty dollars is due by August sixth, and your reference code is five four eight two. Do not share the code.","Leo Martin, your Monday appointment is at 9.20 a.m., your payment of $30 is due by August 6, and your reference code is 5482. Do not show the code.",0.2857142857142857,0.8571428571428571,"{'name': {'recovered': True, 'conflict': False}, 'day': {'recovered': True, 'conflict': False}, 'time': {'recovered': True, 'conflict': False}, 'date': {'recovered': True, 'conflict': False}, 'amount': {'recovered': True, 'conflict': False}, 'code': {'recovered': True, 'conflict': False}, 'negation': {'recovered': False, 'conflict': False}}",7,6,0.690873478846485,10.56,0.0,/content/drive/MyDrive/DataForge/noise_grid_v2/outputs/05eca3e90a16aae6/clips/critical_04_baseline_r1_speech_1_5dB.wav,1af863602cdb9ba2a8d76ab571f9e86d2ba1e9ee0f8785632050a581ce420546,/content/drive/MyDrive/DataForge/noise_masking/outputs/synthesis_cache/06c4d940de7e5f6d/77f54bd6e65187b651c246bba3bdf58b9d89490c5568ae16460571c39caf5ac9.wav,58cf3bbdfde5e91b7dc02b34bdc0d3d7dea7d52e275177bd5aefb168181c53b5,0.800750732421875,True,,1.0,HTTP WAV -> local PCMU roundtrip,after simulated phone codec,coda,celeste,https://users.rime.ai/v1/rime-tts,3.120185428089564,3.671669174675913,2.5996322856227643
05eca3e90a16aae62993a4e8c0622498daf075b34cb0dd9342baad1fa1a946ce,critical_04_baseline_r1_speech_1_0dB,critical_04,dev,baseline,1,speech_1_0dB,speech_1,0.0,1.3257412673447176e-07,/content/drive/.shortcut-targets-by-id/1gvOi3VP1hvG6qL4dZhVl6iPKkjXSn32n/DataForge/data/musan/speech/librivox/speech-librivox-0004.wav,76965f20b10ce0ed48beed1670d8c5ed81182a2bc797ed5e4d7dbe24c4c58ae8,0.0,False,competing_speech,0.0918381103595235,0.1009980831273009,0.0833080274519466,window_rms_no_wrap_v2,20ms_frames_within_40dB_of_peak_power_v1,8000,-41.50000034550588,active speech / extracted noise-window RMS; no wrapping,"Leo Martin, your Monday appointment is at nine twenty a m, your payment of thirty dollars is due by August sixth, and your reference code is five four eight two. Do not share the code.","Leo Martin, your Monday appointment is at 9.20am, your payment is $30 by August 6th, and your reference code is 5482. Do not shoot the code.",0.4,0.8571428571428571,"{'name': {'recovered': True, 'conflict': False}, 'day': {'recovered': True, 'conflict': False}, 'time': {'recovered': True, 'conflict': False}, 'date': {'recovered': True, 'conflict': False}, 'amount': {'recovered': True, 'conflict': False}, 'code': {'recovered': True, 'conflict': False}, 'negation': {'recovered': False, 'conflict': False}}",7,6,0.5635314990425688,10.56,0.0,/content/drive/MyDrive/DataForge/noise_grid_v2/outputs/05eca3e90a16aae6/clips/critical_04_baseline_r1_speech_1_0dB.wav,2cb12f3d1fea11d24d1e8d72d01640e052f97e5616b5f43b294e92db4f7c7991,/content/drive/MyDrive/DataForge/noise_masking/outputs/synthesis_cache/06c4d940de7e5f6d/77f54bd6e65187b651c246bba3bdf58b9d89490c5568ae16460571c39caf5ac9.wav,58cf3bbdfde5e91b7dc02b34bdc0d3d7dea7d52e275177bd5aefb168181c53b5,0.800750732421875,True,,1.0,HTTP WAV -> local PCMU roundtrip,after simulated phone codec,coda,celeste,https://users.rime.ai/v1/rime-tts,3.1202185283413355,3.417437476206349,2.5136619972485565
05eca3e90a16aae62993a4e8c0622498daf075b34cb0dd9342baad1fa1a946ce,critical_04_baseline_r1_speech_1_-5dB,critical_04,dev,baseline,1,speech_1_-5dB,speech_1,-5.0,-4.999999748643269,/content/drive/.shortcut-targets-by-id/1gvOi3VP1hvG6qL4dZhVl6iPKkjXSn32n/DataForge/data/musan/speech/librivox/speech-librivox-0004.wav,76965f20b10ce0ed48beed1670d8c5ed81182a2bc797ed5e4d7dbe24c4c58ae8,0.0,False,competing_speech,0.0918381103595235,0.1009980831273009,0.1481449499087541,window_rms_no_wrap_v2,20ms_frames_within_40dB_of_peak_power_v1,8000,-41.50000034550588,active speech / extracted noise-window RMS; no wrapping,"Leo Martin, your Monday appointment is at nine twenty a m, your payment of thirty dollars is due by August sixth, and your reference code is five four eight two. Do not share the code.",Leopard is the Monday Appointment at 9.20am. Your email is 30 million by August 6 and your reference code is 5482. Do not change the message.,0.6,0.7142857142857143,"{'name': {'recovered': False, 'conflict': False}, 'day': {'recovered': True, 'conflict': False}, 'time': {'recovered': True, 'conflict': False}, 'date': {'recovered': True, 'conflict': False}, 'amount': {'recovered': True, 'conflict': False}, 'code': {'recovered': True, 'conflict': False}, 'negation': {'recovered': False, 'conflict': False}}",7,5,0.4321878551827275,10.56,0.0,/content/drive/MyDrive/DataForge/noise_grid_v2/outputs/05eca3e90a16aae6/clips/critical_04_baseline_r1_speech_1_-5dB.wav,d1a021eed1e57b06c61ac7f962d3718a2c500bdd45a110f1718042887a7a7482,/content/drive/MyDrive/DataForge/noise_masking/outputs/synthesis_cache/06c4d940de7e5f6d/77f54bd6e65187b651c246bba3bdf58b9d89490c5568ae16460571c39caf5ac9.wav,58cf3bbdfde5e91b7dc02b34bdc0d3d7dea7d52e275177bd5aefb168181c53b5,0.800750732421875,True,,1.0,HTTP WAV -> local PCMU roundtrip,after simulated phone codec,coda,celeste,https://users.rime.ai/v1/rime-tts,3.133217303209942,3.2965257040451155,2.479535359738229
05eca3e90a16aae62993a4e8c0622498daf075b34cb0dd9342baad1fa1a946ce,critical_04_baseline_r1_speech_2_15dB,critical_04,dev,baseline,1,speech_2_15dB,speech_2,15.0,14.999999972774525,/content/drive/.shortcut-targets-by-id/1gvOi3VP1hvG6qL4dZhVl6iPKkjXSn32n/DataForge/data/musan/speech/librivox/speech-librivox-0003.wav,8c1370aaca2843057072ded459deb739413910e7a2c5a1f21d3e04c2b3fe4c6b,0.0,False,competing_speech,0.0861615546950171,0.0928026305885827,0.0161227713814558,window_rms_no_wrap_v2,20ms_frames_within_40dB_of_peak_power_v1,8000,-41.50000034550588,active speech / extracted noise-window RMS; no wrapping,"Leo Martin, your Monday appointment is at nine twenty a m, your payment of thirty dollars is due by August sixth, and your reference code is five four eight two. Do not share the code.","Leo Martin, your Monday appointment is at 9.20am, your payment of $30 is due by August 6, and your reference code is 5482. Do not share the code.",0.3142857142857143,1.0,"{'name': {'recovered': True, 'conflict': False}, 'day': {'recovered': True, 'conflict': False}, 'time': {'recovered': True, 'conflict': False}, 'date': {'recovered': True, 'conflict': False}, 'amount': {'recovered': True, 'conflict': False}, 'code': {'recovered': True, 'conflict': False}, 'negation': {'recovered': True, 'conflict': False}}",7,7,0.8739542662289167,10.56,0.0,/content/drive/MyDrive/DataForge/noise_grid_v2/outputs/05eca3e90a16aae6/clips/critical_04_baseline_r1_speech_2_15dB.wav,fa8073349fd61fac7db30df6d056b256bb5f6da0f73b3cbc9919923ec9eb48bd,/content/drive/MyDrive/DataForge/noise_masking/outputs/synthesis_cache/06c4d940de7e5f6d/77f54bd6e65187b651c246bba3bdf58b9d89490c5568ae16460571c39caf5ac9.wav,58cf3bbdfde5e91b7dc02b34bdc0d3d7dea7d52e275177bd5aefb168181c53b5,0.800750732421875,True,,1.0,HTTP WAV -> local PCMU roundtrip,after simulated phone codec,coda,celeste,https://users.rime.ai/v1/rime-tts,3.332730540054852,3.983261623786873,2.889613073061561
05eca3e90a16aae62993a4e8c0622498daf075b34cb0dd9342baad1fa1a946ce,critical_04_baseline_r1_speech_2_10dB,critical_04,dev,baseline,1,speech_2_10dB,speech_2,10.0,10.000000257183224,/content/drive/.shortcut-targets-by-id/1gvOi3VP1hvG6qL4dZhVl6iPKkjXSn32n/DataForge/data/musan/speech/librivox/speech-librivox-0003.wav,8c1370aaca2843057072ded459deb739413910e7a2c5a1f21d3e04c2b3fe4c6b,0.0,False,competing_speech,0.0861615546950171,0.0928026305885827,0.0286707923804076,window_rms_no_wrap_v2,20ms_frames_within_40dB_of_peak_power_v1,8000,-41.50000034550588,active speech / extracted noise-window RMS; no wrapping,"Leo Martin, your Monday appointment is at nine twenty a m, your payment of thirty dollars is due by August sixth, and your reference code is five four eight two. Do not share the code.","Leo Martin, your Monday appointment is at 9.20am, your payment at $30 is due by August 6, and your reference code is 5482. Do not share the code.",0.3428571428571428,1.0,"{'name': {'recovered': True, 'conflict': False}, 'day': {'recovered': True, 'conflict': False}, 'time': {'recovered': True, 'conflict': False}, 'date': {'recovered': True, 'conflict': False}, 'amount': {'recovered': True, 'conflict': False}, 'code': {'recovered': True, 'conflict': False}, 'negation': {'recovered': True, 'conflict': False}}",7,7,0.8157464333069722,10.56,0.0,/content/drive/MyDrive/DataForge/noise_grid_v2/outputs/05eca3e90a16aae6/clips/critical_04_baseline_r1_speech_2_10dB.wav,18a9381846b359dbae2ab0d43bddf6e54809d8d8c989d503f895d72fe37cafe6,/content/drive/MyDrive/DataForge/noise_masking/outputs/synthesis_cache/06c4d940de7e5f6d/77f54bd6e65187b651c246bba3bdf58b9d89490c5568ae16460571c39caf5ac9.wav,58cf3bbdfde5e91b7dc02b34bdc0d3d7dea7d52e275177bd5aefb168181c53b5,0.800750732421875,True,,1.0,HTTP WAV -> local PCMU roundtrip,after simulated phone codec,coda,celeste,https://users.rime.ai/v1/rime-tts,3.3020016567573416,3.7301560584948654,2.731842939823014
05eca3e90a16aae62993a4e8c0622498daf075b34cb0dd9342baad1fa1a946ce,critical_04_baseline_r1_speech_2_5dB,critical_04,dev,baseline,1,speech_2_5dB,speech_2,5.0,4.999999848050382,/content/drive/.shortcut-targets-by-id/1gvOi3VP1hvG6qL4dZhVl6iPKkjXSn32n/DataForge/data/musan/speech/librivox/speech-librivox-0003.wav,8c1370aaca2843057072ded459deb739413910e7a2c5a1f21d3e04c2b3fe4c6b,0.0,False,competing_speech,0.0861615546950171,0.0928026305885827,0.0509846797595798,window_rms_no_wrap_v2,20ms_frames_within_40dB_of_peak_power_v1,8000,-41.50000034550588,active speech / extracted noise-window RMS; no wrapping,"Leo Martin, your Monday appointment is at nine twenty a m, your payment of thirty dollars is due by August sixth, and your reference code is five four eight two. Do not share the code.","Leo Martin, your Monday appointment is at 9.20am, your payment is $30 and due by August 6th, and your reference code is 5482. Do not share the code.",0.3714285714285714,1.0,"{'name': {'recovered': True, 'conflict': False}, 'day': {'recovered': True, 'conflict': False}, 'time': {'recovered': True, 'conflict': False}, 'date': {'recovered': True, 'conflict': False}, 'amount': {'recovered': True, 'conflict': False}, 'code': {'recovered': True, 'conflict': False}, 'negation': {'recovered': True, 'conflict': False}}",7,7,0.744221558130349,10.56,0.0,/content/drive/MyDrive/DataForge/noise_grid_v2/outputs/05eca3e90a16aae6/clips/critical_04_baseline_r1_speech_2_5dB.wav,f7dd72f67cb50401a55955786928d8ebb2017821b0eb0592315d8891dee8ea21,/content/drive/MyDrive/DataForge/noise_masking/outputs/synthesis_cache/06c4d940de7e5f6d/77f54bd6e65187b651c246bba3bdf58b9d89490c5568ae16460571c39caf5ac9.wav,58cf3bbdfde5e91b7dc02b34bdc0d3d7dea7d52e275177bd5aefb168181c53b5,0.800750732421875,True,,1.0,HTTP WAV -> local PCMU roundtrip,after simulated phone codec,coda,celeste,https://users.rime.ai/v1/rime-tts,3.346695590403522,3.9861930904913474,2.9433491331926325
05eca3e90a16aae62993a4e8c0622498daf075b34cb0dd9342baad1fa1a946ce,critical_04_baseline_r1_speech_2_0dB,critical_04,dev,baseline,1,speech_2_0dB,speech_2,0.0,1.0483401127035939e-07,/content/drive/.shortcut-targets-by-id/1gvOi3VP1hvG6qL4dZhVl6iPKkjXSn32n/DataForge/data/musan/speech/librivox/speech-librivox-0003.wav,8c1370aaca2843057072ded459deb739413910e7a2c5a1f21d3e04c2b3fe4c6b,0.0,False,competing_speech,0.0861615546950171,0.0928026305885827,0.090665006243889,window_rms_no_wrap_v2,20ms_frames_within_40dB_of_peak_power_v1,8000,-41.50000034550588,active speech / extracted noise-window RMS; no wrapping,"Leo Martin, your Monday appointment is at nine twenty a m, your payment of thirty dollars is due by August sixth, and your reference code is five four eight two. Do not share the code.","Leo Martin, your Monday equipment is at 9.20am, your payment is $30 and due by August 6th, and your reference code is 542. Do not share the code.",0.4,0.8571428571428571,"{'name': {'recovered': True, 'conflict': False}, 'day': {'recovered': True, 'conflict': False}, 'time': {'recovered': True, 'conflict': False}, 'date': {'recovered': True, 'conflict': False}, 'amount': {'recovered': True, 'conflict': False}, 'code': {'recovered': False, 'conflict': False}, 'negation': {'recovered': True, 'conflict': False}}",7,6,0.6614316393285746,10.56,0.0,/content/drive/MyDrive/DataForge/noise_grid_v2/outputs/05eca3e90a16aae6/clips/critical_04_baseline_r1_speech_2_0dB.wav,4157390ea75b53e6a613f1d661ba11ff3899e76729854ac87d983a01be3f4dde,/content/drive/MyDrive/DataForge/noise_masking/outputs/synthesis_cache/06c4d940de7e5f6d/77f54bd6e65187b651c246bba3bdf58b9d89490c5568ae16460571c39caf5ac9.wav,58cf3bbdfde5e91b7dc02b34bdc0d3d7dea7d52e275177bd5aefb168181c53b5,0.800750732421875,True,,1.0,HTTP WAV -> local PCMU roundtrip,after simulated phone codec,coda,celeste,https://users.rime.ai/v1/rime-tts,3.31052752981842,3.740114899974048,2.8109979117742654
05eca3e90a16aae62993a4e8c0622498daf075b34cb0dd9342baad1fa1a946ce,critical_04_baseline_r1_speech_2_-5dB,critical_04,dev,baseline,1,speech_2_-5dB,speech_2,-5.0,-5.000000224978304,/content/drive/.shortcut-targets-by-id/1gvOi3VP1hvG6qL4dZhVl6iPKkjXSn32n/DataForge/data/musan/speech/librivox/speech-librivox-0003.wav,8c1370aaca2843057072ded459deb739413910e7a2c5a1f21d3e04c2b3fe4c6b,0.0,False,competing_speech,0.0861615546950171,0.0928026305885827,0.1612277138145582,window_rms_no_wrap_v2,20ms_frames_within_40dB_of_peak_power_v1,8000,-41.50000034550588,active speech / extracted noise-window RMS; no wrapping,"Leo Martin, your Monday appointment is at nine twenty a m, your payment of thirty dollars is due by August sixth, and your reference code is five four eight two. Do not share the code.","Leo Martin, your monthly equipment is at 9.20am, your payment is $30.00 and due by August 6th, and your reference is $5.02. Do not share the code.",0.4571428571428571,0.7142857142857143,"{'name': {'recovered': True, 'conflict': False}, 'day': {'recovered': False, 'conflict': False}, 'time': {'recovered': True, 'conflict': False}, 'date': {'recovered': True, 'conflict': False}, 'amount': {'recovered': True, 'conflict': False}, 'code': {'recovered': False, 'conflict': False}, 'negation': {'recovered': True, 'conflict': False}}",7,5,0.5766764991723589,10.56,0.0,/content/drive/MyDrive/DataForge/noise_grid_v2/outputs/05eca3e90a16aae6/clips/critical_04_baseline_r1_speech_2_-5dB.wav,73826c03775eeaa89a2083bc021bb6803e397de88eb0d1468cccf73dcbc233bd,/content/drive/MyDrive/DataForge/noise_masking/outputs/synthesis_cache/06c4d940de7e5f6d/77f54bd6e65187b651c246bba3bdf58b9d89490c5568ae16460571c39caf5ac9.wav,58cf3bbdfde5e91b7dc02b34bdc0d3d7dea7d52e275177bd5aefb168181c53b5,0.800750732421875,True,,1.0,HTTP WAV -> local PCMU roundtrip,after simulated phone codec,coda,celeste,https://users.rime.ai/v1/rime-tts,3.23222110614401,3.580153782094533,2.7003067765918853
05eca3e90a16aae62993a4e8c0622498daf075b34cb0dd9342baad1fa1a946ce,critical_04_baseline_r1_environment_1_15dB,critical_04,dev,baseline,1,environment_1_15dB,environment_1,15.0,15.000000013281898,/content/drive/.shortcut-targets-by-id/1gvOi3VP1hvG6qL4dZhVl6iPKkjXSn32n/DataForge/data/musan/noise/free-sound/noise-free-sound-0397.wav,381b7347876f96d6a287a55e578b9ac8f3e5d2fa4ac35d9fb7a9a52c2bdbce24,0.0,False,environmental_noise,0.0127726895944802,0.0162736059365431,0.0919424743607408,window_rms_no_wrap_v2,20ms_frames_within_40dB_of_peak_power_v1,8000,-41.50000034550588,active speech / extracted noise-window RMS; no wrapping,"Leo Martin, your Monday appointment is at nine twenty a m, your payment of thirty dollars is due by August sixth, and your reference code is five four eight two. Do not share the code.","Leo Martin, your Monday appointment is at 9.20 a.m., your payment of $30 is due by August 6th, and your reference code is 5482. Do not share the code.",0.2571428571428571,1.0,"{'name': {'recovered': True, 'conflict': False}, 'day': {'recovered': True, 'conflict': False}, 'time': {'recovered': True, 'conflict': False}, 'date': {'recovered': True, 'conflict': False}, 'amount': {'recovered': True, 'conflict': False}, 'code': {'recovered': True, 'conflict': False}, 'negation': {'recovered': True, 'conflict': False}}",7,7,0.8333315076488929,10.56,0.0,/content/drive/MyDrive/DataForge/noise_grid_v2/outputs/05eca3e90a16aae6/clips/critical_04_baseline_r1_environment_1_15dB.wav,b2aff794f6e1c51f2ba048024cae652f5656a59d2534823fb760001f3f5948ab,/content/drive/MyDrive/DataForge/noise_masking/outputs/synthesis_cache/06c4d940de7e5f6d/77f54bd6e65187b651c246bba3bdf58b9d89490c5568ae16460571c39caf5ac9.wav,58cf3bbdfde5e91b7dc02b34bdc0d3d7dea7d52e275177bd5aefb168181c53b5,0.800750732421875,True,,1.0,HTTP WAV -> local PCMU roundtrip,after simulated phone codec,coda,celeste,https://users.rime.ai/v1/rime-tts,3.3582623030800947,3.4910580478963187,2.6811392736447264
05eca3e90a16aae62993a4e8c0622498daf075b34cb0dd9342baad1fa1a946ce,critical_04_baseline_r1_environment_1_10dB,critical_04,dev,baseline,1,environment_1_10dB,environment_1,10.0,9.999999682242883,/content/drive/.shortcut-targets-by-id/1gvOi3VP1hvG6qL4dZhVl6iPKkjXSn32n/DataForge/data/musan/noise/free-sound/noise-free-sound-0397.wav,381b7347876f96d6a287a55e578b9ac8f3e5d2fa4ac35d9fb7a9a52c2bdbce24,0.0,False,environmental_noise,0.0127726895944802,0.0162736059365431,0.1634994090637369,window_rms_no_wrap_v2,20ms_frames_within_40dB_of_peak_power_v1,8000,-41.50000034550588,active speech / extracted noise-window RMS; no wrapping,"Leo Martin, your Monday appointment is at nine twenty a m, your payment of thirty dollars is due by August sixth, and your reference code is five four eight two. Do not share the code.","Leo Martin, your Monday appointment is at 9.20 a.m., your payment of $30 is due by August 6 and your reference code is 5482. Do not share the code.",0.2571428571428571,1.0,"{'name': {'recovered': True, 'conflict': False}, 'day': {'recovered': True, 'conflict': False}, 'time': {'recovered': True, 'conflict': False}, 'date': {'recovered': True, 'conflict': False}, 'amount': {'recovered': True, 'conflict': False}, 'code': {'recovered': True, 'conflict': False}, 'negation': {'recovered': True, 'conflict': False}}",7,7,0.7747395516401969,10.56,0.0,/content/drive/MyDrive/DataForge/noise_grid_v2/outputs/05eca3e90a16aae6/clips/critical_04_baseline_r1_environment_1_10dB.wav,b5a6f916ba163cbe6c59f2d4994a5c7645c59fa728ff1d3adc460a8983efae92,/content/drive/MyDrive/DataForge/noise_masking/outputs/synthesis_cache/06c4d940de7e5f6d/77f54bd6e65187b651c246bba3bdf58b9d89490c5568ae16460571c39caf5ac9.wav,58cf3bbdfde5e91b7dc02b34bdc0d3d7dea7d52e275177bd5aefb168181c53b5,0.800750732421875,True,,1.0,HTTP WAV -> local PCMU roundtrip,after simulated phone codec,coda,celeste,https://users.rime.ai/v1/rime-tts,3.2492944969803705,2.977945589891412,2.3243308757971084
05eca3e90a16aae62993a4e8c0622498daf075b34cb0dd9342baad1fa1a946ce,critical_04_baseline_r1_environment_1_5dB,critical_04,dev,baseline,1,environment_1_5dB,environment_1,5.0,4.999999718282584,/content/drive/.shortcut-targets-by-id/1gvOi3VP1hvG6qL4dZhVl6iPKkjXSn32n/DataForge/data/musan/noise/free-sound/noise-free-sound-0397.wav,381b7347876f96d6a287a55e578b9ac8f3e5d2fa4ac35d9fb7a9a52c2bdbce24,0.0,False,environmental_noise,0.0127726895944802,0.0162736059365431,0.2907476326915747,window_rms_no_wrap_v2,20ms_frames_within_40dB_of_peak_power_v1,8000,-41.50000034550588,active speech / extracted noise-window RMS; no wrapping,"Leo Martin, your Monday appointment is at nine twenty a m, your payment of thirty dollars is due by August sixth, and your reference code is five four eight two. Do not share the code.","Leo Martin, your Monday appointment is at 9.20 a.m., your payment of $30 is due by August 6 and your reference code is 5482. Do not share the code.",0.2571428571428571,1.0,"{'name': {'recovered': True, 'conflict': False}, 'day': {'recovered': True, 'conflict': False}, 'time': {'recovered': True, 'conflict': False}, 'date': {'recovered': True, 'conflict': False}, 'amount': {'recovered': True, 'conflict': False}, 'code': {'recovered': True, 'conflict': False}, 'negation': {'recovered': True, 'conflict': False}}",7,7,0.7122708780999243,10.56,0.0,/content/drive/MyDrive/DataForge/noise_grid_v2/outputs/05eca3e90a16aae6/clips/critical_04_baseline_r1_environment_1_5dB.wav,9aa1c15693d35bc780bf398791c57230ab5889082434112f4f8dc9854fa14570,/content/drive/MyDrive/DataForge/noise_masking/outputs/synthesis_cache/06c4d940de7e5f6d/77f54bd6e65187b651c246bba3bdf58b9d89490c5568ae16460571c39caf5ac9.wav,58cf3bbdfde5e91b7dc02b34bdc0d3d7dea7d52e275177bd5aefb168181c53b5,0.800750732421875,True,,1.0,HTTP WAV -> local PCMU roundtrip,after simulated phone codec,coda,celeste,https://users.rime.ai/v1/rime-tts,3.2000582631331747,2.637129716028218,2.139556088794622
05eca3e90a16aae62993a4e8c0622498daf075b34cb0dd9342baad1fa1a946ce,critical_04_baseline_r1_environment_1_0dB,critical_04,dev,baseline,1,environment_1_0dB,environment_1,0.0,-1.321986533882346e-07,/content/drive/.shortcut-targets-by-id/1gvOi3VP1hvG6qL4dZhVl6iPKkjXSn32n/DataForge/data/musan/noise/free-sound/noise-free-sound-0397.wav,381b7347876f96d6a287a55e578b9ac8f3e5d2fa4ac35d9fb7a9a52c2bdbce24,0.0,False,environmental_noise,0.0127726895944802,0.0162736059365431,0.5170305287329869,window_rms_no_wrap_v2,20ms_frames_within_40dB_of_peak_power_v1,8000,-41.50000034550588,active speech / extracted noise-window RMS; no wrapping,"Leo Martin, your Monday appointment is at nine twenty a m, your payment of thirty dollars is due by August sixth, and your reference code is five four eight two. Do not share the code.","Leo Martin, your Monday appointment is at 9.20 a.m. Your payment of $30 is due by August 6th and your reference code is 5482. Do not share the code.",0.2571428571428571,1.0,"{'name': {'recovered': True, 'conflict': False}, 'day': {'recovered': True, 'conflict': False}, 'time': {'recovered': True, 'conflict': False}, 'date': {'recovered': True, 'conflict': False}, 'amount': {'recovered': True, 'conflict': False}, 'code': {'recovered': True, 'conflict': False}, 'negation': {'recovered': True, 'conflict': False}}",7,7,0.6459627867589703,10.56,0.0,/content/drive/MyDrive/DataForge/noise_grid_v2/outputs/05eca3e90a16aae6/clips/critical_04_baseline_r1_environment_1_0dB.wav,f4a7a314cee67cf4174bdbabddc89092715e4e46303b5bceac8c66da38c58a62,/content/drive/MyDrive/DataForge/noise_masking/outputs/synthesis_cache/06c4d940de7e5f6d/77f54bd6e65187b651c246bba3bdf58b9d89490c5568ae16460571c39caf5ac9.wav,58cf3bbdfde5e91b7dc02b34bdc0d3d7dea7d52e275177bd5aefb168181c53b5,0.800750732421875,True,,1.0,HTTP WAV -> local PCMU roundtrip,after simulated phone codec,coda,celeste,https://users.rime.ai/v1/rime-tts,3.231446159028782,2.430545936604508,2.115103682802877
05eca3e90a16aae62993a4e8c0622498daf075b34cb0dd9342baad1fa1a946ce,critical_04_baseline_r1_environment_1_-5dB,critical_04,dev,baseline,1,environment_1_-5dB,environment_1,-5.0,-5.000000276013462,/content/drive/.shortcut-targets-by-id/1gvOi3VP1hvG6qL4dZhVl6iPKkjXSn32n/DataForge/data/musan/noise/free-sound/noise-free-sound-0397.wav,381b7347876f96d6a287a55e578b9ac8f3e5d2fa4ac35d9fb7a9a52c2bdbce24,0.0,False,environmental_noise,0.0127726895944802,0.0162736059365431,0.9194247436074084,window_rms_no_wrap_v2,20ms_frames_within_40dB_of_peak_power_v1,8000,-41.50000034550588,active speech / extracted noise-window RMS; no wrapping,"Leo Martin, your Monday appointment is at nine twenty a m, your payment of thirty dollars is due by August sixth, and your reference code is five four eight two. Do not share the code.","Leo Martin, your Monday appointment is at 9.20am, your payment of $30 is due by August 6th, and your reference code is 5482. Do not show the code.",0.3428571428571428,0.8571428571428571,"{'name': {'recovered': True, 'conflict': False}, 'day': {'recovered': True, 'conflict': False}, 'time': {'recovered': True, 'conflict': False}, 'date': {'recovered': True, 'conflict': False}, 'amount': {'recovered': True, 'conflict': False}, 'code': {'recovered': True, 'conflict': False}, 'negation': {'recovered': False, 'conflict': False}}",7,6,0.5710371237104003,10.56,0.0,/content/drive/MyDrive/DataForge/noise_grid_v2/outputs/05eca3e90a16aae6/clips/critical_04_baseline_r1_environment_1_-5dB.wav,6e32a4aeb50d1de76ba5a3f14f7f4decb91166b4cd8542b6c901c7d4bd12bbaf,/content/drive/MyDrive/DataForge/noise_masking/outputs/synthesis_cache/06c4d940de7e5f6d/77f54bd6e65187b651c246bba3bdf58b9d89490c5568ae16460571c39caf5ac9.wav,58cf3bbdfde5e91b7dc02b34bdc0d3d7dea7d52e275177bd5aefb168181c53b5,0.800750732421875,True,,1.0,HTTP WAV -> local PCMU roundtrip,after simulated phone codec,coda,celeste,https://users.rime.ai/v1/rime-tts,3.061428110469493,2.1401478374012,2.0023910968893848
05eca3e90a16aae62993a4e8c0622498daf075b34cb0dd9342baad1fa1a946ce,critical_04_baseline_r1_environment_2_15dB,critical_04,dev,baseline,1,environment_2_15dB,environment_2,15.0,15.000000087372747,/content/drive/.shortcut-targets-by-id/1gvOi3VP1hvG6qL4dZhVl6iPKkjXSn32n/DataForge/data/musan/noise/free-sound/noise-free-sound-0131.wav,4c75a309561d719f6d0c34738b78912ac976aa854541c6452e4e34ffcaaa3e5e,0.0,False,environmental_noise,0.0838667840138316,0.0880394830504512,0.0169950520463642,window_rms_no_wrap_v2,20ms_frames_within_40dB_of_peak_power_v1,8000,-41.50000034550588,active speech / extracted noise-window RMS; no wrapping,"Leo Martin, your Monday appointment is at nine twenty a m, your payment of thirty dollars is due by August sixth, and your reference code is five four eight two. Do not share the code.","Leo Martin, your Monday appointment is at 9.20am, your payment of $30 is due by August 6, and your reference code is 5482. Do not share the code.",0.3142857142857143,1.0,"{'name': {'recovered': True, 'conflict': False}, 'day': {'recovered': True, 'conflict': False}, 'time': {'recovered': True, 'conflict': False}, 'date': {'recovered': True, 'conflict': False}, 'amount': {'recovered': True, 'conflict': False}, 'code': {'recovered': True, 'conflict': False}, 'negation': {'recovered': True, 'conflict': False}}",7,7,0.908791981832708,10.56,0.0,/content/drive/MyDrive/DataForge/noise_grid_v2/outputs/05eca3e90a16aae6/clips/critical_04_baseline_r1_environment_2_15dB.wav,059b9c688de50b1037b9f8f8dca25b36f7507a8dc9c7eba0b05b0711b7d4b7d1,/content/drive/MyDrive/DataForge/noise_masking/outputs/synthesis_cache/06c4d940de7e5f6d/77f54bd6e65187b651c246bba3bdf58b9d89490c5568ae16460571c39caf5ac9.wav,58cf3bbdfde5e91b7dc02b34bdc0d3d7dea7d52e275177bd5aefb168181c53b5,0.800750732421875,True,,1.0,HTTP WAV -> local PCMU roundtrip,after simulated phone codec,coda,celeste,https://users.rime.ai/v1/rime-tts,3.405626108824584,3.646728498992625,2.754251942708371
05eca3e90a16aae62993a4e8c0622498daf075b34cb0dd9342baad1fa1a946ce,critical_04_baseline_r1_environment_2_10dB,critical_04,dev,baseline,1,environment_2_10dB,environment_2,10.0,10.000000248119608,/content/drive/.shortcut-targets-by-id/1gvOi3VP1hvG6qL4dZhVl6iPKkjXSn32n/DataForge/data/musan/noise/free-sound/noise-free-sound-0131.wav,4c75a309561d719f6d0c34738b78912ac976aa854541c6452e4e34ffcaaa3e5e,0.0,False,environmental_noise,0.0838667840138316,0.0880394830504512,0.0302219511265893,window_rms_no_wrap_v2,20ms_frames_within_40dB_of_peak_power_v1,8000,-41.50000034550588,active speech / extracted noise-window RMS; no wrapping,"Leo Martin, your Monday appointment is at nine twenty a m, your payment of thirty dollars is due by August sixth, and your reference code is five four eight two. Do not share the code.","Leo Martin, your Monday appointment is at 9.20am, your payment of $30 is due by August 6, and your reference code is 5482. Do not share the code.",0.3142857142857143,1.0,"{'name': {'recovered': True, 'conflict': False}, 'day': {'recovered': True, 'conflict': False}, 'time': {'recovered': True, 'conflict': False}, 'date': {'recovered': True, 'conflict': False}, 'amount': {'recovered': True, 'conflict': False}, 'code': {'recovered': True, 'conflict': False}, 'negation': {'recovered': True, 'conflict': False}}",7,7,0.8683445189023992,10.56,0.0,/content/drive/MyDrive/DataForge/noise_grid_v2/outputs/05eca3e90a16aae6/clips/critical_04_baseline_r1_environment_2_10dB.wav,ca5c47f179dec2c43adf0b33343990ee68351c151e518433d89d095716677fb4,/content/drive/MyDrive/DataForge/noise_masking/outputs/synthesis_cache/06c4d940de7e5f6d/77f54bd6e65187b651c246bba3bdf58b9d89490c5568ae16460571c39caf5ac9.wav,58cf3bbdfde5e91b7dc02b34bdc0d3d7dea7d52e275177bd5aefb168181c53b5,0.800750732421875,True,,1.0,HTTP WAV -> local PCMU roundtrip,after simulated phone codec,coda,celeste,https://users.rime.ai/v1/rime-tts,3.414624471610077,3.503040373251006,2.6891585931475093
05eca3e90a16aae62993a4e8c0622498daf075b34cb0dd9342baad1fa1a946ce,critical_04_baseline_r1_environment_2_5dB,critical_04,dev,baseline,1,environment_2_5dB,environment_2,5.0,5.000000251757372,/content/drive/.shortcut-targets-by-id/1gvOi3VP1hvG6qL4dZhVl6iPKkjXSn32n/DataForge/data/musan/noise/free-sound/noise-free-sound-0131.wav,4c75a309561d719f6d0c34738b78912ac976aa854541c6452e4e34ffcaaa3e5e,0.0,False,environmental_noise,0.0838667840138316,0.0880394830504512,0.0537430734196164,window_rms_no_wrap_v2,20ms_frames_within_40dB_of_peak_power_v1,8000,-41.50000034550588,active speech / extracted noise-window RMS; no wrapping,"Leo Martin, your Monday appointment is at nine twenty a m, your payment of thirty dollars is due by August sixth, and your reference code is five four eight two. Do not share the code.","Leo Martin, your Monday appointment is at 9.20 a.m. Your payment of $30 is due by August 6th, and your reference code is 5482. Do not share the code.",0.2571428571428571,1.0,"{'name': {'recovered': True, 'conflict': False}, 'day': {'recovered': True, 'conflict': False}, 'time': {'recovered': True, 'conflict': False}, 'date': {'recovered': True, 'conflict': False}, 'amount': {'recovered': True, 'conflict': False}, 'code': {'recovered': True, 'conflict': False}, 'negation': {'recovered': True, 'conflict': False}}",7,7,0.8171486723492827,10.56,0.0,/content/drive/MyDrive/DataForge/noise_grid_v2/outputs/05eca3e90a16aae6/clips/critical_04_baseline_r1_environment_2_5dB.wav,0eb8cf66ecec467ecd898a9beae8cd34117cbd50174363b5cf378d115425143b,/content/drive/MyDrive/DataForge/noise_masking/outputs/synthesis_cache/06c4d940de7e5f6d/77f54bd6e65187b651c246bba3bdf58b9d89490c5568ae16460571c39caf5ac9.wav,58cf3bbdfde5e91b7dc02b34bdc0d3d7dea7d52e275177bd5aefb168181c53b5,0.800750732421875,True,,1.0,HTTP WAV -> local PCMU roundtrip,after simulated phone codec,coda,celeste,https://users.rime.ai/v1/rime-tts,3.5073621684069254,3.3047754101090767,2.6775197197425853
05eca3e90a16aae62993a4e8c0622498daf075b34cb0dd9342baad1fa1a946ce,critical_04_baseline_r1_environment_2_0dB,critical_04,dev,baseline,1,environment_2_0dB,environment_2,0.0,1.5995213136701085e-07,/content/drive/.shortcut-targets-by-id/1gvOi3VP1hvG6qL4dZhVl6iPKkjXSn32n/DataForge/data/musan/noise/free-sound/noise-free-sound-0131.wav,4c75a309561d719f6d0c34738b78912ac976aa854541c6452e4e34ffcaaa3e5e,0.0,False,environmental_noise,0.0838667840138316,0.0880394830504512,0.0955702008943141,window_rms_no_wrap_v2,20ms_frames_within_40dB_of_peak_power_v1,8000,-41.50000034550588,active speech / extracted noise-window RMS; no wrapping,"Leo Martin, your Monday appointment is at nine twenty a m, your payment of thirty dollars is due by August sixth, and your reference code is five four eight two. Do not share the code.","Leo Martin, your Monday appointment is at 9.20 a.m. Your payment of $30 is due by August 6th and your reference code is 5482. Do not share the code.",0.2571428571428571,1.0,"{'name': {'recovered': True, 'conflict': False}, 'day': {'recovered': True, 'conflict': False}, 'time': {'recovered': True, 'conflict': False}, 'date': {'recovered': True, 'conflict': False}, 'amount': {'recovered': True, 'conflict': False}, 'code': {'recovered': True, 'conflict': False}, 'negation': {'recovered': True, 'conflict': False}}",7,7,0.7456937894812392,10.56,0.0,/content/drive/MyDrive/DataForge/noise_grid_v2/outputs/05eca3e90a16aae6/clips/critical_04_baseline_r1_environment_2_0dB.wav,610135d2937da93aff911f6b647871705fc691d51084640b0ef144b3ca18be8a,/content/drive/MyDrive/DataForge/noise_masking/outputs/synthesis_cache/06c4d940de7e5f6d/77f54bd6e65187b651c246bba3bdf58b9d89490c5568ae16460571c39caf5ac9.wav,58cf3bbdfde5e91b7dc02b34bdc0d3d7dea7d52e275177bd5aefb168181c53b5,0.800750732421875,True,,1.0,HTTP WAV -> local PCMU roundtrip,after simulated phone codec,coda,celeste,https://users.rime.ai/v1/rime-tts,3.350111633595639,2.8461411912242043,2.418665511953243
05eca3e90a16aae62993a4e8c0622498daf075b34cb0dd9342baad1fa1a946ce,critical_04_baseline_r1_environment_2_-5dB,critical_04,dev,baseline,1,environment_2_-5dB,environment_2,-5.0,-4.99999972520497,/content/drive/.shortcut-targets-by-id/1gvOi3VP1hvG6qL4dZhVl6iPKkjXSn32n/DataForge/data/musan/noise/free-sound/noise-free-sound-0131.wav,4c75a309561d719f6d0c34738b78912ac976aa854541c6452e4e34ffcaaa3e5e,0.0,False,environmental_noise,0.0838667840138316,0.0880394830504512,0.1699505204636422,window_rms_no_wrap_v2,20ms_frames_within_40dB_of_peak_power_v1,8000,-41.50000034550588,active speech / extracted noise-window RMS; no wrapping,"Leo Martin, your Monday appointment is at nine twenty a m, your payment of thirty dollars is due by August sixth, and your reference code is five four eight two. Do not share the code.","Leo Martin, your Monday appointment is at 9.20 a.m. Your payment of $30 is due by August 6th and your reference code is 5482. Do not share the code.",0.2571428571428571,1.0,"{'name': {'recovered': True, 'conflict': False}, 'day': {'recovered': True, 'conflict': False}, 'time': {'recovered': True, 'conflict': False}, 'date': {'recovered': True, 'conflict': False}, 'amount': {'recovered': True, 'conflict': False}, 'code': {'recovered': True, 'conflict': False}, 'negation': {'recovered': True, 'conflict': False}}",7,7,0.6474811222337142,10.56,0.0,/content/drive/MyDrive/DataForge/noise_grid_v2/outputs/05eca3e90a16aae6/clips/critical_04_baseline_r1_environment_2_-5dB.wav,3a6cfb8fa8dc21263c7e0434d12911156d4553f184621b9d2d08a8646a5be290,/content/drive/MyDrive/DataForge/noise_masking/outputs/synthesis_cache/06c4d940de7e5f6d/77f54bd6e65187b651c246bba3bdf58b9d89490c5568ae16460571c39caf5ac9.wav,58cf3bbdfde5e91b7dc02b34bdc0d3d7dea7d52e275177bd5aefb168181c53b5,0.800750732421875,True,,1.0,HTTP WAV -> local PCMU roundtrip,after simulated phone codec,coda,celeste,https://users.rime.ai/v1/rime-tts,2.061434773893612,1.808863699892649,1.5566893603931862
05eca3e90a16aae62993a4e8c0622498daf075b34cb0dd9342baad1fa1a946ce,critical_02_baseline_r0_clean,critical_02,dev,baseline,0,clean,clean,,,,,,False,clean,,,,window_rms_no_wrap_v2,20ms_frames_within_40dB_of_peak_power_v1,8000,-41.49999987405964,active speech / extracted noise-window RMS; no wrapping,"Arun Shah, your Wednesday appointment is at ten fifteen a m, your payment of sixty dollars is due by June second, and your reference code is eight one six three. Do not change the address.","Arun Shah, your Wednesday appointment is at 10.15am, your payment of $60 is due by June 2nd, and your reference code is 8163. Do not change the address.",0.3142857142857143,1.0,"{'name': {'recovered': True, 'conflict': False}, 'day': {'recovered': True, 'conflict': False}, 'time': {'recovered': True, 'conflict': False}, 'date': {'recovered': True, 'conflict': False}, 'amount': {'recovered': True, 'conflict': False}, 'code': {'recovered': True, 'conflict': False}, 'negation': {'recovered': True, 'conflict': False}}",7,7,,11.52,0.0,/content/drive/MyDrive/DataForge/noise_grid_v2/outputs/05eca3e90a16aae6/clips/critical_02_baseline_r0_clean.wav,82bab6dd8dcd87c25f62ec0c7471c4b4b80ea23a5e184a6eb674377440db0cc7,/content/drive/MyDrive/DataForge/noise_masking/outputs/synthesis_cache/06c4d940de7e5f6d/a2bc0e2291980a77a9cb8214fe7602cc2386c6818bf41357e15a762bd292266f.wav,f6b244320a511a9ac7608bbb21cbc71a07e25c9a27a452e1eef80d6489338d8c,0.871063232421875,True,,1.0,HTTP WAV -> local PCMU roundtrip,after simulated phone codec,coda,celeste,https://users.rime.ai/v1/rime-tts,3.333208917945489,4.09406684906546,2.9789318788065717
05eca3e90a16aae62993a4e8c0622498daf075b34cb0dd9342baad1fa1a946ce,critical_02_baseline_r0_speech_1_15dB,critical_02,dev,baseline,0,speech_1_15dB,speech_1,15.0,15.00000017874652,/content/drive/.shortcut-targets-by-id/1gvOi3VP1hvG6qL4dZhVl6iPKkjXSn32n/DataForge/data/musan/speech/librivox/speech-librivox-0004.wav,76965f20b10ce0ed48beed1670d8c5ed81182a2bc797ed5e4d7dbe24c4c58ae8,0.0,False,competing_speech,0.0918381103595235,0.1028322387877031,0.0145502587070768,window_rms_no_wrap_v2,20ms_frames_within_40dB_of_peak_power_v1,8000,-41.49999987405964,active speech / extracted noise-window RMS; no wrapping,"Arun Shah, your Wednesday appointment is at ten fifteen a m, your payment of sixty dollars is due by June second, and your reference code is eight one six three. Do not change the address.","Arun Shah, your Wednesday appointment is at 10.15am, your payment of $60 is due by June 2nd, and your reference code is 8163. Do not change the address.",0.3142857142857143,1.0,"{'name': {'recovered': True, 'conflict': False}, 'day': {'recovered': True, 'conflict': False}, 'time': {'recovered': True, 'conflict': False}, 'date': {'recovered': True, 'conflict': False}, 'amount': {'recovered': True, 'conflict': False}, 'code': {'recovered': True, 'conflict': False}, 'negation': {'recovered': True, 'conflict': False}}",7,7,0.8545303549912098,11.52,0.0,/content/drive/MyDrive/DataForge/noise_grid_v2/outputs/05eca3e90a16aae6/clips/critical_02_baseline_r0_speech_1_15dB.wav,2703f2ffe14bae2d3288f82ffd708b0f66a50e57d210ea14c0330ab1b649ba27,/content/drive/MyDrive/DataForge/noise_masking/outputs/synthesis_cache/06c4d940de7e5f6d/a2bc0e2291980a77a9cb8214fe7602cc2386c6818bf41357e15a762bd292266f.wav,f6b244320a511a9ac7608bbb21cbc71a07e25c9a27a452e1eef80d6489338d8c,0.871063232421875,True,,1.0,HTTP WAV -> local PCMU roundtrip,after simulated phone codec,coda,celeste,https://users.rime.ai/v1/rime-tts,3.0894482615664067,3.7951900950982815,2.606104416040392
05eca3e90a16aae62993a4e8c0622498daf075b34cb0dd9342baad1fa1a946ce,critical_02_baseline_r0_speech_1_10dB,critical_02,dev,baseline,0,speech_1_10dB,speech_1,10.0,10.000000247001369,/content/drive/.shortcut-targets-by-id/1gvOi3VP1hvG6qL4dZhVl6iPKkjXSn32n/DataForge/data/musan/speech/librivox/speech-librivox-0004.wav,76965f20b10ce0ed48beed1670d8c5ed81182a2bc797ed5e4d7dbe24c4c58ae8,0.0,False,competing_speech,0.0918381103595235,0.1028322387877031,0.0258744254695343,window_rms_no_wrap_v2,20ms_frames_within_40dB_of_peak_power_v1,8000,-41.49999987405964,active speech / extracted noise-window RMS; no wrapping,"Arun Shah, your Wednesday appointment is at ten fifteen a m, your payment of sixty dollars is due by June second, and your reference code is eight one six three. Do not change the address.","Arun Shah, your Wednesday appointment is at 10.15am, your payment of $60 is due by June 2nd, and your reference code is 8163. Do not change the address.",0.3142857142857143,1.0,"{'name': {'recovered': True, 'conflict': False}, 'day': {'recovered': True, 'conflict': False}, 'time': {'recovered': True, 'conflict': False}, 'date': {'recovered': True, 'conflict': False}, 'amount': {'recovered': True, 'conflict': False}, 'code': {'recovered': True, 'conflict': False}, 'negation': {'recovered': True, 'conflict': False}}",7,7,0.7679338842313053,11.52,0.0,/content/drive/MyDrive/DataForge/noise_grid_v2/outputs/05eca3e90a16aae6/clips/critical_02_baseline_r0_speech_1_10dB.wav,743aef7b41c92935b93c5187445dc1d40f0c12a5d93d3db5b9dadbe8c4199150,/content/drive/MyDrive/DataForge/noise_masking/outputs/synthesis_cache/06c4d940de7e5f6d/a2bc0e2291980a77a9cb8214fe7602cc2386c6818bf41357e15a762bd292266f.wav,f6b244320a511a9ac7608bbb21cbc71a07e25c9a27a452e1eef80d6489338d8c,0.871063232421875,True,,1.0,HTTP WAV -> local PCMU roundtrip,after simulated phone codec,coda,celeste,https://users.rime.ai/v1/rime-tts,3.072093836359523,3.5066100725164167,2.4863674778927023
05eca3e90a16aae62993a4e8c0622498daf075b34cb0dd9342baad1fa1a946ce,critical_02_baseline_r0_speech_1_5dB,critical_02,dev,baseline,0,speech_1_5dB,speech_1,5.0,4.999999959855897,/content/drive/.shortcut-targets-by-id/1gvOi3VP1hvG6qL4dZhVl6iPKkjXSn32n/DataForge/data/musan/speech/librivox/speech-librivox-0004.wav,76965f20b10ce0ed48beed1670d8c5ed81182a2bc797ed5e4d7dbe24c4c58ae8,0.0,False,competing_speech,0.0918381103595235,0.1028322387877031,0.0460119580590595,window_rms_no_wrap_v2,20ms_frames_within_40dB_of_peak_power_v1,8000,-41.49999987405964,active speech / extracted noise-window RMS; no wrapping,"Arun Shah, your Wednesday appointment is at ten fifteen a m, your payment of sixty dollars is due by June second, and your reference code is eight one six three. Do not change the address.","Arun Shah, your Wednesday appointment is at 10.15am, your payment is $60 is due by June 2nd, and your reference code is 8163. Do not change the address.",0.3428571428571428,1.0,"{'name': {'recovered': True, 'conflict': False}, 'day': {'recovered': True, 'conflict': False}, 'time': {'recovered': True, 'conflict': False}, 'date': {'recovered': True, 'conflict': False}, 'amount': {'recovered': True, 'conflict': False}, 'code': {'recovered': True, 'conflict': False}, 'negation': {'recovered': True, 'conflict': False}}",7,7,0.6609328939436092,11.52,0.0,/content/drive/MyDrive/DataForge/noise_grid_v2/outputs/05eca3e90a16aae6/clips/critical_02_baseline_r0_speech_1_5dB.wav,a8b6f7077e6643f70491bc8e87b527b60c28b22cdf78870684f63a25e47c4959,/content/drive/MyDrive/DataForge/noise_masking/outputs/synthesis_cache/06c4d940de7e5f6d/a2bc0e2291980a77a9cb8214fe7602cc2386c6818bf41357e15a762bd292266f.wav,f6b244320a511a9ac7608bbb21cbc71a07e25c9a27a452e1eef80d6489338d8c,0.871063232421875,True,,1.0,HTTP WAV -> local PCMU roundtrip,after simulated phone codec,coda,celeste,https://users.rime.ai/v1/rime-tts,2.886274005241351,3.111448870347405,2.1912283647608337
05eca3e90a16aae62993a4e8c0622498daf075b34cb0dd9342baad1fa1a946ce,critical_02_baseline_r0_speech_1_0dB,critical_02,dev,baseline,0,speech_1_0dB,speech_1,0.0,-2.1546008389858767e-07,/content/drive/.shortcut-targets-by-id/1gvOi3VP1hvG6qL4dZhVl6iPKkjXSn32n/DataForge/data/musan/speech/librivox/speech-librivox-0004.wav,76965f20b10ce0ed48beed1670d8c5ed81182a2bc797ed5e4d7dbe24c4c58ae8,0.0,False,competing_speech,0.0918381103595235,0.1028322387877031,0.081822117632,window_rms_no_wrap_v2,20ms_frames_within_40dB_of_peak_power_v1,8000,-41.49999987405964,active speech / extracted noise-window RMS; no wrapping,"Arun Shah, your Wednesday appointment is at ten fifteen a m, your payment of sixty dollars is due by June second, and your reference code is eight one six three. Do not change the address.","Adul Shah, your Wednesday appointment is at 10.15am, your payment at $60 is due in place in seconds, and your reference code is 8163. Do not change the address.",0.4571428571428571,0.7142857142857143,"{'name': {'recovered': False, 'conflict': False}, 'day': {'recovered': True, 'conflict': False}, 'time': {'recovered': True, 'conflict': False}, 'date': {'recovered': False, 'conflict': False}, 'amount': {'recovered': True, 'conflict': False}, 'code': {'recovered': True, 'conflict': False}, 'negation': {'recovered': True, 'conflict': False}}",7,5,0.5438528539970368,11.52,0.0,/content/drive/MyDrive/DataForge/noise_grid_v2/outputs/05eca3e90a16aae6/clips/critical_02_baseline_r0_speech_1_0dB.wav,fbdab7a59eafdb1315399764a1078c7a6c38a062420d4e995de2c9331bf85b50,/content/drive/MyDrive/DataForge/noise_masking/outputs/synthesis_cache/06c4d940de7e5f6d/a2bc0e2291980a77a9cb8214fe7602cc2386c6818bf41357e15a762bd292266f.wav,f6b244320a511a9ac7608bbb21cbc71a07e25c9a27a452e1eef80d6489338d8c,0.871063232421875,True,,1.0,HTTP WAV -> local PCMU roundtrip,after simulated phone codec,coda,celeste,https://users.rime.ai/v1/rime-tts,2.8492289173439063,3.2677014819912835,2.248331783589069
05eca3e90a16aae62993a4e8c0622498daf075b34cb0dd9342baad1fa1a946ce,critical_02_baseline_r0_speech_1_-5dB,critical_02,dev,baseline,0,speech_1_-5dB,speech_1,-5.0,-4.99999970668973,/content/drive/.shortcut-targets-by-id/1gvOi3VP1hvG6qL4dZhVl6iPKkjXSn32n/DataForge/data/musan/speech/librivox/speech-librivox-0004.wav,76965f20b10ce0ed48beed1670d8c5ed81182a2bc797ed5e4d7dbe24c4c58ae8,0.0,False,competing_speech,0.0918381103595235,0.1028322387877031,0.1455025870707684,window_rms_no_wrap_v2,20ms_frames_within_40dB_of_peak_power_v1,8000,-41.49999987405964,active speech / extracted noise-window RMS; no wrapping,"Arun Shah, your Wednesday appointment is at ten fifteen a m, your payment of sixty dollars is due by June second, and your reference code is eight one six three. Do not change the address.","At the same time, your Wednesday appointment is at 16am, your payment is in 2 seconds, and your record code is at 163. Do not change your account.",0.6285714285714286,0.1428571428571428,"{'name': {'recovered': False, 'conflict': False}, 'day': {'recovered': True, 'conflict': False}, 'time': {'recovered': False, 'conflict': False}, 'date': {'recovered': False, 'conflict': False}, 'amount': {'recovered': False, 'conflict': False}, 'code': {'recovered': False, 'conflict': False}, 'negation': {'recovered': False, 'conflict': False}}",7,1,0.4250825922270775,11.52,0.0,/content/drive/MyDrive/DataForge/noise_grid_v2/outputs/05eca3e90a16aae6/clips/critical_02_baseline_r0_speech_1_-5dB.wav,9f7b726ed15f646498ee133ce6286d709b317bb8d74a69359326ebc008807f6f,/content/drive/MyDrive/DataForge/noise_masking/outputs/synthesis_cache/06c4d940de7e5f6d/a2bc0e2291980a77a9cb8214fe7602cc2386c6818bf41357e15a762bd292266f.wav,f6b244320a511a9ac7608bbb21cbc71a07e25c9a27a452e1eef80d6489338d8c,0.871063232421875,True,,1.0,HTTP WAV -> local PCMU roundtrip,after simulated phone codec,coda,celeste,https://users.rime.ai/v1/rime-tts,3.161301426290066,3.093526582286604,2.4850430781205355
05eca3e90a16aae62993a4e8c0622498daf075b34cb0dd9342baad1fa1a946ce,critical_02_baseline_r0_speech_2_15dB,critical_02,dev,baseline,0,speech_2_15dB,speech_2,15.0,14.999999941962908,/content/drive/.shortcut-targets-by-id/1gvOi3VP1hvG6qL4dZhVl6iPKkjXSn32n/DataForge/data/musan/speech/librivox/speech-librivox-0003.wav,8c1370aaca2843057072ded459deb739413910e7a2c5a1f21d3e04c2b3fe4c6b,0.0,False,competing_speech,0.0861615546950171,0.0945939309799205,0.0158174595588652,window_rms_no_wrap_v2,20ms_frames_within_40dB_of_peak_power_v1,8000,-41.49999987405964,active speech / extracted noise-window RMS; no wrapping,"Arun Shah, your Wednesday appointment is at ten fifteen a m, your payment of sixty dollars is due by June second, and your reference code is eight one six three. Do not change the address.","Arun Shah, your Wednesday appointment is at 10.15am, your payment of $60 is due by June 2nd, and your reference code is 8163. Do not change the address.",0.3142857142857143,1.0,"{'name': {'recovered': True, 'conflict': False}, 'day': {'recovered': True, 'conflict': False}, 'time': {'recovered': True, 'conflict': False}, 'date': {'recovered': True, 'conflict': False}, 'amount': {'recovered': True, 'conflict': False}, 'code': {'recovered': True, 'conflict': False}, 'negation': {'recovered': True, 'conflict': False}}",7,7,0.837123202105938,11.52,0.0,/content/drive/MyDrive/DataForge/noise_grid_v2/outputs/05eca3e90a16aae6/clips/critical_02_baseline_r0_speech_2_15dB.wav,d677986d2e3fe500e05c5f7aae4c39c8748e6d32a0848b88cdd7cbaf15386ff9,/content/drive/MyDrive/DataForge/noise_masking/outputs/synthesis_cache/06c4d940de7e5f6d/a2bc0e2291980a77a9cb8214fe7602cc2386c6818bf41357e15a762bd292266f.wav,f6b244320a511a9ac7608bbb21cbc71a07e25c9a27a452e1eef80d6489338d8c,0.871063232421875,True,,1.0,HTTP WAV -> local PCMU roundtrip,after simulated phone codec,coda,celeste,https://users.rime.ai/v1/rime-tts,3.207859617804353,3.84105268521853,2.736882743958
05eca3e90a16aae62993a4e8c0622498daf075b34cb0dd9342baad1fa1a946ce,critical_02_baseline_r0_speech_2_10dB,critical_02,dev,baseline,0,speech_2_10dB,speech_2,10.0,10.00000015787482,/content/drive/.shortcut-targets-by-id/1gvOi3VP1hvG6qL4dZhVl6iPKkjXSn32n/DataForge/data/musan/speech/librivox/speech-librivox-0003.wav,8c1370aaca2843057072ded459deb739413910e7a2c5a1f21d3e04c2b3fe4c6b,0.0,False,competing_speech,0.0861615546950171,0.0945939309799205,0.0281278626526533,window_rms_no_wrap_v2,20ms_frames_within_40dB_of_peak_power_v1,8000,-41.49999987405964,active speech / extracted noise-window RMS; no wrapping,"Arun Shah, your Wednesday appointment is at ten fifteen a m, your payment of sixty dollars is due by June second, and your reference code is eight one six three. Do not change the address.","Arun Shah, your Wednesday appointment is at 10.15am, your payment is $60 is due by June 2nd, and your reference code is 8163. Do not change the address.",0.3428571428571428,1.0,"{'name': {'recovered': True, 'conflict': False}, 'day': {'recovered': True, 'conflict': False}, 'time': {'recovered': True, 'conflict': False}, 'date': {'recovered': True, 'conflict': False}, 'amount': {'recovered': True, 'conflict': False}, 'code': {'recovered': True, 'conflict': False}, 'negation': {'recovered': True, 'conflict': False}}",7,7,0.7715039533120701,11.52,0.0,/content/drive/MyDrive/DataForge/noise_grid_v2/outputs/05eca3e90a16aae6/clips/critical_02_baseline_r0_speech_2_10dB.wav,f1bca9de52c34d103bb37d024f8e581d24a7dd98659977c1b50ff205b6ebcb4b,/content/drive/MyDrive/DataForge/noise_masking/outputs/synthesis_cache/06c4d940de7e5f6d/a2bc0e2291980a77a9cb8214fe7602cc2386c6818bf41357e15a762bd292266f.wav,f6b244320a511a9ac7608bbb21cbc71a07e25c9a27a452e1eef80d6489338d8c,0.871063232421875,True,,1.0,HTTP WAV -> local PCMU roundtrip,after simulated phone codec,coda,celeste,https://users.rime.ai/v1/rime-tts,3.171670028458061,3.838260942230979,2.7189949640554825
05eca3e90a16aae62993a4e8c0622498daf075b34cb0dd9342baad1fa1a946ce,critical_02_baseline_r0_speech_2_5dB,critical_02,dev,baseline,0,speech_2_5dB,speech_2,5.0,5.000000317158908,/content/drive/.shortcut-targets-by-id/1gvOi3VP1hvG6qL4dZhVl6iPKkjXSn32n/DataForge/data/musan/speech/librivox/speech-librivox-0003.wav,8c1370aaca2843057072ded459deb739413910e7a2c5a1f21d3e04c2b3fe4c6b,0.0,False,competing_speech,0.0861615546950171,0.0945939309799205,0.0500191990036163,window_rms_no_wrap_v2,20ms_frames_within_40dB_of_peak_power_v1,8000,-41.49999987405964,active speech / extracted noise-window RMS; no wrapping,"Arun Shah, your Wednesday appointment is at ten fifteen a m, your payment of sixty dollars is due by June second, and your reference code is eight one six three. Do not change the address.","Arun Shah, your Wednesday appointment is at 10.15am, your payment of $60 is due by June 2nd, and your reference code is 8163. Do not change the address.",0.3142857142857143,1.0,"{'name': {'recovered': True, 'conflict': False}, 'day': {'recovered': True, 'conflict': False}, 'time': {'recovered': True, 'conflict': False}, 'date': {'recovered': True, 'conflict': False}, 'amount': {'recovered': True, 'conflict': False}, 'code': {'recovered': True, 'conflict': False}, 'negation': {'recovered': True, 'conflict': False}}",7,7,0.6954149412520644,11.52,0.0,/content/drive/MyDrive/DataForge/noise_grid_v2/outputs/05eca3e90a16aae6/clips/critical_02_baseline_r0_speech_2_5dB.wav,e39cbe058a81e23cfef417a66fa1943c1f6d6dd1bc81e0de42a08647a976b894,/content/drive/MyDrive/DataForge/noise_masking/outputs/synthesis_cache/06c4d940de7e5f6d/a2bc0e2291980a77a9cb8214fe7602cc2386c6818bf41357e15a762bd292266f.wav,f6b244320a511a9ac7608bbb21cbc71a07e25c9a27a452e1eef80d6489338d8c,0.871063232421875,True,,1.0,HTTP WAV -> local PCMU roundtrip,after simulated phone codec,coda,celeste,https://users.rime.ai/v1/rime-tts,3.149911137468505,3.765497229305298,2.681491003045297
05eca3e90a16aae62993a4e8c0622498daf075b34cb0dd9342baad1fa1a946ce,critical_02_baseline_r0_speech_2_0dB,critical_02,dev,baseline,0,speech_2_0dB,speech_2,0.0,3.37626179419656e-07,/content/drive/.shortcut-targets-by-id/1gvOi3VP1hvG6qL4dZhVl6iPKkjXSn32n/DataForge/data/musan/speech/librivox/speech-librivox-0003.wav,8c1370aaca2843057072ded459deb739413910e7a2c5a1f21d3e04c2b3fe4c6b,0.0,False,competing_speech,0.0861615546950171,0.0945939309799205,0.0889481116947703,window_rms_no_wrap_v2,20ms_frames_within_40dB_of_peak_power_v1,8000,-41.49999987405964,active speech / extracted noise-window RMS; no wrapping,"Arun Shah, your Wednesday appointment is at ten fifteen a m, your payment of sixty dollars is due by June second, and your reference code is eight one six three. Do not change the address.","Arun Shah, your Wednesday appointment is at 10.15 a.m. Your payment of $60 is due by June 2nd, and your reference code is 8163. Do not change the address.",0.2571428571428571,1.0,"{'name': {'recovered': True, 'conflict': False}, 'day': {'recovered': True, 'conflict': False}, 'time': {'recovered': True, 'conflict': False}, 'date': {'recovered': True, 'conflict': False}, 'amount': {'recovered': True, 'conflict': False}, 'code': {'recovered': True, 'conflict': False}, 'negation': {'recovered': True, 'conflict': False}}",7,7,0.6126935841954738,11.52,0.0,/content/drive/MyDrive/DataForge/noise_grid_v2/outputs/05eca3e90a16aae6/clips/critical_02_baseline_r0_speech_2_0dB.wav,2c8f9608f7e50827dfb8cc74913efcf93888c97e99ef01b933905e5cf7dcd58e,/content/drive/MyDrive/DataForge/noise_masking/outputs/synthesis_cache/06c4d940de7e5f6d/a2bc0e2291980a77a9cb8214fe7602cc2386c6818bf41357e15a762bd292266f.wav,f6b244320a511a9ac7608bbb21cbc71a07e25c9a27a452e1eef80d6489338d8c,0.871063232421875,True,,1.0,HTTP WAV -> local PCMU roundtrip,after simulated phone codec,coda,celeste,https://users.rime.ai/v1/rime-tts,3.1887502251105744,3.6215592597251134,2.6684813449278675
05eca3e90a16aae62993a4e8c0622498daf075b34cb0dd9342baad1fa1a946ce,critical_02_baseline_r0_speech_2_-5dB,critical_02,dev,baseline,0,speech_2_-5dB,speech_2,-5.0,-4.999999651386764,/content/drive/.shortcut-targets-by-id/1gvOi3VP1hvG6qL4dZhVl6iPKkjXSn32n/DataForge/data/musan/speech/librivox/speech-librivox-0003.wav,8c1370aaca2843057072ded459deb739413910e7a2c5a1f21d3e04c2b3fe4c6b,0.0,False,competing_speech,0.0861615546950171,0.0945939309799205,0.1581745955886523,window_rms_no_wrap_v2,20ms_frames_within_40dB_of_peak_power_v1,8000,-41.49999987405964,active speech / extracted noise-window RMS; no wrapping,"Arun Shah, your Wednesday appointment is at ten fifteen a m, your payment of sixty dollars is due by June second, and your reference code is eight one six three. Do not change the address.","A machine that flies by the Times-Dispatch, Richmond, Virginia, for the 1903 collection. This is a liber-",0.9428571428571428,0.0,"{'name': {'recovered': False, 'conflict': False}, 'day': {'recovered': False, 'conflict': False}, 'time': {'recovered': False, 'conflict': False}, 'date': {'recovered': False, 'conflict': False}, 'amount': {'recovered': False, 'conflict': False}, 'code': {'recovered': False, 'conflict': False}, 'negation': {'recovered': False, 'conflict': False}}",7,0,0.5320223900492872,11.52,0.0,/content/drive/MyDrive/DataForge/noise_grid_v2/outputs/05eca3e90a16aae6/clips/critical_02_baseline_r0_speech_2_-5dB.wav,811da32ac4f2d099226eea1fe5047132d50ff2c318dd6537a5b3e6d1fce6a081,/content/drive/MyDrive/DataForge/noise_masking/outputs/synthesis_cache/06c4d940de7e5f6d/a2bc0e2291980a77a9cb8214fe7602cc2386c6818bf41357e15a762bd292266f.wav,f6b244320a511a9ac7608bbb21cbc71a07e25c9a27a452e1eef80d6489338d8c,0.871063232421875,True,,1.0,HTTP WAV -> local PCMU roundtrip,after simulated phone codec,coda,celeste,https://users.rime.ai/v1/rime-tts,3.309810050453143,3.631696233748683,2.780724667628155
05eca3e90a16aae62993a4e8c0622498daf075b34cb0dd9342baad1fa1a946ce,critical_02_baseline_r0_environment_1_15dB,critical_02,dev,baseline,0,environment_1_15dB,environment_1,15.0,15.000000045767454,/content/drive/.shortcut-targets-by-id/1gvOi3VP1hvG6qL4dZhVl6iPKkjXSn32n/DataForge/data/musan/noise/free-sound/noise-free-sound-0397.wav,381b7347876f96d6a287a55e578b9ac8f3e5d2fa4ac35d9fb7a9a52c2bdbce24,0.0,False,environmental_noise,0.0127726895944802,0.0159989222665232,0.0935210292833137,window_rms_no_wrap_v2,20ms_frames_within_40dB_of_peak_power_v1,8000,-41.49999987405964,active speech / extracted noise-window RMS; no wrapping,"Arun Shah, your Wednesday appointment is at ten fifteen a m, your payment of sixty dollars is due by June second, and your reference code is eight one six three. Do not change the address.","Arun Shah, your Wednesday appointment is at 10.15am, your payment of $60 is due by June 2nd, and your reference code is 8163. Do not change the address.",0.3142857142857143,1.0,"{'name': {'recovered': True, 'conflict': False}, 'day': {'recovered': True, 'conflict': False}, 'time': {'recovered': True, 'conflict': False}, 'date': {'recovered': True, 'conflict': False}, 'amount': {'recovered': True, 'conflict': False}, 'code': {'recovered': True, 'conflict': False}, 'negation': {'recovered': True, 'conflict': False}}",7,7,0.7915150122599163,11.52,0.0,/content/drive/MyDrive/DataForge/noise_grid_v2/outputs/05eca3e90a16aae6/clips/critical_02_baseline_r0_environment_1_15dB.wav,d724cc168aa63704bf14c1e9e6becce9d2706b2f6dffb1f26c117dc468c1f3d1,/content/drive/MyDrive/DataForge/noise_masking/outputs/synthesis_cache/06c4d940de7e5f6d/a2bc0e2291980a77a9cb8214fe7602cc2386c6818bf41357e15a762bd292266f.wav,f6b244320a511a9ac7608bbb21cbc71a07e25c9a27a452e1eef80d6489338d8c,0.871063232421875,True,,1.0,HTTP WAV -> local PCMU roundtrip,after simulated phone codec,coda,celeste,https://users.rime.ai/v1/rime-tts,3.313441035406717,3.1927951652869666,2.4624216408789894
05eca3e90a16aae62993a4e8c0622498daf075b34cb0dd9342baad1fa1a946ce,critical_02_baseline_r0_environment_1_10dB,critical_02,dev,baseline,0,environment_1_10dB,environment_1,10.0,9.999999760321469,/content/drive/.shortcut-targets-by-id/1gvOi3VP1hvG6qL4dZhVl6iPKkjXSn32n/DataForge/data/musan/noise/free-sound/noise-free-sound-0397.wav,381b7347876f96d6a287a55e578b9ac8f3e5d2fa4ac35d9fb7a9a52c2bdbce24,0.0,False,environmental_noise,0.0127726895944802,0.0159989222665232,0.166306520780164,window_rms_no_wrap_v2,20ms_frames_within_40dB_of_peak_power_v1,8000,-41.49999987405964,active speech / extracted noise-window RMS; no wrapping,"Arun Shah, your Wednesday appointment is at ten fifteen a m, your payment of sixty dollars is due by June second, and your reference code is eight one six three. Do not change the address.","Arun Shah, your Wednesday appointment is at 10.15am, your payment of $60 is due by June 2nd, and your reference code is 8163. Do not change the address.",0.3142857142857143,1.0,"{'name': {'recovered': True, 'conflict': False}, 'day': {'recovered': True, 'conflict': False}, 'time': {'recovered': True, 'conflict': False}, 'date': {'recovered': True, 'conflict': False}, 'amount': {'recovered': True, 'conflict': False}, 'code': {'recovered': True, 'conflict': False}, 'negation': {'recovered': True, 'conflict': False}}",7,7,0.7273440844096761,11.52,0.0,/content/drive/MyDrive/DataForge/noise_grid_v2/outputs/05eca3e90a16aae6/clips/critical_02_baseline_r0_environment_1_10dB.wav,595793d689353b39a8a338b78ca46da61a6cd3764af127580df648695743b261,/content/drive/MyDrive/DataForge/noise_masking/outputs/synthesis_cache/06c4d940de7e5f6d/a2bc0e2291980a77a9cb8214fe7602cc2386c6818bf41357e15a762bd292266f.wav,f6b244320a511a9ac7608bbb21cbc71a07e25c9a27a452e1eef80d6489338d8c,0.871063232421875,True,,1.0,HTTP WAV -> local PCMU roundtrip,after simulated phone codec,coda,celeste,https://users.rime.ai/v1/rime-tts,3.282177445084095,2.851399560034384,2.291159943411062
05eca3e90a16aae62993a4e8c0622498daf075b34cb0dd9342baad1fa1a946ce,critical_02_baseline_r0_environment_1_5dB,critical_02,dev,baseline,0,environment_1_5dB,environment_1,5.0,4.999999700182535,/content/drive/.shortcut-targets-by-id/1gvOi3VP1hvG6qL4dZhVl6iPKkjXSn32n/DataForge/data/musan/noise/free-sound/noise-free-sound-0397.wav,381b7347876f96d6a287a55e578b9ac8f3e5d2fa4ac35d9fb7a9a52c2bdbce24,0.0,False,environmental_noise,0.0127726895944802,0.0159989222665232,0.295739461658576,window_rms_no_wrap_v2,20ms_frames_within_40dB_of_peak_power_v1,8000,-41.49999987405964,active speech / extracted noise-window RMS; no wrapping,"Arun Shah, your Wednesday appointment is at ten fifteen a m, your payment of sixty dollars is due by June second, and your reference code is eight one six three. Do not change the address.","Arun Shah, your Wednesday appointment is at 10.15am, your payment of $60 is due by June 2nd, and your reference code is 8163. Do not change the address.",0.3142857142857143,1.0,"{'name': {'recovered': True, 'conflict': False}, 'day': {'recovered': True, 'conflict': False}, 'time': {'recovered': True, 'conflict': False}, 'date': {'recovered': True, 'conflict': False}, 'amount': {'recovered': True, 'conflict': False}, 'code': {'recovered': True, 'conflict': False}, 'negation': {'recovered': True, 'conflict': False}}",7,7,0.6563233554188623,11.52,0.0,/content/drive/MyDrive/DataForge/noise_grid_v2/outputs/05eca3e90a16aae6/clips/critical_02_baseline_r0_environment_1_5dB.wav,d36ddb934f932b8e16f8408a564d74abb092cf9305ca6e4ee088695c5bcbe9ca,/content/drive/MyDrive/DataForge/noise_masking/outputs/synthesis_cache/06c4d940de7e5f6d/a2bc0e2291980a77a9cb8214fe7602cc2386c6818bf41357e15a762bd292266f.wav,f6b244320a511a9ac7608bbb21cbc71a07e25c9a27a452e1eef80d6489338d8c,0.871063232421875,True,,1.0,HTTP WAV -> local PCMU roundtrip,after simulated phone codec,coda,celeste,https://users.rime.ai/v1/rime-tts,3.241059209676082,2.536070497131693,2.17295751623162
05eca3e90a16aae62993a4e8c0622498daf075b34cb0dd9342baad1fa1a946ce,critical_02_baseline_r0_environment_1_0dB,critical_02,dev,baseline,0,environment_1_0dB,environment_1,0.0,-2.1135024318351776e-08,/content/drive/.shortcut-targets-by-id/1gvOi3VP1hvG6qL4dZhVl6iPKkjXSn32n/DataForge/data/musan/noise/free-sound/noise-free-sound-0397.wav,381b7347876f96d6a287a55e578b9ac8f3e5d2fa4ac35d9fb7a9a52c2bdbce24,0.0,False,environmental_noise,0.0127726895944802,0.0159989222665232,0.5259073954034411,window_rms_no_wrap_v2,20ms_frames_within_40dB_of_peak_power_v1,8000,-41.49999987405964,active speech / extracted noise-window RMS; no wrapping,"Arun Shah, your Wednesday appointment is at ten fifteen a m, your payment of sixty dollars is due by June second, and your reference code is eight one six three. Do not change the address.","Arun Shah, your Wednesday appointment is at 10.15pm, your payment of $60 is due by June 2nd, and your reference code is 8163. Do not change the address.",0.3142857142857143,0.8571428571428571,"{'name': {'recovered': True, 'conflict': False}, 'day': {'recovered': True, 'conflict': False}, 'time': {'recovered': False, 'conflict': False}, 'date': {'recovered': True, 'conflict': False}, 'amount': {'recovered': True, 'conflict': False}, 'code': {'recovered': True, 'conflict': False}, 'negation': {'recovered': True, 'conflict': False}}",7,6,0.5792210900419811,11.52,0.0,/content/drive/MyDrive/DataForge/noise_grid_v2/outputs/05eca3e90a16aae6/clips/critical_02_baseline_r0_environment_1_0dB.wav,4162fbe5826554fdd8cecb94a722de2845a9c12493620526be66923c703947a0,/content/drive/MyDrive/DataForge/noise_masking/outputs/synthesis_cache/06c4d940de7e5f6d/a2bc0e2291980a77a9cb8214fe7602cc2386c6818bf41357e15a762bd292266f.wav,f6b244320a511a9ac7608bbb21cbc71a07e25c9a27a452e1eef80d6489338d8c,0.871063232421875,True,,1.0,HTTP WAV -> local PCMU roundtrip,after simulated phone codec,coda,celeste,https://users.rime.ai/v1/rime-tts,3.220010996052091,2.3374667034330714,2.1291722202576246
05eca3e90a16aae62993a4e8c0622498daf075b34cb0dd9342baad1fa1a946ce,critical_02_baseline_r0_environment_1_-5dB,critical_02,dev,baseline,0,environment_1_-5dB,environment_1,-5.0,-4.999999950551813,/content/drive/.shortcut-targets-by-id/1gvOi3VP1hvG6qL4dZhVl6iPKkjXSn32n/DataForge/data/musan/noise/free-sound/noise-free-sound-0397.wav,381b7347876f96d6a287a55e578b9ac8f3e5d2fa4ac35d9fb7a9a52c2bdbce24,0.0,False,environmental_noise,0.0127726895944802,0.0159989222665232,0.9352102928331378,window_rms_no_wrap_v2,20ms_frames_within_40dB_of_peak_power_v1,8000,-41.49999987405964,active speech / extracted noise-window RMS; no wrapping,"Arun Shah, your Wednesday appointment is at ten fifteen a m, your payment of sixty dollars is due by June second, and your reference code is eight one six three. Do not change the address.","Arun Shah, your Wednesday appointment is at 10-15 PM. Your payment of $60 is due by June 2nd. And your reference code is 8163. Do not change the appointment.",0.3428571428571428,0.7142857142857143,"{'name': {'recovered': True, 'conflict': False}, 'day': {'recovered': True, 'conflict': False}, 'time': {'recovered': False, 'conflict': False}, 'date': {'recovered': True, 'conflict': False}, 'amount': {'recovered': True, 'conflict': False}, 'code': {'recovered': True, 'conflict': False}, 'negation': {'recovered': False, 'conflict': False}}",7,5,0.4964776679017377,11.52,0.0,/content/drive/MyDrive/DataForge/noise_grid_v2/outputs/05eca3e90a16aae6/clips/critical_02_baseline_r0_environment_1_-5dB.wav,81074562d44cea115191815ed24336ab032dae69258d82b7e317d6c079736259,/content/drive/MyDrive/DataForge/noise_masking/outputs/synthesis_cache/06c4d940de7e5f6d/a2bc0e2291980a77a9cb8214fe7602cc2386c6818bf41357e15a762bd292266f.wav,f6b244320a511a9ac7608bbb21cbc71a07e25c9a27a452e1eef80d6489338d8c,0.871063232421875,True,,1.0,HTTP WAV -> local PCMU roundtrip,after simulated phone codec,coda,celeste,https://users.rime.ai/v1/rime-tts,3.178412247177002,2.26046035082032,2.101658311360836
05eca3e90a16aae62993a4e8c0622498daf075b34cb0dd9342baad1fa1a946ce,critical_02_baseline_r0_environment_2_15dB,critical_02,dev,baseline,0,environment_2_15dB,environment_2,15.0,14.999999970474311,/content/drive/.shortcut-targets-by-id/1gvOi3VP1hvG6qL4dZhVl6iPKkjXSn32n/DataForge/data/musan/noise/free-sound/noise-free-sound-0131.wav,4c75a309561d719f6d0c34738b78912ac976aa854541c6452e4e34ffcaaa3e5e,0.0,False,environmental_noise,0.0838667840138316,0.0853298430591062,0.0175347290484592,window_rms_no_wrap_v2,20ms_frames_within_40dB_of_peak_power_v1,8000,-41.49999987405964,active speech / extracted noise-window RMS; no wrapping,"Arun Shah, your Wednesday appointment is at ten fifteen a m, your payment of sixty dollars is due by June second, and your reference code is eight one six three. Do not change the address.","Arun Shah, your Wednesday appointment is at 10.15am, your payment of $60 is due by June 2nd, and your reference code is 8163. Do not change the address.",0.3142857142857143,1.0,"{'name': {'recovered': True, 'conflict': False}, 'day': {'recovered': True, 'conflict': False}, 'time': {'recovered': True, 'conflict': False}, 'date': {'recovered': True, 'conflict': False}, 'amount': {'recovered': True, 'conflict': False}, 'code': {'recovered': True, 'conflict': False}, 'negation': {'recovered': True, 'conflict': False}}",7,7,0.8865532793620213,11.52,0.0,/content/drive/MyDrive/DataForge/noise_grid_v2/outputs/05eca3e90a16aae6/clips/critical_02_baseline_r0_environment_2_15dB.wav,4e12e90c3d077728f30e95fa105b7a303002c53bad4b9a86def4bb59018f0611,/content/drive/MyDrive/DataForge/noise_masking/outputs/synthesis_cache/06c4d940de7e5f6d/a2bc0e2291980a77a9cb8214fe7602cc2386c6818bf41357e15a762bd292266f.wav,f6b244320a511a9ac7608bbb21cbc71a07e25c9a27a452e1eef80d6489338d8c,0.871063232421875,True,,1.0,HTTP WAV -> local PCMU roundtrip,after simulated phone codec,coda,celeste,https://users.rime.ai/v1/rime-tts,3.3776809616768886,3.5336991770018678,2.7006397559891924
05eca3e90a16aae62993a4e8c0622498daf075b34cb0dd9342baad1fa1a946ce,critical_02_baseline_r0_environment_2_10dB,critical_02,dev,baseline,0,environment_2_10dB,environment_2,10.0,9.999999801351564,/content/drive/.shortcut-targets-by-id/1gvOi3VP1hvG6qL4dZhVl6iPKkjXSn32n/DataForge/data/musan/noise/free-sound/noise-free-sound-0131.wav,4c75a309561d719f6d0c34738b78912ac976aa854541c6452e4e34ffcaaa3e5e,0.0,False,environmental_noise,0.0838667840138316,0.0853298430591062,0.0311816476274865,window_rms_no_wrap_v2,20ms_frames_within_40dB_of_peak_power_v1,8000,-41.49999987405964,active speech / extracted noise-window RMS; no wrapping,"Arun Shah, your Wednesday appointment is at ten fifteen a m, your payment of sixty dollars is due by June second, and your reference code is eight one six three. Do not change the address.","Arun Shah, your Wednesday appointment is at 10.15am, your payment of $60 is due by June 2nd, and your reference code is 8163. Do not change the address.",0.3142857142857143,1.0,"{'name': {'recovered': True, 'conflict': False}, 'day': {'recovered': True, 'conflict': False}, 'time': {'recovered': True, 'conflict': False}, 'date': {'recovered': True, 'conflict': False}, 'amount': {'recovered': True, 'conflict': False}, 'code': {'recovered': True, 'conflict': False}, 'negation': {'recovered': True, 'conflict': False}}",7,7,0.8351394316416255,11.52,0.0,/content/drive/MyDrive/DataForge/noise_grid_v2/outputs/05eca3e90a16aae6/clips/critical_02_baseline_r0_environment_2_10dB.wav,4dc93f76bc9b73ff5cd0369d392455897fc1b72a972b12ef4d4d5c2e7db6a55c,/content/drive/MyDrive/DataForge/noise_masking/outputs/synthesis_cache/06c4d940de7e5f6d/a2bc0e2291980a77a9cb8214fe7602cc2386c6818bf41357e15a762bd292266f.wav,f6b244320a511a9ac7608bbb21cbc71a07e25c9a27a452e1eef80d6489338d8c,0.871063232421875,True,,1.0,HTTP WAV -> local PCMU roundtrip,after simulated phone codec,coda,celeste,https://users.rime.ai/v1/rime-tts,3.4456136363348286,3.36652957035261,2.64915504414824
05eca3e90a16aae62993a4e8c0622498daf075b34cb0dd9342baad1fa1a946ce,critical_02_baseline_r0_environment_2_5dB,critical_02,dev,baseline,0,environment_2_5dB,environment_2,5.0,4.999999805299867,/content/drive/.shortcut-targets-by-id/1gvOi3VP1hvG6qL4dZhVl6iPKkjXSn32n/DataForge/data/musan/noise/free-sound/noise-free-sound-0131.wav,4c75a309561d719f6d0c34738b78912ac976aa854541c6452e4e34ffcaaa3e5e,0.0,False,environmental_noise,0.0838667840138316,0.0853298430591062,0.0554496819470483,window_rms_no_wrap_v2,20ms_frames_within_40dB_of_peak_power_v1,8000,-41.49999987405964,active speech / extracted noise-window RMS; no wrapping,"Arun Shah, your Wednesday appointment is at ten fifteen a m, your payment of sixty dollars is due by June second, and your reference code is eight one six three. Do not change the address.","Arun Shah, your Wednesday appointment is at 10.15am, your payment of $60 is due by June 2nd, and your reference code is 8163. Do not change the address.",0.3142857142857143,1.0,"{'name': {'recovered': True, 'conflict': False}, 'day': {'recovered': True, 'conflict': False}, 'time': {'recovered': True, 'conflict': False}, 'date': {'recovered': True, 'conflict': False}, 'amount': {'recovered': True, 'conflict': False}, 'code': {'recovered': True, 'conflict': False}, 'negation': {'recovered': True, 'conflict': False}}",7,7,0.7666464479184748,11.52,0.0,/content/drive/MyDrive/DataForge/noise_grid_v2/outputs/05eca3e90a16aae6/clips/critical_02_baseline_r0_environment_2_5dB.wav,c5043cefa60ef050995faae831a0f25340fc9f5c9f397fed9cf9209f03c86aaa,/content/drive/MyDrive/DataForge/noise_masking/outputs/synthesis_cache/06c4d940de7e5f6d/a2bc0e2291980a77a9cb8214fe7602cc2386c6818bf41357e15a762bd292266f.wav,f6b244320a511a9ac7608bbb21cbc71a07e25c9a27a452e1eef80d6489338d8c,0.871063232421875,True,,1.0,HTTP WAV -> local PCMU roundtrip,after simulated phone codec,coda,celeste,https://users.rime.ai/v1/rime-tts,3.521944018943166,3.322605617279084,2.715346055079762
05eca3e90a16aae62993a4e8c0622498daf075b34cb0dd9342baad1fa1a946ce,critical_02_baseline_r0_environment_2_0dB,critical_02,dev,baseline,0,environment_2_0dB,environment_2,0.0,-1.3917880864404224e-07,/content/drive/.shortcut-targets-by-id/1gvOi3VP1hvG6qL4dZhVl6iPKkjXSn32n/DataForge/data/musan/noise/free-sound/noise-free-sound-0131.wav,4c75a309561d719f6d0c34738b78912ac976aa854541c6452e4e34ffcaaa3e5e,0.0,False,environmental_noise,0.0838667840138316,0.0853298430591062,0.098605027699643,window_rms_no_wrap_v2,20ms_frames_within_40dB_of_peak_power_v1,8000,-41.49999987405964,active speech / extracted noise-window RMS; no wrapping,"Arun Shah, your Wednesday appointment is at ten fifteen a m, your payment of sixty dollars is due by June second, and your reference code is eight one six three. Do not change the address.","Arun Shah, your Wednesday appointment is at 10.15 a.m., your payment of $60 is due by June 2nd, and your reference code is 8163. Do not change the address.",0.2571428571428571,1.0,"{'name': {'recovered': True, 'conflict': False}, 'day': {'recovered': True, 'conflict': False}, 'time': {'recovered': True, 'conflict': False}, 'date': {'recovered': True, 'conflict': False}, 'amount': {'recovered': True, 'conflict': False}, 'code': {'recovered': True, 'conflict': False}, 'negation': {'recovered': True, 'conflict': False}}",7,7,0.6765769850119793,11.52,0.0,/content/drive/MyDrive/DataForge/noise_grid_v2/outputs/05eca3e90a16aae6/clips/critical_02_baseline_r0_environment_2_0dB.wav,c8d43413c4111ca521d51ddae644bbaca97ca311ca3ad9694274f7dc41bcd98f,/content/drive/MyDrive/DataForge/noise_masking/outputs/synthesis_cache/06c4d940de7e5f6d/a2bc0e2291980a77a9cb8214fe7602cc2386c6818bf41357e15a762bd292266f.wav,f6b244320a511a9ac7608bbb21cbc71a07e25c9a27a452e1eef80d6489338d8c,0.871063232421875,True,,1.0,HTTP WAV -> local PCMU roundtrip,after simulated phone codec,coda,celeste,https://users.rime.ai/v1/rime-tts,3.459842366943793,3.085773044100583,2.601375598032788
05eca3e90a16aae62993a4e8c0622498daf075b34cb0dd9342baad1fa1a946ce,critical_02_baseline_r0_environment_2_-5dB,critical_02,dev,baseline,0,environment_2_-5dB,environment_2,-5.0,-4.999999654681206,/content/drive/.shortcut-targets-by-id/1gvOi3VP1hvG6qL4dZhVl6iPKkjXSn32n/DataForge/data/musan/noise/free-sound/noise-free-sound-0131.wav,4c75a309561d719f6d0c34738b78912ac976aa854541c6452e4e34ffcaaa3e5e,0.0,False,environmental_noise,0.0838667840138316,0.0853298430591062,0.1753472904845928,window_rms_no_wrap_v2,20ms_frames_within_40dB_of_peak_power_v1,8000,-41.49999987405964,active speech / extracted noise-window RMS; no wrapping,"Arun Shah, your Wednesday appointment is at ten fifteen a m, your payment of sixty dollars is due by June second, and your reference code is eight one six three. Do not change the address.","Arun Shah, your Wednesday appointment is at 10.15 a.m. Your payment of $60 is due by June 2nd, and your reference code is 8163. Do not change the address.",0.2571428571428571,1.0,"{'name': {'recovered': True, 'conflict': False}, 'day': {'recovered': True, 'conflict': False}, 'time': {'recovered': True, 'conflict': False}, 'date': {'recovered': True, 'conflict': False}, 'amount': {'recovered': True, 'conflict': False}, 'code': {'recovered': True, 'conflict': False}, 'negation': {'recovered': True, 'conflict': False}}",7,7,0.5705937162828942,11.52,0.0,/content/drive/MyDrive/DataForge/noise_grid_v2/outputs/05eca3e90a16aae6/clips/critical_02_baseline_r0_environment_2_-5dB.wav,8a7824b19797b7292026dacc6f3d14ae5eb53ae9947cbf1fc8417c05482dfa2e,/content/drive/MyDrive/DataForge/noise_masking/outputs/synthesis_cache/06c4d940de7e5f6d/a2bc0e2291980a77a9cb8214fe7602cc2386c6818bf41357e15a762bd292266f.wav,f6b244320a511a9ac7608bbb21cbc71a07e25c9a27a452e1eef80d6489338d8c,0.871063232421875,True,,1.0,HTTP WAV -> local PCMU roundtrip,after simulated phone codec,coda,celeste,https://users.rime.ai/v1/rime-tts,2.066720498405881,1.9069206481232788,1.659587880620288
05eca3e90a16aae62993a4e8c0622498daf075b34cb0dd9342baad1fa1a946ce,critical_03_baseline_r0_clean,critical_03,dev,baseline,0,clean,clean,,,,,,False,clean,,,,window_rms_no_wrap_v2,20ms_frames_within_40dB_of_peak_power_v1,8000,-41.49999987380205,active speech / extracted noise-window RMS; no wrapping,"Nora Chen, your Friday appointment is at two forty five p m, your payment of seventy five dollars is due by July ninth, and your reference code is three nine two six. Do not cancel the booking.","Nora Chen, your Friday appointment is at 2.45 p.m. Your payment of $75 is due by July 9th and your reference code is 3926. Do not cancel the booking.",0.2972972972972973,1.0,"{'name': {'recovered': True, 'conflict': False}, 'day': {'recovered': True, 'conflict': False}, 'time': {'recovered': True, 'conflict': False}, 'date': {'recovered': True, 'conflict': False}, 'amount': {'recovered': True, 'conflict': False}, 'code': {'recovered': True, 'conflict': False}, 'negation': {'recovered': True, 'conflict': False}}",7,7,,11.52,0.0,/content/drive/MyDrive/DataForge/noise_grid_v2/outputs/05eca3e90a16aae6/clips/critical_03_baseline_r0_clean.wav,776673352f51588e34ed085083f7ec2b1daa898719cf547b7a7ebb1105df12b1,/content/drive/MyDrive/DataForge/noise_masking/outputs/synthesis_cache/06c4d940de7e5f6d/caa348afa99266347925c57aecb2b3e6f22f355d12e3a7fbdbc3fa334ad14096.wav,74e70369f9b773b566cd3b92297a5b06c763cf17494bf34cbfc5b56f5b665198,0.921844482421875,True,,1.0,HTTP WAV -> local PCMU roundtrip,after simulated phone codec,coda,celeste,https://users.rime.ai/v1/rime-tts,3.352340515616293,4.130152296526961,3.02402877044721
05eca3e90a16aae62993a4e8c0622498daf075b34cb0dd9342baad1fa1a946ce,critical_03_baseline_r0_speech_1_15dB,critical_03,dev,baseline,0,speech_1_15dB,speech_1,15.0,15.00000017900411,/content/drive/.shortcut-targets-by-id/1gvOi3VP1hvG6qL4dZhVl6iPKkjXSn32n/DataForge/data/musan/speech/librivox/speech-librivox-0004.wav,76965f20b10ce0ed48beed1670d8c5ed81182a2bc797ed5e4d7dbe24c4c58ae8,0.0,False,competing_speech,0.0918381103595235,0.1028322387877031,0.0145502587075083,window_rms_no_wrap_v2,20ms_frames_within_40dB_of_peak_power_v1,8000,-41.49999987380205,active speech / extracted noise-window RMS; no wrapping,"Nora Chen, your Friday appointment is at two forty five p m, your payment of seventy five dollars is due by July ninth, and your reference code is three nine two six. Do not cancel the booking.","Nora Chen, your Friday appointment is at 2.45pm, your payment of $75 is due by July 9th, and your reference code is 3926. Do not cancel the booking.",0.3513513513513513,1.0,"{'name': {'recovered': True, 'conflict': False}, 'day': {'recovered': True, 'conflict': False}, 'time': {'recovered': True, 'conflict': False}, 'date': {'recovered': True, 'conflict': False}, 'amount': {'recovered': True, 'conflict': False}, 'code': {'recovered': True, 'conflict': False}, 'negation': {'recovered': True, 'conflict': False}}",7,7,0.8357150394109599,11.52,0.0,/content/drive/MyDrive/DataForge/noise_grid_v2/outputs/05eca3e90a16aae6/clips/critical_03_baseline_r0_speech_1_15dB.wav,8f77cf1e1ad745f50710f926276f716ae46a2620b1d26ec9e18936865f8af609,/content/drive/MyDrive/DataForge/noise_masking/outputs/synthesis_cache/06c4d940de7e5f6d/caa348afa99266347925c57aecb2b3e6f22f355d12e3a7fbdbc3fa334ad14096.wav,74e70369f9b773b566cd3b92297a5b06c763cf17494bf34cbfc5b56f5b665198,0.921844482421875,True,,1.0,HTTP WAV -> local PCMU roundtrip,after simulated phone codec,coda,celeste,https://users.rime.ai/v1/rime-tts,3.1994404933545257,3.883693033217508,2.7523386037918622
05eca3e90a16aae62993a4e8c0622498daf075b34cb0dd9342baad1fa1a946ce,critical_03_baseline_r0_speech_1_10dB,critical_03,dev,baseline,0,speech_1_10dB,speech_1,10.0,10.000000247258956,/content/drive/.shortcut-targets-by-id/1gvOi3VP1hvG6qL4dZhVl6iPKkjXSn32n/DataForge/data/musan/speech/librivox/speech-librivox-0004.wav,76965f20b10ce0ed48beed1670d8c5ed81182a2bc797ed5e4d7dbe24c4c58ae8,0.0,False,competing_speech,0.0918381103595235,0.1028322387877031,0.0258744254703016,window_rms_no_wrap_v2,20ms_frames_within_40dB_of_peak_power_v1,8000,-41.49999987380205,active speech / extracted noise-window RMS; no wrapping,"Nora Chen, your Friday appointment is at two forty five p m, your payment of seventy five dollars is due by July ninth, and your reference code is three nine two six. Do not cancel the booking.","Nora Chen, your Friday appointment is at 2.45pm, your payment of $75 is due by July 9th, and your reference code is 3926. Do not cancel the booking.",0.3513513513513513,1.0,"{'name': {'recovered': True, 'conflict': False}, 'day': {'recovered': True, 'conflict': False}, 'time': {'recovered': True, 'conflict': False}, 'date': {'recovered': True, 'conflict': False}, 'amount': {'recovered': True, 'conflict': False}, 'code': {'recovered': True, 'conflict': False}, 'negation': {'recovered': True, 'conflict': False}}",7,7,0.7486408547533142,11.52,0.0,/content/drive/MyDrive/DataForge/noise_grid_v2/outputs/05eca3e90a16aae6/clips/critical_03_baseline_r0_speech_1_10dB.wav,92b01677b1ff1c4d719aaf543f4f1aa8d50d9a86db36a6bbb325d415677cfb6f,/content/drive/MyDrive/DataForge/noise_masking/outputs/synthesis_cache/06c4d940de7e5f6d/caa348afa99266347925c57aecb2b3e6f22f355d12e3a7fbdbc3fa334ad14096.wav,74e70369f9b773b566cd3b92297a5b06c763cf17494bf34cbfc5b56f5b665198,0.921844482421875,True,,1.0,HTTP WAV -> local PCMU roundtrip,after simulated phone codec,coda,celeste,https://users.rime.ai/v1/rime-tts,3.2062979085189807,3.664607838380935,2.6429027532957408
05eca3e90a16aae62993a4e8c0622498daf075b34cb0dd9342baad1fa1a946ce,critical_03_baseline_r0_speech_1_5dB,critical_03,dev,baseline,0,speech_1_5dB,speech_1,5.0,4.999999960113483,/content/drive/.shortcut-targets-by-id/1gvOi3VP1hvG6qL4dZhVl6iPKkjXSn32n/DataForge/data/musan/speech/librivox/speech-librivox-0004.wav,76965f20b10ce0ed48beed1670d8c5ed81182a2bc797ed5e4d7dbe24c4c58ae8,0.0,False,competing_speech,0.0918381103595235,0.1028322387877031,0.046011958060424,window_rms_no_wrap_v2,20ms_frames_within_40dB_of_peak_power_v1,8000,-41.49999987380205,active speech / extracted noise-window RMS; no wrapping,"Nora Chen, your Friday appointment is at two forty five p m, your payment of seventy five dollars is due by July ninth, and your reference code is three nine two six. Do not cancel the booking.","Norah Chen, your Friday appointment is at 2.45pm, your payment of $75 is due by July 9th, and your reference code is 3926. Do not cancel the booking.",0.3783783783783784,0.8571428571428571,"{'name': {'recovered': False, 'conflict': False}, 'day': {'recovered': True, 'conflict': False}, 'time': {'recovered': True, 'conflict': False}, 'date': {'recovered': True, 'conflict': False}, 'amount': {'recovered': True, 'conflict': False}, 'code': {'recovered': True, 'conflict': False}, 'negation': {'recovered': True, 'conflict': False}}",7,6,0.6461432923940353,11.52,0.0,/content/drive/MyDrive/DataForge/noise_grid_v2/outputs/05eca3e90a16aae6/clips/critical_03_baseline_r0_speech_1_5dB.wav,85d0afbd78b0519df53c7a2941987a809c7c958b29234e117d2a6e405d2b0247,/content/drive/MyDrive/DataForge/noise_masking/outputs/synthesis_cache/06c4d940de7e5f6d/caa348afa99266347925c57aecb2b3e6f22f355d12e3a7fbdbc3fa334ad14096.wav,74e70369f9b773b566cd3b92297a5b06c763cf17494bf34cbfc5b56f5b665198,0.921844482421875,True,,1.0,HTTP WAV -> local PCMU roundtrip,after simulated phone codec,coda,celeste,https://users.rime.ai/v1/rime-tts,3.13836861514911,3.1811893505052398,2.4058145547537944
05eca3e90a16aae62993a4e8c0622498daf075b34cb0dd9342baad1fa1a946ce,critical_03_baseline_r0_speech_1_0dB,critical_03,dev,baseline,0,speech_1_0dB,speech_1,0.0,-2.15202496596646e-07,/content/drive/.shortcut-targets-by-id/1gvOi3VP1hvG6qL4dZhVl6iPKkjXSn32n/DataForge/data/musan/speech/librivox/speech-librivox-0004.wav,76965f20b10ce0ed48beed1670d8c5ed81182a2bc797ed5e4d7dbe24c4c58ae8,0.0,False,competing_speech,0.0918381103595235,0.1028322387877031,0.0818221176344265,window_rms_no_wrap_v2,20ms_frames_within_40dB_of_peak_power_v1,8000,-41.49999987380205,active speech / extracted noise-window RMS; no wrapping,"Nora Chen, your Friday appointment is at two forty five p m, your payment of seventy five dollars is due by July ninth, and your reference code is three nine two six. Do not cancel the booking.","Norah Chen, your Friday appointment is at 2.45pm, your payment of $75 is due by July 9th, and your reference code is 3926. Do not cancel the booking.",0.3783783783783784,0.8571428571428571,"{'name': {'recovered': False, 'conflict': False}, 'day': {'recovered': True, 'conflict': False}, 'time': {'recovered': True, 'conflict': False}, 'date': {'recovered': True, 'conflict': False}, 'amount': {'recovered': True, 'conflict': False}, 'code': {'recovered': True, 'conflict': False}, 'negation': {'recovered': True, 'conflict': False}}",7,6,0.5336748090623024,11.52,0.0,/content/drive/MyDrive/DataForge/noise_grid_v2/outputs/05eca3e90a16aae6/clips/critical_03_baseline_r0_speech_1_0dB.wav,7536c60e7a9648540dfe2d60ca7c52e6bc2518fb6352653eee0228c6f3d687b1,/content/drive/MyDrive/DataForge/noise_masking/outputs/synthesis_cache/06c4d940de7e5f6d/caa348afa99266347925c57aecb2b3e6f22f355d12e3a7fbdbc3fa334ad14096.wav,74e70369f9b773b566cd3b92297a5b06c763cf17494bf34cbfc5b56f5b665198,0.921844482421875,True,,1.0,HTTP WAV -> local PCMU roundtrip,after simulated phone codec,coda,celeste,https://users.rime.ai/v1/rime-tts,3.11768254787154,3.082864500414326,2.4019002435159025
05eca3e90a16aae62993a4e8c0622498daf075b34cb0dd9342baad1fa1a946ce,critical_03_baseline_r0_speech_1_-5dB,critical_03,dev,baseline,0,speech_1_-5dB,speech_1,-5.0,-4.999999706432142,/content/drive/.shortcut-targets-by-id/1gvOi3VP1hvG6qL4dZhVl6iPKkjXSn32n/DataForge/data/musan/speech/librivox/speech-librivox-0004.wav,76965f20b10ce0ed48beed1670d8c5ed81182a2bc797ed5e4d7dbe24c4c58ae8,0.0,False,competing_speech,0.0918381103595235,0.1028322387877031,0.1455025870750834,window_rms_no_wrap_v2,20ms_frames_within_40dB_of_peak_power_v1,8000,-41.49999987380205,active speech / extracted noise-window RMS; no wrapping,"Nora Chen, your Friday appointment is at two forty five p m, your payment of seventy five dollars is due by July ninth, and your reference code is three nine two six. Do not cancel the booking.","North China, your Friday appointment is at 2.45pm, your payment at $75 is due by July 9th, and your reference code is 3926. Do not handle the question.",0.4864864864864865,0.7142857142857143,"{'name': {'recovered': False, 'conflict': False}, 'day': {'recovered': True, 'conflict': False}, 'time': {'recovered': True, 'conflict': False}, 'date': {'recovered': True, 'conflict': False}, 'amount': {'recovered': True, 'conflict': False}, 'code': {'recovered': True, 'conflict': False}, 'negation': {'recovered': False, 'conflict': False}}",7,5,0.4178787990425294,11.52,0.0,/content/drive/MyDrive/DataForge/noise_grid_v2/outputs/05eca3e90a16aae6/clips/critical_03_baseline_r0_speech_1_-5dB.wav,2c51596734006b93b6600688fa36a91c089c21722005359713ce8a744f70c52b,/content/drive/MyDrive/DataForge/noise_masking/outputs/synthesis_cache/06c4d940de7e5f6d/caa348afa99266347925c57aecb2b3e6f22f355d12e3a7fbdbc3fa334ad14096.wav,74e70369f9b773b566cd3b92297a5b06c763cf17494bf34cbfc5b56f5b665198,0.921844482421875,True,,1.0,HTTP WAV -> local PCMU roundtrip,after simulated phone codec,coda,celeste,https://users.rime.ai/v1/rime-tts,3.236815710976616,3.1438928353400173,2.5192667717124086
05eca3e90a16aae62993a4e8c0622498daf075b34cb0dd9342baad1fa1a946ce,critical_03_baseline_r0_speech_2_15dB,critical_03,dev,baseline,0,speech_2_15dB,speech_2,15.0,14.999999942220498,/content/drive/.shortcut-targets-by-id/1gvOi3VP1hvG6qL4dZhVl6iPKkjXSn32n/DataForge/data/musan/speech/librivox/speech-librivox-0003.wav,8c1370aaca2843057072ded459deb739413910e7a2c5a1f21d3e04c2b3fe4c6b,0.0,False,competing_speech,0.0861615546950171,0.0945939309799205,0.0158174595593343,window_rms_no_wrap_v2,20ms_frames_within_40dB_of_peak_power_v1,8000,-41.49999987380205,active speech / extracted noise-window RMS; no wrapping,"Nora Chen, your Friday appointment is at two forty five p m, your payment of seventy five dollars is due by July ninth, and your reference code is three nine two six. Do not cancel the booking.","Nora Chen, your Friday appointment is at 2.45 p.m. Your payment of $75 is due by July 9th, and your reference code is 3926. Do not cancel the booking.",0.2972972972972973,1.0,"{'name': {'recovered': True, 'conflict': False}, 'day': {'recovered': True, 'conflict': False}, 'time': {'recovered': True, 'conflict': False}, 'date': {'recovered': True, 'conflict': False}, 'amount': {'recovered': True, 'conflict': False}, 'code': {'recovered': True, 'conflict': False}, 'negation': {'recovered': True, 'conflict': False}}",7,7,0.8656257734518354,11.52,0.0,/content/drive/MyDrive/DataForge/noise_grid_v2/outputs/05eca3e90a16aae6/clips/critical_03_baseline_r0_speech_2_15dB.wav,7c53608ed82db3fa19e320114435d7a7873dea5db271bc25f831a2cf133f4369,/content/drive/MyDrive/DataForge/noise_masking/outputs/synthesis_cache/06c4d940de7e5f6d/caa348afa99266347925c57aecb2b3e6f22f355d12e3a7fbdbc3fa334ad14096.wav,74e70369f9b773b566cd3b92297a5b06c763cf17494bf34cbfc5b56f5b665198,0.921844482421875,True,,1.0,HTTP WAV -> local PCMU roundtrip,after simulated phone codec,coda,celeste,https://users.rime.ai/v1/rime-tts,3.2823949774223267,4.062832022650085,2.8988453937703955
05eca3e90a16aae62993a4e8c0622498daf075b34cb0dd9342baad1fa1a946ce,critical_03_baseline_r0_speech_2_10dB,critical_03,dev,baseline,0,speech_2_10dB,speech_2,10.0,10.000000158132409,/content/drive/.shortcut-targets-by-id/1gvOi3VP1hvG6qL4dZhVl6iPKkjXSn32n/DataForge/data/musan/speech/librivox/speech-librivox-0003.wav,8c1370aaca2843057072ded459deb739413910e7a2c5a1f21d3e04c2b3fe4c6b,0.0,False,competing_speech,0.0861615546950171,0.0945939309799205,0.0281278626534875,window_rms_no_wrap_v2,20ms_frames_within_40dB_of_peak_power_v1,8000,-41.49999987380205,active speech / extracted noise-window RMS; no wrapping,"Nora Chen, your Friday appointment is at two forty five p m, your payment of seventy five dollars is due by July ninth, and your reference code is three nine two six. Do not cancel the booking.","Nora Chen, your Friday appointment is at 2.45pm, your payment of $75 is due by July 9th, and your reference code is 3926. Do not cancel the booking.",0.3513513513513513,1.0,"{'name': {'recovered': True, 'conflict': False}, 'day': {'recovered': True, 'conflict': False}, 'time': {'recovered': True, 'conflict': False}, 'date': {'recovered': True, 'conflict': False}, 'amount': {'recovered': True, 'conflict': False}, 'code': {'recovered': True, 'conflict': False}, 'negation': {'recovered': True, 'conflict': False}}",7,7,0.8048281981953679,11.52,0.0,/content/drive/MyDrive/DataForge/noise_grid_v2/outputs/05eca3e90a16aae6/clips/critical_03_baseline_r0_speech_2_10dB.wav,283177009bca0fd4c3d575835d1f02a8ea2be21673ef3c25492e42827eaa3db1,/content/drive/MyDrive/DataForge/noise_masking/outputs/synthesis_cache/06c4d940de7e5f6d/caa348afa99266347925c57aecb2b3e6f22f355d12e3a7fbdbc3fa334ad14096.wav,74e70369f9b773b566cd3b92297a5b06c763cf17494bf34cbfc5b56f5b665198,0.921844482421875,True,,1.0,HTTP WAV -> local PCMU roundtrip,after simulated phone codec,coda,celeste,https://users.rime.ai/v1/rime-tts,3.187213625303142,3.741571953441945,2.676119965537378
05eca3e90a16aae62993a4e8c0622498daf075b34cb0dd9342baad1fa1a946ce,critical_03_baseline_r0_speech_2_5dB,critical_03,dev,baseline,0,speech_2_5dB,speech_2,5.0,5.000000317416495,/content/drive/.shortcut-targets-by-id/1gvOi3VP1hvG6qL4dZhVl6iPKkjXSn32n/DataForge/data/musan/speech/librivox/speech-librivox-0003.wav,8c1370aaca2843057072ded459deb739413910e7a2c5a1f21d3e04c2b3fe4c6b,0.0,False,competing_speech,0.0861615546950171,0.0945939309799205,0.0500191990050996,window_rms_no_wrap_v2,20ms_frames_within_40dB_of_peak_power_v1,8000,-41.49999987380205,active speech / extracted noise-window RMS; no wrapping,"Nora Chen, your Friday appointment is at two forty five p m, your payment of seventy five dollars is due by July ninth, and your reference code is three nine two six. Do not cancel the booking.","Nora Chen, your Friday appointment is at 2.45pm, your payment of $75 is due by July 9th, and your reference code is 3926. Do not cancel the booking.",0.3513513513513513,1.0,"{'name': {'recovered': True, 'conflict': False}, 'day': {'recovered': True, 'conflict': False}, 'time': {'recovered': True, 'conflict': False}, 'date': {'recovered': True, 'conflict': False}, 'amount': {'recovered': True, 'conflict': False}, 'code': {'recovered': True, 'conflict': False}, 'negation': {'recovered': True, 'conflict': False}}",7,7,0.731421659159553,11.52,0.0,/content/drive/MyDrive/DataForge/noise_grid_v2/outputs/05eca3e90a16aae6/clips/critical_03_baseline_r0_speech_2_5dB.wav,e0863d3bce5b87c98212ad780dd08e75e221b0983aed016487c9eb8680b8fcbe,/content/drive/MyDrive/DataForge/noise_masking/outputs/synthesis_cache/06c4d940de7e5f6d/caa348afa99266347925c57aecb2b3e6f22f355d12e3a7fbdbc3fa334ad14096.wav,74e70369f9b773b566cd3b92297a5b06c763cf17494bf34cbfc5b56f5b665198,0.921844482421875,True,,1.0,HTTP WAV -> local PCMU roundtrip,after simulated phone codec,coda,celeste,https://users.rime.ai/v1/rime-tts,3.274793810103194,3.60351841139394,2.6984958473374188
05eca3e90a16aae62993a4e8c0622498daf075b34cb0dd9342baad1fa1a946ce,critical_03_baseline_r0_speech_2_0dB,critical_03,dev,baseline,0,speech_2_0dB,speech_2,0.0,3.378837667051955e-07,/content/drive/.shortcut-targets-by-id/1gvOi3VP1hvG6qL4dZhVl6iPKkjXSn32n/DataForge/data/musan/speech/librivox/speech-librivox-0003.wav,8c1370aaca2843057072ded459deb739413910e7a2c5a1f21d3e04c2b3fe4c6b,0.0,False,competing_speech,0.0861615546950171,0.0945939309799205,0.0889481116974081,window_rms_no_wrap_v2,20ms_frames_within_40dB_of_peak_power_v1,8000,-41.49999987380205,active speech / extracted noise-window RMS; no wrapping,"Nora Chen, your Friday appointment is at two forty five p m, your payment of seventy five dollars is due by July ninth, and your reference code is three nine two six. Do not cancel the booking.","Nora Chen, your Friday appointment is at 2.45pm, your payment on $75 is due by July 9th, and your reference code is 3926. Do not cancel the booking.",0.3783783783783784,1.0,"{'name': {'recovered': True, 'conflict': False}, 'day': {'recovered': True, 'conflict': False}, 'time': {'recovered': True, 'conflict': False}, 'date': {'recovered': True, 'conflict': False}, 'amount': {'recovered': True, 'conflict': False}, 'code': {'recovered': True, 'conflict': False}, 'negation': {'recovered': True, 'conflict': False}}",7,7,0.6485499667092438,11.52,0.0,/content/drive/MyDrive/DataForge/noise_grid_v2/outputs/05eca3e90a16aae6/clips/critical_03_baseline_r0_speech_2_0dB.wav,20e44b7f32bcf7c2a963ae31da010085daee9ab86d280b8ee48333e20d83807e,/content/drive/MyDrive/DataForge/noise_masking/outputs/synthesis_cache/06c4d940de7e5f6d/caa348afa99266347925c57aecb2b3e6f22f355d12e3a7fbdbc3fa334ad14096.wav,74e70369f9b773b566cd3b92297a5b06c763cf17494bf34cbfc5b56f5b665198,0.921844482421875,True,,1.0,HTTP WAV -> local PCMU roundtrip,after simulated phone codec,coda,celeste,https://users.rime.ai/v1/rime-tts,3.2469421011769555,3.271436721585546,2.5162426809617515
05eca3e90a16aae62993a4e8c0622498daf075b34cb0dd9342baad1fa1a946ce,critical_03_baseline_r0_speech_2_-5dB,critical_03,dev,baseline,0,speech_2_-5dB,speech_2,-5.0,-4.999999651129178,/content/drive/.shortcut-targets-by-id/1gvOi3VP1hvG6qL4dZhVl6iPKkjXSn32n/DataForge/data/musan/speech/librivox/speech-librivox-0003.wav,8c1370aaca2843057072ded459deb739413910e7a2c5a1f21d3e04c2b3fe4c6b,0.0,False,competing_speech,0.0861615546950171,0.0945939309799205,0.1581745955933431,window_rms_no_wrap_v2,20ms_frames_within_40dB_of_peak_power_v1,8000,-41.49999987380205,active speech / extracted noise-window RMS; no wrapping,"Nora Chen, your Friday appointment is at two forty five p m, your payment of seventy five dollars is due by July ninth, and your reference code is three nine two six. Do not cancel the booking.","a machine that flies by the Times Dispatch, Richmond, Virginia, for the 1903 collection. This is a liber-",0.972972972972973,0.0,"{'name': {'recovered': False, 'conflict': False}, 'day': {'recovered': False, 'conflict': False}, 'time': {'recovered': False, 'conflict': False}, 'date': {'recovered': False, 'conflict': False}, 'amount': {'recovered': False, 'conflict': False}, 'code': {'recovered': False, 'conflict': False}, 'negation': {'recovered': False, 'conflict': False}}",7,0,0.5633424494506285,11.52,0.0,/content/drive/MyDrive/DataForge/noise_grid_v2/outputs/05eca3e90a16aae6/clips/critical_03_baseline_r0_speech_2_-5dB.wav,4bd1282f8765229d6b9d9d181b35a38023e1bc7a8d72b2260796488a6dda4ca2,/content/drive/MyDrive/DataForge/noise_masking/outputs/synthesis_cache/06c4d940de7e5f6d/caa348afa99266347925c57aecb2b3e6f22f355d12e3a7fbdbc3fa334ad14096.wav,74e70369f9b773b566cd3b92297a5b06c763cf17494bf34cbfc5b56f5b665198,0.921844482421875,True,,1.0,HTTP WAV -> local PCMU roundtrip,after simulated phone codec,coda,celeste,https://users.rime.ai/v1/rime-tts,3.112287742413478,3.148145597372467,2.41879954934916
05eca3e90a16aae62993a4e8c0622498daf075b34cb0dd9342baad1fa1a946ce,critical_03_baseline_r0_environment_1_15dB,critical_03,dev,baseline,0,environment_1_15dB,environment_1,15.0,15.000000046025042,/content/drive/.shortcut-targets-by-id/1gvOi3VP1hvG6qL4dZhVl6iPKkjXSn32n/DataForge/data/musan/noise/free-sound/noise-free-sound-0397.wav,381b7347876f96d6a287a55e578b9ac8f3e5d2fa4ac35d9fb7a9a52c2bdbce24,0.0,False,environmental_noise,0.0127726895944802,0.0159989222665232,0.0935210292860872,window_rms_no_wrap_v2,20ms_frames_within_40dB_of_peak_power_v1,8000,-41.49999987380205,active speech / extracted noise-window RMS; no wrapping,"Nora Chen, your Friday appointment is at two forty five p m, your payment of seventy five dollars is due by July ninth, and your reference code is three nine two six. Do not cancel the booking.","Nora Chen, your Friday appointment is at 2.45 p.m. Your payment of $75 is due by July 9th and your reference code is 3926. Do not cancel the booking.",0.2972972972972973,1.0,"{'name': {'recovered': True, 'conflict': False}, 'day': {'recovered': True, 'conflict': False}, 'time': {'recovered': True, 'conflict': False}, 'date': {'recovered': True, 'conflict': False}, 'amount': {'recovered': True, 'conflict': False}, 'code': {'recovered': True, 'conflict': False}, 'negation': {'recovered': True, 'conflict': False}}",7,7,0.8129341233585763,11.52,0.0,/content/drive/MyDrive/DataForge/noise_grid_v2/outputs/05eca3e90a16aae6/clips/critical_03_baseline_r0_environment_1_15dB.wav,1dc03facd36db0efc2121a517bb84bdea00cb35910ba51f92bcc409106e8117b,/content/drive/MyDrive/DataForge/noise_masking/outputs/synthesis_cache/06c4d940de7e5f6d/caa348afa99266347925c57aecb2b3e6f22f355d12e3a7fbdbc3fa334ad14096.wav,74e70369f9b773b566cd3b92297a5b06c763cf17494bf34cbfc5b56f5b665198,0.921844482421875,True,,1.0,HTTP WAV -> local PCMU roundtrip,after simulated phone codec,coda,celeste,https://users.rime.ai/v1/rime-tts,3.426402137602176,3.5400333147273275,2.766156797721448
05eca3e90a16aae62993a4e8c0622498daf075b34cb0dd9342baad1fa1a946ce,critical_03_baseline_r0_environment_1_10dB,critical_03,dev,baseline,0,environment_1_10dB,environment_1,10.0,9.999999760579056,/content/drive/.shortcut-targets-by-id/1gvOi3VP1hvG6qL4dZhVl6iPKkjXSn32n/DataForge/data/musan/noise/free-sound/noise-free-sound-0397.wav,381b7347876f96d6a287a55e578b9ac8f3e5d2fa4ac35d9fb7a9a52c2bdbce24,0.0,False,environmental_noise,0.0127726895944802,0.0159989222665232,0.166306520785096,window_rms_no_wrap_v2,20ms_frames_within_40dB_of_peak_power_v1,8000,-41.49999987380205,active speech / extracted noise-window RMS; no wrapping,"Nora Chen, your Friday appointment is at two forty five p m, your payment of seventy five dollars is due by July ninth, and your reference code is three nine two six. Do not cancel the booking.","Nora Chen, your Friday appointment is at 2.45 p.m. Your payment of $75 is due by July 9th and your reference code is 3926. Do not cancel the booking.",0.2972972972972973,1.0,"{'name': {'recovered': True, 'conflict': False}, 'day': {'recovered': True, 'conflict': False}, 'time': {'recovered': True, 'conflict': False}, 'date': {'recovered': True, 'conflict': False}, 'amount': {'recovered': True, 'conflict': False}, 'code': {'recovered': True, 'conflict': False}, 'negation': {'recovered': True, 'conflict': False}}",7,7,0.7451463864542229,11.52,0.0,/content/drive/MyDrive/DataForge/noise_grid_v2/outputs/05eca3e90a16aae6/clips/critical_03_baseline_r0_environment_1_10dB.wav,bee05ca3f77b045eef3ddc021e136f877ca17127d588dd93e9577d68b6b75179,/content/drive/MyDrive/DataForge/noise_masking/outputs/synthesis_cache/06c4d940de7e5f6d/caa348afa99266347925c57aecb2b3e6f22f355d12e3a7fbdbc3fa334ad14096.wav,74e70369f9b773b566cd3b92297a5b06c763cf17494bf34cbfc5b56f5b665198,0.921844482421875,True,,1.0,HTTP WAV -> local PCMU roundtrip,after simulated phone codec,coda,celeste,https://users.rime.ai/v1/rime-tts,3.3579909823411325,3.065872257344983,2.460681636761595
05eca3e90a16aae62993a4e8c0622498daf075b34cb0dd9342baad1fa1a946ce,critical_03_baseline_r0_environment_1_5dB,critical_03,dev,baseline,0,environment_1_5dB,environment_1,5.0,4.999999700440123,/content/drive/.shortcut-targets-by-id/1gvOi3VP1hvG6qL4dZhVl6iPKkjXSn32n/DataForge/data/musan/noise/free-sound/noise-free-sound-0397.wav,381b7347876f96d6a287a55e578b9ac8f3e5d2fa4ac35d9fb7a9a52c2bdbce24,0.0,False,environmental_noise,0.0127726895944802,0.0159989222665232,0.2957394616673464,window_rms_no_wrap_v2,20ms_frames_within_40dB_of_peak_power_v1,8000,-41.49999987380205,active speech / extracted noise-window RMS; no wrapping,"Nora Chen, your Friday appointment is at two forty five p m, your payment of seventy five dollars is due by July ninth, and your reference code is three nine two six. Do not cancel the booking.","Nora Chen, your Friday appointment is at 2.45pm, your payment of $75 is due by July 9th, and your reference code is 3926. Do not cancel the booking.",0.3513513513513513,1.0,"{'name': {'recovered': True, 'conflict': False}, 'day': {'recovered': True, 'conflict': False}, 'time': {'recovered': True, 'conflict': False}, 'date': {'recovered': True, 'conflict': False}, 'amount': {'recovered': True, 'conflict': False}, 'code': {'recovered': True, 'conflict': False}, 'negation': {'recovered': True, 'conflict': False}}",7,7,0.6686978370212148,11.52,0.0,/content/drive/MyDrive/DataForge/noise_grid_v2/outputs/05eca3e90a16aae6/clips/critical_03_baseline_r0_environment_1_5dB.wav,874602f18782b240eee1811413b35730909823abb0609d4de1fdfc560bd40995,/content/drive/MyDrive/DataForge/noise_masking/outputs/synthesis_cache/06c4d940de7e5f6d/caa348afa99266347925c57aecb2b3e6f22f355d12e3a7fbdbc3fa334ad14096.wav,74e70369f9b773b566cd3b92297a5b06c763cf17494bf34cbfc5b56f5b665198,0.921844482421875,True,,1.0,HTTP WAV -> local PCMU roundtrip,after simulated phone codec,coda,celeste,https://users.rime.ai/v1/rime-tts,3.284323338990069,2.6755043224420483,2.231236528272477
05eca3e90a16aae62993a4e8c0622498daf075b34cb0dd9342baad1fa1a946ce,critical_03_baseline_r0_environment_1_0dB,critical_03,dev,baseline,0,environment_1_0dB,environment_1,0.0,-2.0877437022172973e-08,/content/drive/.shortcut-targets-by-id/1gvOi3VP1hvG6qL4dZhVl6iPKkjXSn32n/DataForge/data/musan/noise/free-sound/noise-free-sound-0397.wav,381b7347876f96d6a287a55e578b9ac8f3e5d2fa4ac35d9fb7a9a52c2bdbce24,0.0,False,environmental_noise,0.0127726895944802,0.0159989222665232,0.5259073954190373,window_rms_no_wrap_v2,20ms_frames_within_40dB_of_peak_power_v1,8000,-41.49999987380205,active speech / extracted noise-window RMS; no wrapping,"Nora Chen, your Friday appointment is at two forty five p m, your payment of seventy five dollars is due by July ninth, and your reference code is three nine two six. Do not cancel the booking.","Nora Chen, your Friday appointment is at 2.45 p.m. Your payment of $75 is due by July 9th and your reference code is 3926. Do not cancel the booking.",0.2972972972972973,1.0,"{'name': {'recovered': True, 'conflict': False}, 'day': {'recovered': True, 'conflict': False}, 'time': {'recovered': True, 'conflict': False}, 'date': {'recovered': True, 'conflict': False}, 'amount': {'recovered': True, 'conflict': False}, 'code': {'recovered': True, 'conflict': False}, 'negation': {'recovered': True, 'conflict': False}}",7,7,0.5906071761570398,11.52,0.0,/content/drive/MyDrive/DataForge/noise_grid_v2/outputs/05eca3e90a16aae6/clips/critical_03_baseline_r0_environment_1_0dB.wav,5853dbb59d9feef1996471c40cccc7cfbb4159fd73f3ce4cb7b60a47ea286ce7,/content/drive/MyDrive/DataForge/noise_masking/outputs/synthesis_cache/06c4d940de7e5f6d/caa348afa99266347925c57aecb2b3e6f22f355d12e3a7fbdbc3fa334ad14096.wav,74e70369f9b773b566cd3b92297a5b06c763cf17494bf34cbfc5b56f5b665198,0.921844482421875,True,,1.0,HTTP WAV -> local PCMU roundtrip,after simulated phone codec,coda,celeste,https://users.rime.ai/v1/rime-tts,3.181038130266179,2.243696897385737,2.005210623044045
05eca3e90a16aae62993a4e8c0622498daf075b34cb0dd9342baad1fa1a946ce,critical_03_baseline_r0_environment_1_-5dB,critical_03,dev,baseline,0,environment_1_-5dB,environment_1,-5.0,-4.999999950294227,/content/drive/.shortcut-targets-by-id/1gvOi3VP1hvG6qL4dZhVl6iPKkjXSn32n/DataForge/data/musan/noise/free-sound/noise-free-sound-0397.wav,381b7347876f96d6a287a55e578b9ac8f3e5d2fa4ac35d9fb7a9a52c2bdbce24,0.0,False,environmental_noise,0.0127726895944802,0.0159989222665232,0.9352102928608722,window_rms_no_wrap_v2,20ms_frames_within_40dB_of_peak_power_v1,8000,-41.49999987380205,active speech / extracted noise-window RMS; no wrapping,"Nora Chen, your Friday appointment is at two forty five p m, your payment of seventy five dollars is due by July ninth, and your reference code is three nine two six. Do not cancel the booking.","Norah Chen, your Friday appointment is at 2.45 p.m. Your payment of $75 is due by July 9th and your reference code is 3926. Do not cancel the booking.",0.3243243243243243,0.8571428571428571,"{'name': {'recovered': False, 'conflict': False}, 'day': {'recovered': True, 'conflict': False}, 'time': {'recovered': True, 'conflict': False}, 'date': {'recovered': True, 'conflict': False}, 'amount': {'recovered': True, 'conflict': False}, 'code': {'recovered': True, 'conflict': False}, 'negation': {'recovered': True, 'conflict': False}}",7,6,0.5111207773313062,11.52,0.0,/content/drive/MyDrive/DataForge/noise_grid_v2/outputs/05eca3e90a16aae6/clips/critical_03_baseline_r0_environment_1_-5dB.wav,1d41b6d77fd821d2a4dff641bb14cf2e3a274e1395531fde9e89913f0b401961,/content/drive/MyDrive/DataForge/noise_masking/outputs/synthesis_cache/06c4d940de7e5f6d/caa348afa99266347925c57aecb2b3e6f22f355d12e3a7fbdbc3fa334ad14096.wav,74e70369f9b773b566cd3b92297a5b06c763cf17494bf34cbfc5b56f5b665198,0.921844482421875,True,,1.0,HTTP WAV -> local PCMU roundtrip,after simulated phone codec,coda,celeste,https://users.rime.ai/v1/rime-tts,2.6462125801036462,1.791993188125063,1.6916857177704567
05eca3e90a16aae62993a4e8c0622498daf075b34cb0dd9342baad1fa1a946ce,critical_03_baseline_r0_environment_2_15dB,critical_03,dev,baseline,0,environment_2_15dB,environment_2,15.0,14.999999970731896,/content/drive/.shortcut-targets-by-id/1gvOi3VP1hvG6qL4dZhVl6iPKkjXSn32n/DataForge/data/musan/noise/free-sound/noise-free-sound-0131.wav,4c75a309561d719f6d0c34738b78912ac976aa854541c6452e4e34ffcaaa3e5e,0.0,False,environmental_noise,0.0838667840138316,0.0853298430591062,0.0175347290489792,window_rms_no_wrap_v2,20ms_frames_within_40dB_of_peak_power_v1,8000,-41.49999987380205,active speech / extracted noise-window RMS; no wrapping,"Nora Chen, your Friday appointment is at two forty five p m, your payment of seventy five dollars is due by July ninth, and your reference code is three nine two six. Do not cancel the booking.","Nora Chen, your Friday appointment is at 2.45 p.m. Your payment of $75 is due by July 9th and your reference code is 3926. Do not cancel the booking.",0.2972972972972973,1.0,"{'name': {'recovered': True, 'conflict': False}, 'day': {'recovered': True, 'conflict': False}, 'time': {'recovered': True, 'conflict': False}, 'date': {'recovered': True, 'conflict': False}, 'amount': {'recovered': True, 'conflict': False}, 'code': {'recovered': True, 'conflict': False}, 'negation': {'recovered': True, 'conflict': False}}",7,7,0.8825712254323472,11.52,0.0,/content/drive/MyDrive/DataForge/noise_grid_v2/outputs/05eca3e90a16aae6/clips/critical_03_baseline_r0_environment_2_15dB.wav,7e04e15adf41ce0a1fce3b1517e689a61651ff058e7dc29e107fe1ee1c1f5eca,/content/drive/MyDrive/DataForge/noise_masking/outputs/synthesis_cache/06c4d940de7e5f6d/caa348afa99266347925c57aecb2b3e6f22f355d12e3a7fbdbc3fa334ad14096.wav,74e70369f9b773b566cd3b92297a5b06c763cf17494bf34cbfc5b56f5b665198,0.921844482421875,True,,1.0,HTTP WAV -> local PCMU roundtrip,after simulated phone codec,coda,celeste,https://users.rime.ai/v1/rime-tts,3.4479489225677846,3.6792503035859343,2.8702071199055745
05eca3e90a16aae62993a4e8c0622498daf075b34cb0dd9342baad1fa1a946ce,critical_03_baseline_r0_environment_2_10dB,critical_03,dev,baseline,0,environment_2_10dB,environment_2,10.0,9.999999801609151,/content/drive/.shortcut-targets-by-id/1gvOi3VP1hvG6qL4dZhVl6iPKkjXSn32n/DataForge/data/musan/noise/free-sound/noise-free-sound-0131.wav,4c75a309561d719f6d0c34738b78912ac976aa854541c6452e4e34ffcaaa3e5e,0.0,False,environmental_noise,0.0838667840138316,0.0853298430591062,0.0311816476284112,window_rms_no_wrap_v2,20ms_frames_within_40dB_of_peak_power_v1,8000,-41.49999987380205,active speech / extracted noise-window RMS; no wrapping,"Nora Chen, your Friday appointment is at two forty five p m, your payment of seventy five dollars is due by July ninth, and your reference code is three nine two six. Do not cancel the booking.","Nora Chen, your Friday appointment is at 2.45 pm. Your payment of $75 is due by July 9th, and your reference code is 3926. Do not cancel the booking.",0.3513513513513513,1.0,"{'name': {'recovered': True, 'conflict': False}, 'day': {'recovered': True, 'conflict': False}, 'time': {'recovered': True, 'conflict': False}, 'date': {'recovered': True, 'conflict': False}, 'amount': {'recovered': True, 'conflict': False}, 'code': {'recovered': True, 'conflict': False}, 'negation': {'recovered': True, 'conflict': False}}",7,7,0.8349709509006087,11.52,0.0,/content/drive/MyDrive/DataForge/noise_grid_v2/outputs/05eca3e90a16aae6/clips/critical_03_baseline_r0_environment_2_10dB.wav,fa8b394c22709ba3ff0f8d510f0de58f1c0f5c4338a483bcd32301bf9c7f27dd,/content/drive/MyDrive/DataForge/noise_masking/outputs/synthesis_cache/06c4d940de7e5f6d/caa348afa99266347925c57aecb2b3e6f22f355d12e3a7fbdbc3fa334ad14096.wav,74e70369f9b773b566cd3b92297a5b06c763cf17494bf34cbfc5b56f5b665198,0.921844482421875,True,,1.0,HTTP WAV -> local PCMU roundtrip,after simulated phone codec,coda,celeste,https://users.rime.ai/v1/rime-tts,3.47173463323788,3.437506629035646,2.766043178464836
05eca3e90a16aae62993a4e8c0622498daf075b34cb0dd9342baad1fa1a946ce,critical_03_baseline_r0_environment_2_5dB,critical_03,dev,baseline,0,environment_2_5dB,environment_2,5.0,4.9999998055574535,/content/drive/.shortcut-targets-by-id/1gvOi3VP1hvG6qL4dZhVl6iPKkjXSn32n/DataForge/data/musan/noise/free-sound/noise-free-sound-0131.wav,4c75a309561d719f6d0c34738b78912ac976aa854541c6452e4e34ffcaaa3e5e,0.0,False,environmental_noise,0.0838667840138316,0.0853298430591062,0.0554496819486927,window_rms_no_wrap_v2,20ms_frames_within_40dB_of_peak_power_v1,8000,-41.49999987380205,active speech / extracted noise-window RMS; no wrapping,"Nora Chen, your Friday appointment is at two forty five p m, your payment of seventy five dollars is due by July ninth, and your reference code is three nine two six. Do not cancel the booking.","More Chen, your Friday appointment is at 2.45 pm. Your payment of $75 is due by July 9th, and your reference code is 3926. Do not cancel the booking.",0.3783783783783784,0.8571428571428571,"{'name': {'recovered': False, 'conflict': False}, 'day': {'recovered': True, 'conflict': False}, 'time': {'recovered': True, 'conflict': False}, 'date': {'recovered': True, 'conflict': False}, 'amount': {'recovered': True, 'conflict': False}, 'code': {'recovered': True, 'conflict': False}, 'negation': {'recovered': True, 'conflict': False}}",7,6,0.7691676010040495,11.52,0.0,/content/drive/MyDrive/DataForge/noise_grid_v2/outputs/05eca3e90a16aae6/clips/critical_03_baseline_r0_environment_2_5dB.wav,1ad01ec4a07e7eba0bb6f7b445c776c15658dec2735a13c33298e7ea40b0f29e,/content/drive/MyDrive/DataForge/noise_masking/outputs/synthesis_cache/06c4d940de7e5f6d/caa348afa99266347925c57aecb2b3e6f22f355d12e3a7fbdbc3fa334ad14096.wav,74e70369f9b773b566cd3b92297a5b06c763cf17494bf34cbfc5b56f5b665198,0.921844482421875,True,,1.0,HTTP WAV -> local PCMU roundtrip,after simulated phone codec,coda,celeste,https://users.rime.ai/v1/rime-tts,3.5098857615887504,3.289352902339775,2.723223232987099
05eca3e90a16aae62993a4e8c0622498daf075b34cb0dd9342baad1fa1a946ce,critical_03_baseline_r0_environment_2_0dB,critical_03,dev,baseline,0,environment_2_0dB,environment_2,0.0,-1.3892122134436276e-07,/content/drive/.shortcut-targets-by-id/1gvOi3VP1hvG6qL4dZhVl6iPKkjXSn32n/DataForge/data/musan/noise/free-sound/noise-free-sound-0131.wav,4c75a309561d719f6d0c34738b78912ac976aa854541c6452e4e34ffcaaa3e5e,0.0,False,environmental_noise,0.0838667840138316,0.0853298430591062,0.0986050277025672,window_rms_no_wrap_v2,20ms_frames_within_40dB_of_peak_power_v1,8000,-41.49999987380205,active speech / extracted noise-window RMS; no wrapping,"Nora Chen, your Friday appointment is at two forty five p m, your payment of seventy five dollars is due by July ninth, and your reference code is three nine two six. Do not cancel the booking.","More Chen, your Friday appointment is at 2.45 pm. Your payment of $75 is due by July 9th, and your reference code is 3926. Do not cancel the booking.",0.3783783783783784,0.8571428571428571,"{'name': {'recovered': False, 'conflict': False}, 'day': {'recovered': True, 'conflict': False}, 'time': {'recovered': True, 'conflict': False}, 'date': {'recovered': True, 'conflict': False}, 'amount': {'recovered': True, 'conflict': False}, 'code': {'recovered': True, 'conflict': False}, 'negation': {'recovered': True, 'conflict': False}}",7,6,0.6843234275817525,11.52,0.0,/content/drive/MyDrive/DataForge/noise_grid_v2/outputs/05eca3e90a16aae6/clips/critical_03_baseline_r0_environment_2_0dB.wav,e56886cb441f6e5202c847fec15350dfcb784e48ba26352f2f89e331041aaa2b,/content/drive/MyDrive/DataForge/noise_masking/outputs/synthesis_cache/06c4d940de7e5f6d/caa348afa99266347925c57aecb2b3e6f22f355d12e3a7fbdbc3fa334ad14096.wav,74e70369f9b773b566cd3b92297a5b06c763cf17494bf34cbfc5b56f5b665198,0.921844482421875,True,,1.0,HTTP WAV -> local PCMU roundtrip,after simulated phone codec,coda,celeste,https://users.rime.ai/v1/rime-tts,3.51629019785668,3.143274933850243,2.664331563590005
05eca3e90a16aae62993a4e8c0622498daf075b34cb0dd9342baad1fa1a946ce,critical_03_baseline_r0_environment_2_-5dB,critical_03,dev,baseline,0,environment_2_-5dB,environment_2,-5.0,-4.999999654423618,/content/drive/.shortcut-targets-by-id/1gvOi3VP1hvG6qL4dZhVl6iPKkjXSn32n/DataForge/data/musan/noise/free-sound/noise-free-sound-0131.wav,4c75a309561d719f6d0c34738b78912ac976aa854541c6452e4e34ffcaaa3e5e,0.0,False,environmental_noise,0.0838667840138316,0.0853298430591062,0.1753472904897929,window_rms_no_wrap_v2,20ms_frames_within_40dB_of_peak_power_v1,8000,-41.49999987380205,active speech / extracted noise-window RMS; no wrapping,"Nora Chen, your Friday appointment is at two forty five p m, your payment of seventy five dollars is due by July ninth, and your reference code is three nine two six. Do not cancel the booking.","More Chen, your Friday appointment is at 2.45 pm. Your payment of $75 is due by July 9th, and your reference code is 3926. Do not cancel the booking.",0.3783783783783784,0.8571428571428571,"{'name': {'recovered': False, 'conflict': False}, 'day': {'recovered': True, 'conflict': False}, 'time': {'recovered': True, 'conflict': False}, 'date': {'recovered': True, 'conflict': False}, 'amount': {'recovered': True, 'conflict': False}, 'code': {'recovered': True, 'conflict': False}, 'negation': {'recovered': True, 'conflict': False}}",7,6,0.5825366558207601,11.52,0.0,/content/drive/MyDrive/DataForge/noise_grid_v2/outputs/05eca3e90a16aae6/clips/critical_03_baseline_r0_environment_2_-5dB.wav,853e4e1687ec1b3bdb6f8b48446c3a835eece538ad0c9052f41d4960ea042aca,/content/drive/MyDrive/DataForge/noise_masking/outputs/synthesis_cache/06c4d940de7e5f6d/caa348afa99266347925c57aecb2b3e6f22f355d12e3a7fbdbc3fa334ad14096.wav,74e70369f9b773b566cd3b92297a5b06c763cf17494bf34cbfc5b56f5b665198,0.921844482421875,True,,1.0,HTTP WAV -> local PCMU roundtrip,after simulated phone codec,coda,celeste,https://users.rime.ai/v1/rime-tts,2.1581885687111115,1.935275564398581,1.7189209001233632
