run_id,clip_id,text_id,split,variant,replicate,condition,noise_id,snr_db,measured_snr_db,noise_file,noise_sha256,noise_offset_s,noise_looped,noise_kind,noise_reference_rms,speech_level_method,sample_rate,speech_active_rms_dbfs,snr_definition,reference_text,transcript,wer,fact_recovery,fact_details,fact_count,facts_recovered,estoi,duration_s,format_duration_delta_s,audio_path,audio_sha256,source_audio,raw_peak,synthesis_cached,client_first_chunk_s,time_scale_factor,transport,noise_placement,model_id,speaker,endpoint,dnsmos_sig,dnsmos_bak,dnsmos_ovrl,bundle_audio_path
6bd1eb398398af0edcbe31d260e15fa71a6e5aca1c3d9abc117aef7028d71966,critical_01_baseline_r0_clean,critical_01,dev,baseline,0,clean,clean,,,,,,False,clean,,20ms_frames_within_40dB_of_peak_power_v1,8000,-26.000000005105246,active speech / full source noise RMS; fixed gain,"Mira Patel, your Tuesday appointment is at three thirty p m, your payment of forty five dollars is due by May fourteenth, and your reference code is seven two nine four. Do not cancel the appointment.","Mira Patel, your Tuesday appointment is at 3.30 p.m. Your payment of $45 is due by May 14th and your reference code is 7294. Do not cancel the appointment.",0.2777777777777778,1.0,"{'name': {'recovered': True, 'conflict': False}, 'day': {'recovered': True, 'conflict': False}, 'time': {'recovered': True, 'conflict': False}, 'date': {'recovered': True, 'conflict': False}, 'amount': {'recovered': True, 'conflict': False}, 'code': {'recovered': True, 'conflict': False}, 'negation': {'recovered': True, 'conflict': False}}",7,7,,13.44,0.0,/content/drive/MyDrive/DataForge/noise_masking/outputs/6bd1eb398398af0e/clips/critical_01_baseline_r0_clean.wav,25d4a125d984e0423c76e66e31fd8c5fa1bf0a0ea817ed1b97c6c164471a2cd4,/content/drive/MyDrive/DataForge/noise_masking/outputs/synthesis_cache/06c4d940de7e5f6d/52f91493285066490881d3f45313338a67296ef2c4d868c13ca0e147249e3adc.wav,0.894500732421875,True,,1.0,HTTP WAV -> local PCMU roundtrip,after simulated phone codec,coda,celeste,https://users.rime.ai/v1/rime-tts,3.668778016812354,4.179113703130144,3.4193765791040933,clips/critical_01_baseline_r0_clean.wav
6bd1eb398398af0edcbe31d260e15fa71a6e5aca1c3d9abc117aef7028d71966,critical_01_baseline_r0_competing_speech_-5dB,critical_01,dev,baseline,0,competing_speech_-5dB,competing_speech,-5.0,-3.5518809024551934,/content/drive/MyDrive/DataForge/data/musan/speech/librivox/speech-librivox-0001.wav,aa31bcba6049760ee64468437cc11a3d9359a71310f403c27d69ca2f25e9ed12,0.0,False,competing_speech,0.09213103895932805,20ms_frames_within_40dB_of_peak_power_v1,8000,-26.000000005105246,active speech / full source noise RMS; fixed gain,"Mira Patel, your Tuesday appointment is at three thirty p m, your payment of forty five dollars is due by May fourteenth, and your reference code is seven two nine four. Do not cancel the appointment.","Mira Patel, your Tuesday appointment is at 3 a.m. Your payment of $45 is due by May 4th, and your reference code is 7294. Do not cancel the appointment.",0.3055555555555556,0.7142857142857143,"{'name': {'recovered': True, 'conflict': False}, 'day': {'recovered': True, 'conflict': False}, 'time': {'recovered': False, 'conflict': False}, 'date': {'recovered': False, 'conflict': False}, 'amount': {'recovered': True, 'conflict': False}, 'code': {'recovered': True, 'conflict': False}, 'negation': {'recovered': True, 'conflict': False}}",7,5,0.5752663504930434,13.44,0.0,/content/drive/MyDrive/DataForge/noise_masking/outputs/6bd1eb398398af0e/clips/critical_01_baseline_r0_competing_speech_-5dB.wav,38294ea3a99330413d4d5ddebfddc7965202e69e49df0d59e6e79ade5ef4d56a,/content/drive/MyDrive/DataForge/noise_masking/outputs/synthesis_cache/06c4d940de7e5f6d/52f91493285066490881d3f45313338a67296ef2c4d868c13ca0e147249e3adc.wav,0.894500732421875,True,,1.0,HTTP WAV -> local PCMU roundtrip,after simulated phone codec,coda,celeste,https://users.rime.ai/v1/rime-tts,3.56058183840011,3.503153678793345,2.983476747202262,clips/critical_01_baseline_r0_competing_speech_-5dB.wav
6bd1eb398398af0edcbe31d260e15fa71a6e5aca1c3d9abc117aef7028d71966,critical_01_baseline_r0_competing_speech_0dB,critical_01,dev,baseline,0,competing_speech_0dB,competing_speech,0.0,1.4481190829692745,/content/drive/MyDrive/DataForge/data/musan/speech/librivox/speech-librivox-0001.wav,aa31bcba6049760ee64468437cc11a3d9359a71310f403c27d69ca2f25e9ed12,0.0,False,competing_speech,0.09213103895932805,20ms_frames_within_40dB_of_peak_power_v1,8000,-26.000000005105246,active speech / full source noise RMS; fixed gain,"Mira Patel, your Tuesday appointment is at three thirty p m, your payment of forty five dollars is due by May fourteenth, and your reference code is seven two nine four. Do not cancel the appointment.","Mira Patel, your Tuesday appointment is at 3.30 pm. Your payment of $45 is due by May 14 and your reference code is 7294. Do not cancel the appointment.",0.3333333333333333,1.0,"{'name': {'recovered': True, 'conflict': False}, 'day': {'recovered': True, 'conflict': False}, 'time': {'recovered': True, 'conflict': False}, 'date': {'recovered': True, 'conflict': False}, 'amount': {'recovered': True, 'conflict': False}, 'code': {'recovered': True, 'conflict': False}, 'negation': {'recovered': True, 'conflict': False}}",7,7,0.6502722516839343,13.44,0.0,/content/drive/MyDrive/DataForge/noise_masking/outputs/6bd1eb398398af0e/clips/critical_01_baseline_r0_competing_speech_0dB.wav,774731b11118d98c0d595260170f15402433ffcb57e65e2b462c1deb0887a9d8,/content/drive/MyDrive/DataForge/noise_masking/outputs/synthesis_cache/06c4d940de7e5f6d/52f91493285066490881d3f45313338a67296ef2c4d868c13ca0e147249e3adc.wav,0.894500732421875,True,,1.0,HTTP WAV -> local PCMU roundtrip,after simulated phone codec,coda,celeste,https://users.rime.ai/v1/rime-tts,3.4832909287584877,3.407917951814281,2.846908266187797,clips/critical_01_baseline_r0_competing_speech_0dB.wav
6bd1eb398398af0edcbe31d260e15fa71a6e5aca1c3d9abc117aef7028d71966,critical_01_baseline_r0_environment_-5dB,critical_01,dev,baseline,0,environment_-5dB,environment,-5.0,-5.121378290966932,/content/drive/MyDrive/DataForge/data/musan/noise/free-sound/noise-free-sound-0000.wav,38624671753649af38f97b5872463017badcb3e29411787a95f6f2beb9edbfec,0.0,False,traffic_or_machinery,0.3141879970145505,20ms_frames_within_40dB_of_peak_power_v1,8000,-26.000000005105246,active speech / full source noise RMS; fixed gain,"Mira Patel, your Tuesday appointment is at three thirty p m, your payment of forty five dollars is due by May fourteenth, and your reference code is seven two nine four. Do not cancel the appointment.","Mira Patel, your Tuesday appointment is at 3.30 pm, your payment of $45 is due by May 14, and your reference code is 7294. Do not cancel the appointment.",0.3333333333333333,1.0,"{'name': {'recovered': True, 'conflict': False}, 'day': {'recovered': True, 'conflict': False}, 'time': {'recovered': True, 'conflict': False}, 'date': {'recovered': True, 'conflict': False}, 'amount': {'recovered': True, 'conflict': False}, 'code': {'recovered': True, 'conflict': False}, 'negation': {'recovered': True, 'conflict': False}}",7,7,0.4968006308800942,13.44,0.0,/content/drive/MyDrive/DataForge/noise_masking/outputs/6bd1eb398398af0e/clips/critical_01_baseline_r0_environment_-5dB.wav,4c1dbc80440684f0e7c86957ad290c0a40e78021d1555b9ca813446e8b8601fe,/content/drive/MyDrive/DataForge/noise_masking/outputs/synthesis_cache/06c4d940de7e5f6d/52f91493285066490881d3f45313338a67296ef2c4d868c13ca0e147249e3adc.wav,0.894500732421875,True,,1.0,HTTP WAV -> local PCMU roundtrip,after simulated phone codec,coda,celeste,https://users.rime.ai/v1/rime-tts,3.507506126199096,2.3021480300632158,2.392832757108768,clips/critical_01_baseline_r0_environment_-5dB.wav
6bd1eb398398af0edcbe31d260e15fa71a6e5aca1c3d9abc117aef7028d71966,critical_01_baseline_r0_environment_0dB,critical_01,dev,baseline,0,environment_0dB,environment,0.0,-0.12137799203680653,/content/drive/MyDrive/DataForge/data/musan/noise/free-sound/noise-free-sound-0000.wav,38624671753649af38f97b5872463017badcb3e29411787a95f6f2beb9edbfec,0.0,False,traffic_or_machinery,0.3141879970145505,20ms_frames_within_40dB_of_peak_power_v1,8000,-26.000000005105246,active speech / full source noise RMS; fixed gain,"Mira Patel, your Tuesday appointment is at three thirty p m, your payment of forty five dollars is due by May fourteenth, and your reference code is seven two nine four. Do not cancel the appointment.","Mira Patel, your Tuesday appointment is at 3.30 p.m., your payment of $45 is due by May 14, and your reference code is 7294. Do not cancel the appointment.",0.2777777777777778,1.0,"{'name': {'recovered': True, 'conflict': False}, 'day': {'recovered': True, 'conflict': False}, 'time': {'recovered': True, 'conflict': False}, 'date': {'recovered': True, 'conflict': False}, 'amount': {'recovered': True, 'conflict': False}, 'code': {'recovered': True, 'conflict': False}, 'negation': {'recovered': True, 'conflict': False}}",7,7,0.6043056981006589,13.44,0.0,/content/drive/MyDrive/DataForge/noise_masking/outputs/6bd1eb398398af0e/clips/critical_01_baseline_r0_environment_0dB.wav,2f1c9dc123e721f8ac435abaee5429aa733ffab9e2e9a5f0521bfc1a442e915b,/content/drive/MyDrive/DataForge/noise_masking/outputs/synthesis_cache/06c4d940de7e5f6d/52f91493285066490881d3f45313338a67296ef2c4d868c13ca0e147249e3adc.wav,0.894500732421875,True,,1.0,HTTP WAV -> local PCMU roundtrip,after simulated phone codec,coda,celeste,https://users.rime.ai/v1/rime-tts,3.571788452054215,2.5320541845127993,2.5581827437771145,clips/critical_01_baseline_r0_environment_0dB.wav
6bd1eb398398af0edcbe31d260e15fa71a6e5aca1c3d9abc117aef7028d71966,critical_01_baseline_r1_clean,critical_01,dev,baseline,1,clean,clean,,,,,,False,clean,,20ms_frames_within_40dB_of_peak_power_v1,8000,-25.999999992019063,active speech / full source noise RMS; fixed gain,"Mira Patel, your Tuesday appointment is at three thirty p m, your payment of forty five dollars is due by May fourteenth, and your reference code is seven two nine four. Do not cancel the appointment.","Mira Patel, your Tuesday appointment is at 3.30 pm, your payment of $45 is due by May 14, and your reference code is 7294. Do not cancel the appointment.",0.3333333333333333,1.0,"{'name': {'recovered': True, 'conflict': False}, 'day': {'recovered': True, 'conflict': False}, 'time': {'recovered': True, 'conflict': False}, 'date': {'recovered': True, 'conflict': False}, 'amount': {'recovered': True, 'conflict': False}, 'code': {'recovered': True, 'conflict': False}, 'negation': {'recovered': True, 'conflict': False}}",7,7,,12.88,0.0,/content/drive/MyDrive/DataForge/noise_masking/outputs/6bd1eb398398af0e/clips/critical_01_baseline_r1_clean.wav,d2070c0f32995885e0ad58aff26cebf279cb759d752db8fe70d09d45a157c369,/content/drive/MyDrive/DataForge/noise_masking/outputs/synthesis_cache/06c4d940de7e5f6d/af85d75b3d4cd961810df5535e75cd61395ba8d4e2c4a1fcb0939d5e0f7efd00.wav,0.808563232421875,True,,1.0,HTTP WAV -> local PCMU roundtrip,after simulated phone codec,coda,celeste,https://users.rime.ai/v1/rime-tts,3.6256482630257714,4.142711113747155,3.3614013373955265,clips/critical_01_baseline_r1_clean.wav
6bd1eb398398af0edcbe31d260e15fa71a6e5aca1c3d9abc117aef7028d71966,critical_01_baseline_r1_competing_speech_-5dB,critical_01,dev,baseline,1,competing_speech_-5dB,competing_speech,-5.0,-3.4099570507074013,/content/drive/MyDrive/DataForge/data/musan/speech/librivox/speech-librivox-0001.wav,aa31bcba6049760ee64468437cc11a3d9359a71310f403c27d69ca2f25e9ed12,0.0,False,competing_speech,0.09213103895932805,20ms_frames_within_40dB_of_peak_power_v1,8000,-25.999999992019063,active speech / full source noise RMS; fixed gain,"Mira Patel, your Tuesday appointment is at three thirty p m, your payment of forty five dollars is due by May fourteenth, and your reference code is seven two nine four. Do not cancel the appointment.","Mira Patel, your Tuesday appointment is at 3 p.m. Section 51 by Walt Whitman. Read for LibriVox.org by Alan Davis Gray. Do not cancel the appointment.",0.5833333333333334,0.42857142857142855,"{'name': {'recovered': True, 'conflict': False}, 'day': {'recovered': True, 'conflict': False}, 'time': {'recovered': False, 'conflict': False}, 'date': {'recovered': False, 'conflict': False}, 'amount': {'recovered': False, 'conflict': False}, 'code': {'recovered': False, 'conflict': False}, 'negation': {'recovered': True, 'conflict': False}}",7,3,0.5692740176996668,12.88,0.0,/content/drive/MyDrive/DataForge/noise_masking/outputs/6bd1eb398398af0e/clips/critical_01_baseline_r1_competing_speech_-5dB.wav,285f137cc6b53fd3028783be70cac344b9bc4482830804b61aba387a7c60597f,/content/drive/MyDrive/DataForge/noise_masking/outputs/synthesis_cache/06c4d940de7e5f6d/af85d75b3d4cd961810df5535e75cd61395ba8d4e2c4a1fcb0939d5e0f7efd00.wav,0.808563232421875,True,,1.0,HTTP WAV -> local PCMU roundtrip,after simulated phone codec,coda,celeste,https://users.rime.ai/v1/rime-tts,3.4990968812879015,3.72285420306153,3.0521684123546957,clips/critical_01_baseline_r1_competing_speech_-5dB.wav
6bd1eb398398af0edcbe31d260e15fa71a6e5aca1c3d9abc117aef7028d71966,critical_01_baseline_r1_competing_speech_0dB,critical_01,dev,baseline,1,competing_speech_0dB,competing_speech,0.0,1.590042934481433,/content/drive/MyDrive/DataForge/data/musan/speech/librivox/speech-librivox-0001.wav,aa31bcba6049760ee64468437cc11a3d9359a71310f403c27d69ca2f25e9ed12,0.0,False,competing_speech,0.09213103895932805,20ms_frames_within_40dB_of_peak_power_v1,8000,-25.999999992019063,active speech / full source noise RMS; fixed gain,"Mira Patel, your Tuesday appointment is at three thirty p m, your payment of forty five dollars is due by May fourteenth, and your reference code is seven two nine four. Do not cancel the appointment.","Mira Patel, your Tuesday appointment is at 3.30 pm. The payment of $45 is due by May 14 and your reference code is 7294. Do not cancel the appointment.",0.3611111111111111,1.0,"{'name': {'recovered': True, 'conflict': False}, 'day': {'recovered': True, 'conflict': False}, 'time': {'recovered': True, 'conflict': False}, 'date': {'recovered': True, 'conflict': False}, 'amount': {'recovered': True, 'conflict': False}, 'code': {'recovered': True, 'conflict': False}, 'negation': {'recovered': True, 'conflict': False}}",7,7,0.6554469108641201,12.88,0.0,/content/drive/MyDrive/DataForge/noise_masking/outputs/6bd1eb398398af0e/clips/critical_01_baseline_r1_competing_speech_0dB.wav,212c1590306172b04e85cc7ab36a7f4a32fc6defc82c4d64abb8bc63bc336ea5,/content/drive/MyDrive/DataForge/noise_masking/outputs/synthesis_cache/06c4d940de7e5f6d/af85d75b3d4cd961810df5535e75cd61395ba8d4e2c4a1fcb0939d5e0f7efd00.wav,0.808563232421875,True,,1.0,HTTP WAV -> local PCMU roundtrip,after simulated phone codec,coda,celeste,https://users.rime.ai/v1/rime-tts,3.4828472184358157,3.0753141186290716,2.711368394385228,clips/critical_01_baseline_r1_competing_speech_0dB.wav
6bd1eb398398af0edcbe31d260e15fa71a6e5aca1c3d9abc117aef7028d71966,critical_01_baseline_r1_environment_-5dB,critical_01,dev,baseline,1,environment_-5dB,environment,-5.0,-5.050560348860546,/content/drive/MyDrive/DataForge/data/musan/noise/free-sound/noise-free-sound-0000.wav,38624671753649af38f97b5872463017badcb3e29411787a95f6f2beb9edbfec,0.0,False,traffic_or_machinery,0.3141879970145505,20ms_frames_within_40dB_of_peak_power_v1,8000,-25.999999992019063,active speech / full source noise RMS; fixed gain,"Mira Patel, your Tuesday appointment is at three thirty p m, your payment of forty five dollars is due by May fourteenth, and your reference code is seven two nine four. Do not cancel the appointment.","Mira Patel, your Tuesday appointment is at 3.30 pm. Your payment of $45 is due by May 14 and your reference code is 7294. Do not cancel the appointment.",0.3333333333333333,1.0,"{'name': {'recovered': True, 'conflict': False}, 'day': {'recovered': True, 'conflict': False}, 'time': {'recovered': True, 'conflict': False}, 'date': {'recovered': True, 'conflict': False}, 'amount': {'recovered': True, 'conflict': False}, 'code': {'recovered': True, 'conflict': False}, 'negation': {'recovered': True, 'conflict': False}}",7,7,0.4980988845161263,12.88,0.0,/content/drive/MyDrive/DataForge/noise_masking/outputs/6bd1eb398398af0e/clips/critical_01_baseline_r1_environment_-5dB.wav,aad0ceba41cbfcf522874f5e549a9646db5cdf17167b432a3407efff65a35761,/content/drive/MyDrive/DataForge/noise_masking/outputs/synthesis_cache/06c4d940de7e5f6d/af85d75b3d4cd961810df5535e75cd61395ba8d4e2c4a1fcb0939d5e0f7efd00.wav,0.808563232421875,True,,1.0,HTTP WAV -> local PCMU roundtrip,after simulated phone codec,coda,celeste,https://users.rime.ai/v1/rime-tts,3.5685884480029073,2.501335818528433,2.536497456692996,clips/critical_01_baseline_r1_environment_-5dB.wav
6bd1eb398398af0edcbe31d260e15fa71a6e5aca1c3d9abc117aef7028d71966,critical_01_baseline_r1_environment_0dB,critical_01,dev,baseline,1,environment_0dB,environment,0.0,-0.05056005030979828,/content/drive/MyDrive/DataForge/data/musan/noise/free-sound/noise-free-sound-0000.wav,38624671753649af38f97b5872463017badcb3e29411787a95f6f2beb9edbfec,0.0,False,traffic_or_machinery,0.3141879970145505,20ms_frames_within_40dB_of_peak_power_v1,8000,-25.999999992019063,active speech / full source noise RMS; fixed gain,"Mira Patel, your Tuesday appointment is at three thirty p m, your payment of forty five dollars is due by May fourteenth, and your reference code is seven two nine four. Do not cancel the appointment.","Mira Patel, your Tuesday appointment is at 3.30pm, your payment of $45 is due by May 14th, and your reference code is 7294. Do not cancel the appointment.",0.3333333333333333,1.0,"{'name': {'recovered': True, 'conflict': False}, 'day': {'recovered': True, 'conflict': False}, 'time': {'recovered': True, 'conflict': False}, 'date': {'recovered': True, 'conflict': False}, 'amount': {'recovered': True, 'conflict': False}, 'code': {'recovered': True, 'conflict': False}, 'negation': {'recovered': True, 'conflict': False}}",7,7,0.6052104609813626,12.88,0.0,/content/drive/MyDrive/DataForge/noise_masking/outputs/6bd1eb398398af0e/clips/critical_01_baseline_r1_environment_0dB.wav,637bfa300dcaed2b299d01d09f19dd9ab70151ee386ed4a999992094e9f67657,/content/drive/MyDrive/DataForge/noise_masking/outputs/synthesis_cache/06c4d940de7e5f6d/af85d75b3d4cd961810df5535e75cd61395ba8d4e2c4a1fcb0939d5e0f7efd00.wav,0.808563232421875,True,,1.0,HTTP WAV -> local PCMU roundtrip,after simulated phone codec,coda,celeste,https://users.rime.ai/v1/rime-tts,3.5501325488483726,2.6924038084266986,2.6341555796547165,clips/critical_01_baseline_r1_environment_0dB.wav
6bd1eb398398af0edcbe31d260e15fa71a6e5aca1c3d9abc117aef7028d71966,critical_02_baseline_r0_clean,critical_02,dev,baseline,0,clean,clean,,,,,,False,clean,,20ms_frames_within_40dB_of_peak_power_v1,8000,-25.9999997178793,active speech / full source noise RMS; fixed gain,"Arun Shah, your Wednesday appointment is at ten fifteen a m, your payment of sixty dollars is due by June second, and your reference code is eight one six three. Do not change the address.","Arun Shah, your Wednesday appointment is at 10.15am, your payment of $60 is due by June 2nd, and your reference code is 8163. Do not change the address.",0.3142857142857143,1.0,"{'name': {'recovered': True, 'conflict': False}, 'day': {'recovered': True, 'conflict': False}, 'time': {'recovered': True, 'conflict': False}, 'date': {'recovered': True, 'conflict': False}, 'amount': {'recovered': True, 'conflict': False}, 'code': {'recovered': True, 'conflict': False}, 'negation': {'recovered': True, 'conflict': False}}",7,7,,11.52,0.0,/content/drive/MyDrive/DataForge/noise_masking/outputs/6bd1eb398398af0e/clips/critical_02_baseline_r0_clean.wav,d33ee0d0f3617bad07c1a04a1bb7b56f1e014aaf39a75abb5d58cf85a5c4a417,/content/drive/MyDrive/DataForge/noise_masking/outputs/synthesis_cache/06c4d940de7e5f6d/a2bc0e2291980a77a9cb8214fe7602cc2386c6818bf41357e15a762bd292266f.wav,0.871063232421875,True,,1.0,HTTP WAV -> local PCMU roundtrip,after simulated phone codec,coda,celeste,https://users.rime.ai/v1/rime-tts,3.5443515361129037,4.088601209610861,3.2388201790289437,clips/critical_02_baseline_r0_clean.wav
6bd1eb398398af0edcbe31d260e15fa71a6e5aca1c3d9abc117aef7028d71966,critical_02_baseline_r0_competing_speech_-5dB,critical_02,dev,baseline,0,competing_speech_-5dB,competing_speech,-5.0,-3.865753749574897,/content/drive/MyDrive/DataForge/data/musan/speech/librivox/speech-librivox-0001.wav,aa31bcba6049760ee64468437cc11a3d9359a71310f403c27d69ca2f25e9ed12,0.0,False,competing_speech,0.09213103895932805,20ms_frames_within_40dB_of_peak_power_v1,8000,-25.9999997178793,active speech / full source noise RMS; fixed gain,"Arun Shah, your Wednesday appointment is at ten fifteen a m, your payment of sixty dollars is due by June second, and your reference code is eight one six three. Do not change the address.","Arun Shah, your Wednesday appointment is at 10.15 a.m. The payment of $60 is paid by June 2nd. Your reference code is 8163. Do not change the address.",0.34285714285714286,1.0,"{'name': {'recovered': True, 'conflict': False}, 'day': {'recovered': True, 'conflict': False}, 'time': {'recovered': True, 'conflict': False}, 'date': {'recovered': True, 'conflict': False}, 'amount': {'recovered': True, 'conflict': False}, 'code': {'recovered': True, 'conflict': False}, 'negation': {'recovered': True, 'conflict': False}}",7,7,0.4915969135916565,11.52,0.0,/content/drive/MyDrive/DataForge/noise_masking/outputs/6bd1eb398398af0e/clips/critical_02_baseline_r0_competing_speech_-5dB.wav,db11eac0f1d09005272373791ac326b3cb0f1ca7901df22405571c4f1ab222b6,/content/drive/MyDrive/DataForge/noise_masking/outputs/synthesis_cache/06c4d940de7e5f6d/a2bc0e2291980a77a9cb8214fe7602cc2386c6818bf41357e15a762bd292266f.wav,0.871063232421875,True,,1.0,HTTP WAV -> local PCMU roundtrip,after simulated phone codec,coda,celeste,https://users.rime.ai/v1/rime-tts,3.4502540436370097,3.4903012294318008,2.893846907043509,clips/critical_02_baseline_r0_competing_speech_-5dB.wav
6bd1eb398398af0edcbe31d260e15fa71a6e5aca1c3d9abc117aef7028d71966,critical_02_baseline_r0_competing_speech_0dB,critical_02,dev,baseline,0,competing_speech_0dB,competing_speech,0.0,1.134246767443515,/content/drive/MyDrive/DataForge/data/musan/speech/librivox/speech-librivox-0001.wav,aa31bcba6049760ee64468437cc11a3d9359a71310f403c27d69ca2f25e9ed12,0.0,False,competing_speech,0.09213103895932805,20ms_frames_within_40dB_of_peak_power_v1,8000,-25.9999997178793,active speech / full source noise RMS; fixed gain,"Arun Shah, your Wednesday appointment is at ten fifteen a m, your payment of sixty dollars is due by June second, and your reference code is eight one six three. Do not change the address.","Arun Shah, your Wednesday appointment is at 10.15am, your payment of $60 is due by June 2nd, and your reference code is 8163. Do not change the address.",0.3142857142857143,1.0,"{'name': {'recovered': True, 'conflict': False}, 'day': {'recovered': True, 'conflict': False}, 'time': {'recovered': True, 'conflict': False}, 'date': {'recovered': True, 'conflict': False}, 'amount': {'recovered': True, 'conflict': False}, 'code': {'recovered': True, 'conflict': False}, 'negation': {'recovered': True, 'conflict': False}}",7,7,0.5715967969696604,11.52,0.0,/content/drive/MyDrive/DataForge/noise_masking/outputs/6bd1eb398398af0e/clips/critical_02_baseline_r0_competing_speech_0dB.wav,ca4b42be917cf37b24f06c8da76becb1f8721ab17ba15ba15fa96ce7e74e4660,/content/drive/MyDrive/DataForge/noise_masking/outputs/synthesis_cache/06c4d940de7e5f6d/a2bc0e2291980a77a9cb8214fe7602cc2386c6818bf41357e15a762bd292266f.wav,0.871063232421875,True,,1.0,HTTP WAV -> local PCMU roundtrip,after simulated phone codec,coda,celeste,https://users.rime.ai/v1/rime-tts,3.3969937063279336,3.4663500914838945,2.8284598409167594,clips/critical_02_baseline_r0_competing_speech_0dB.wav
6bd1eb398398af0edcbe31d260e15fa71a6e5aca1c3d9abc117aef7028d71966,critical_02_baseline_r0_environment_-5dB,critical_02,dev,baseline,0,environment_-5dB,environment,-5.0,-4.867810523239282,/content/drive/MyDrive/DataForge/data/musan/noise/free-sound/noise-free-sound-0000.wav,38624671753649af38f97b5872463017badcb3e29411787a95f6f2beb9edbfec,0.0,False,traffic_or_machinery,0.3141879970145505,20ms_frames_within_40dB_of_peak_power_v1,8000,-25.9999997178793,active speech / full source noise RMS; fixed gain,"Arun Shah, your Wednesday appointment is at ten fifteen a m, your payment of sixty dollars is due by June second, and your reference code is eight one six three. Do not change the address.","Arun Shah, your Wednesday appointment is at 10.15am, your payment of $60 is due by June 2nd, and your reference code is 8163. Do not change the address.",0.3142857142857143,1.0,"{'name': {'recovered': True, 'conflict': False}, 'day': {'recovered': True, 'conflict': False}, 'time': {'recovered': True, 'conflict': False}, 'date': {'recovered': True, 'conflict': False}, 'amount': {'recovered': True, 'conflict': False}, 'code': {'recovered': True, 'conflict': False}, 'negation': {'recovered': True, 'conflict': False}}",7,7,0.4789103844574525,11.52,0.0,/content/drive/MyDrive/DataForge/noise_masking/outputs/6bd1eb398398af0e/clips/critical_02_baseline_r0_environment_-5dB.wav,1e76eb0fd18ef2d207d4811af75309043bf0c60986d996e006618424c351826f,/content/drive/MyDrive/DataForge/noise_masking/outputs/synthesis_cache/06c4d940de7e5f6d/a2bc0e2291980a77a9cb8214fe7602cc2386c6818bf41357e15a762bd292266f.wav,0.871063232421875,True,,1.0,HTTP WAV -> local PCMU roundtrip,after simulated phone codec,coda,celeste,https://users.rime.ai/v1/rime-tts,2.4983334909820423,1.910344405476683,1.7990503893318728,clips/critical_02_baseline_r0_environment_-5dB.wav
6bd1eb398398af0edcbe31d260e15fa71a6e5aca1c3d9abc117aef7028d71966,critical_02_baseline_r0_environment_0dB,critical_02,dev,baseline,0,environment_0dB,environment,0.0,0.1321889638489959,/content/drive/MyDrive/DataForge/data/musan/noise/free-sound/noise-free-sound-0000.wav,38624671753649af38f97b5872463017badcb3e29411787a95f6f2beb9edbfec,0.0,False,traffic_or_machinery,0.3141879970145505,20ms_frames_within_40dB_of_peak_power_v1,8000,-25.9999997178793,active speech / full source noise RMS; fixed gain,"Arun Shah, your Wednesday appointment is at ten fifteen a m, your payment of sixty dollars is due by June second, and your reference code is eight one six three. Do not change the address.","Arun Shah, your Wednesday appointment is at 10.15am, your payment of $60 is due by June 2nd, and your reference code is 8163. Do not change the address.",0.3142857142857143,1.0,"{'name': {'recovered': True, 'conflict': False}, 'day': {'recovered': True, 'conflict': False}, 'time': {'recovered': True, 'conflict': False}, 'date': {'recovered': True, 'conflict': False}, 'amount': {'recovered': True, 'conflict': False}, 'code': {'recovered': True, 'conflict': False}, 'negation': {'recovered': True, 'conflict': False}}",7,7,0.5864333953998335,11.52,0.0,/content/drive/MyDrive/DataForge/noise_masking/outputs/6bd1eb398398af0e/clips/critical_02_baseline_r0_environment_0dB.wav,4976336cb8b3d1e36f6e498c2fa2d69db3829eb4d65dde4ce794d42ffcb22fc4,/content/drive/MyDrive/DataForge/noise_masking/outputs/synthesis_cache/06c4d940de7e5f6d/a2bc0e2291980a77a9cb8214fe7602cc2386c6818bf41357e15a762bd292266f.wav,0.871063232421875,True,,1.0,HTTP WAV -> local PCMU roundtrip,after simulated phone codec,coda,celeste,https://users.rime.ai/v1/rime-tts,3.1745778834827125,2.5251887301504086,2.364556843555332,clips/critical_02_baseline_r0_environment_0dB.wav
6bd1eb398398af0edcbe31d260e15fa71a6e5aca1c3d9abc117aef7028d71966,critical_02_baseline_r1_clean,critical_02,dev,baseline,1,clean,clean,,,,,,False,clean,,20ms_frames_within_40dB_of_peak_power_v1,8000,-25.999999941560166,active speech / full source noise RMS; fixed gain,"Arun Shah, your Wednesday appointment is at ten fifteen a m, your payment of sixty dollars is due by June second, and your reference code is eight one six three. Do not change the address.","Arun Shah, your Wednesday appointment is at 10.15 a.m., your payment of $60 is due by June 2nd, and your reference code is 8163. Do not change the address.",0.2571428571428571,1.0,"{'name': {'recovered': True, 'conflict': False}, 'day': {'recovered': True, 'conflict': False}, 'time': {'recovered': True, 'conflict': False}, 'date': {'recovered': True, 'conflict': False}, 'amount': {'recovered': True, 'conflict': False}, 'code': {'recovered': True, 'conflict': False}, 'negation': {'recovered': True, 'conflict': False}}",7,7,,15.2,0.0,/content/drive/MyDrive/DataForge/noise_masking/outputs/6bd1eb398398af0e/clips/critical_02_baseline_r1_clean.wav,ecaffe8dacec198de939203bb33989fcfb77e9193b8f8c03db4edb1266e8632d,/content/drive/MyDrive/DataForge/noise_masking/outputs/synthesis_cache/06c4d940de7e5f6d/e6125a0f5f8588ca84c7afc2d8bd4bc9b14080d4a6b894e39418111483b11217.wav,0.968719482421875,True,,1.0,HTTP WAV -> local PCMU roundtrip,after simulated phone codec,coda,celeste,https://users.rime.ai/v1/rime-tts,3.64684493937703,4.189307209176294,3.395106001110013,clips/critical_02_baseline_r1_clean.wav
6bd1eb398398af0edcbe31d260e15fa71a6e5aca1c3d9abc117aef7028d71966,critical_02_baseline_r1_competing_speech_-5dB,critical_02,dev,baseline,1,competing_speech_-5dB,competing_speech,-5.0,-3.572967943329732,/content/drive/MyDrive/DataForge/data/musan/speech/librivox/speech-librivox-0001.wav,aa31bcba6049760ee64468437cc11a3d9359a71310f403c27d69ca2f25e9ed12,0.0,False,competing_speech,0.09213103895932805,20ms_frames_within_40dB_of_peak_power_v1,8000,-25.999999941560166,active speech / full source noise RMS; fixed gain,"Arun Shah, your Wednesday appointment is at ten fifteen a m, your payment of sixty dollars is due by June second, and your reference code is eight one six three. Do not change the address.","Arun Shah, your Wednesday appointment is at 10.15am. The payment of $60 is due by June 2nd, and your reference code is 8163. Do not change the address.",0.34285714285714286,1.0,"{'name': {'recovered': True, 'conflict': False}, 'day': {'recovered': True, 'conflict': False}, 'time': {'recovered': True, 'conflict': False}, 'date': {'recovered': True, 'conflict': False}, 'amount': {'recovered': True, 'conflict': False}, 'code': {'recovered': True, 'conflict': False}, 'negation': {'recovered': True, 'conflict': False}}",7,7,0.5565910372841616,15.2,0.0,/content/drive/MyDrive/DataForge/noise_masking/outputs/6bd1eb398398af0e/clips/critical_02_baseline_r1_competing_speech_-5dB.wav,4dc4740c223560c60da7a6b9f83426a74fc9c8c939502cd58c8aa74951dc49ca,/content/drive/MyDrive/DataForge/noise_masking/outputs/synthesis_cache/06c4d940de7e5f6d/e6125a0f5f8588ca84c7afc2d8bd4bc9b14080d4a6b894e39418111483b11217.wav,0.968719482421875,True,,1.0,HTTP WAV -> local PCMU roundtrip,after simulated phone codec,coda,celeste,https://users.rime.ai/v1/rime-tts,3.5443084512226624,3.332595912909892,2.891558479522047,clips/critical_02_baseline_r1_competing_speech_-5dB.wav
6bd1eb398398af0edcbe31d260e15fa71a6e5aca1c3d9abc117aef7028d71966,critical_02_baseline_r1_competing_speech_0dB,critical_02,dev,baseline,1,competing_speech_0dB,competing_speech,0.0,1.4270320435469876,/content/drive/MyDrive/DataForge/data/musan/speech/librivox/speech-librivox-0001.wav,aa31bcba6049760ee64468437cc11a3d9359a71310f403c27d69ca2f25e9ed12,0.0,False,competing_speech,0.09213103895932805,20ms_frames_within_40dB_of_peak_power_v1,8000,-25.999999941560166,active speech / full source noise RMS; fixed gain,"Arun Shah, your Wednesday appointment is at ten fifteen a m, your payment of sixty dollars is due by June second, and your reference code is eight one six three. Do not change the address.","Arun Shah, your Wednesday appointment is at 10.15am. Your payment of $60 is due by June 2nd. And your reference code is 8163. Do not change the address.",0.3142857142857143,1.0,"{'name': {'recovered': True, 'conflict': False}, 'day': {'recovered': True, 'conflict': False}, 'time': {'recovered': True, 'conflict': False}, 'date': {'recovered': True, 'conflict': False}, 'amount': {'recovered': True, 'conflict': False}, 'code': {'recovered': True, 'conflict': False}, 'negation': {'recovered': True, 'conflict': False}}",7,7,0.6382348977426565,15.2,0.0,/content/drive/MyDrive/DataForge/noise_masking/outputs/6bd1eb398398af0e/clips/critical_02_baseline_r1_competing_speech_0dB.wav,47a50f6c6b5cd6d9848075ad094ad27320594dabcd6c0fe7c18d5f4a42baf33b,/content/drive/MyDrive/DataForge/noise_masking/outputs/synthesis_cache/06c4d940de7e5f6d/e6125a0f5f8588ca84c7afc2d8bd4bc9b14080d4a6b894e39418111483b11217.wav,0.968719482421875,True,,1.0,HTTP WAV -> local PCMU roundtrip,after simulated phone codec,coda,celeste,https://users.rime.ai/v1/rime-tts,3.4370200293281568,3.4960156751459683,2.8633892816564006,clips/critical_02_baseline_r1_competing_speech_0dB.wav
6bd1eb398398af0edcbe31d260e15fa71a6e5aca1c3d9abc117aef7028d71966,critical_02_baseline_r1_environment_-5dB,critical_02,dev,baseline,1,environment_-5dB,environment,-5.0,-4.991225267362976,/content/drive/MyDrive/DataForge/data/musan/noise/free-sound/noise-free-sound-0000.wav,38624671753649af38f97b5872463017badcb3e29411787a95f6f2beb9edbfec,0.0,False,traffic_or_machinery,0.3141879970145505,20ms_frames_within_40dB_of_peak_power_v1,8000,-25.999999941560166,active speech / full source noise RMS; fixed gain,"Arun Shah, your Wednesday appointment is at ten fifteen a m, your payment of sixty dollars is due by June second, and your reference code is eight one six three. Do not change the address.","Arun Shah, your Wednesday appointment is at 10.15am, your payment of $60 is due by June 2nd, and your reference code is 8163. Do not change the address.",0.3142857142857143,1.0,"{'name': {'recovered': True, 'conflict': False}, 'day': {'recovered': True, 'conflict': False}, 'time': {'recovered': True, 'conflict': False}, 'date': {'recovered': True, 'conflict': False}, 'amount': {'recovered': True, 'conflict': False}, 'code': {'recovered': True, 'conflict': False}, 'negation': {'recovered': True, 'conflict': False}}",7,7,0.5171560079145721,15.2,0.0,/content/drive/MyDrive/DataForge/noise_masking/outputs/6bd1eb398398af0e/clips/critical_02_baseline_r1_environment_-5dB.wav,9a9acb2038fbfa2a9365b09884a73d92efe8169ce089a5a4ae16330b06813814,/content/drive/MyDrive/DataForge/noise_masking/outputs/synthesis_cache/06c4d940de7e5f6d/e6125a0f5f8588ca84c7afc2d8bd4bc9b14080d4a6b894e39418111483b11217.wav,0.968719482421875,True,,1.0,HTTP WAV -> local PCMU roundtrip,after simulated phone codec,coda,celeste,https://users.rime.ai/v1/rime-tts,1.5719827031232083,1.2734769734207367,1.2339425167178064,clips/critical_02_baseline_r1_environment_-5dB.wav
6bd1eb398398af0edcbe31d260e15fa71a6e5aca1c3d9abc117aef7028d71966,critical_02_baseline_r1_environment_0dB,critical_02,dev,baseline,1,environment_0dB,environment,0.0,0.008775031383417233,/content/drive/MyDrive/DataForge/data/musan/noise/free-sound/noise-free-sound-0000.wav,38624671753649af38f97b5872463017badcb3e29411787a95f6f2beb9edbfec,0.0,False,traffic_or_machinery,0.3141879970145505,20ms_frames_within_40dB_of_peak_power_v1,8000,-25.999999941560166,active speech / full source noise RMS; fixed gain,"Arun Shah, your Wednesday appointment is at ten fifteen a m, your payment of sixty dollars is due by June second, and your reference code is eight one six three. Do not change the address.","Arun Shah, your Wednesday appointment is at 10.15am, your payment of $60 is due by June 2nd, and your reference code is 8.163. Do not change the address.",0.3142857142857143,0.8571428571428571,"{'name': {'recovered': True, 'conflict': False}, 'day': {'recovered': True, 'conflict': False}, 'time': {'recovered': True, 'conflict': False}, 'date': {'recovered': True, 'conflict': False}, 'amount': {'recovered': True, 'conflict': False}, 'code': {'recovered': False, 'conflict': False}, 'negation': {'recovered': True, 'conflict': False}}",7,6,0.6182570408943995,15.2,0.0,/content/drive/MyDrive/DataForge/noise_masking/outputs/6bd1eb398398af0e/clips/critical_02_baseline_r1_environment_0dB.wav,e9e3564b9220c878d8419486f912ccca45bb0f8d0435bb6bb0b52e893a811b9f,/content/drive/MyDrive/DataForge/noise_masking/outputs/synthesis_cache/06c4d940de7e5f6d/e6125a0f5f8588ca84c7afc2d8bd4bc9b14080d4a6b894e39418111483b11217.wav,0.968719482421875,True,,1.0,HTTP WAV -> local PCMU roundtrip,after simulated phone codec,coda,celeste,https://users.rime.ai/v1/rime-tts,2.5358720548304197,1.9619536094577257,1.8619805011873527,clips/critical_02_baseline_r1_environment_0dB.wav
6bd1eb398398af0edcbe31d260e15fa71a6e5aca1c3d9abc117aef7028d71966,critical_03_baseline_r0_clean,critical_03,dev,baseline,0,clean,clean,,,,,,False,clean,,20ms_frames_within_40dB_of_peak_power_v1,8000,-26.00000004227202,active speech / full source noise RMS; fixed gain,"Nora Chen, your Friday appointment is at two forty five p m, your payment of seventy five dollars is due by July ninth, and your reference code is three nine two six. Do not cancel the booking.","Nora Chen, your Friday appointment is at 2.45 p.m. Your payment of $75 is due by July 9th and your reference code is 3926. Do not cancel the booking.",0.2972972972972973,1.0,"{'name': {'recovered': True, 'conflict': False}, 'day': {'recovered': True, 'conflict': False}, 'time': {'recovered': True, 'conflict': False}, 'date': {'recovered': True, 'conflict': False}, 'amount': {'recovered': True, 'conflict': False}, 'code': {'recovered': True, 'conflict': False}, 'negation': {'recovered': True, 'conflict': False}}",7,7,,11.52,0.0,/content/drive/MyDrive/DataForge/noise_masking/outputs/6bd1eb398398af0e/clips/critical_03_baseline_r0_clean.wav,9ee8a63e0223934c91b76928a314c5d97db582878dd45294634964663e8595b1,/content/drive/MyDrive/DataForge/noise_masking/outputs/synthesis_cache/06c4d940de7e5f6d/caa348afa99266347925c57aecb2b3e6f22f355d12e3a7fbdbc3fa334ad14096.wav,0.921844482421875,True,,1.0,HTTP WAV -> local PCMU roundtrip,after simulated phone codec,coda,celeste,https://users.rime.ai/v1/rime-tts,3.5910707250684553,4.133775265901323,3.3212837867285834,clips/critical_03_baseline_r0_clean.wav
6bd1eb398398af0edcbe31d260e15fa71a6e5aca1c3d9abc117aef7028d71966,critical_03_baseline_r0_competing_speech_-5dB,critical_03,dev,baseline,0,competing_speech_-5dB,competing_speech,-5.0,-3.865753542104474,/content/drive/MyDrive/DataForge/data/musan/speech/librivox/speech-librivox-0001.wav,aa31bcba6049760ee64468437cc11a3d9359a71310f403c27d69ca2f25e9ed12,0.0,False,competing_speech,0.09213103895932805,20ms_frames_within_40dB_of_peak_power_v1,8000,-26.00000004227202,active speech / full source noise RMS; fixed gain,"Nora Chen, your Friday appointment is at two forty five p m, your payment of seventy five dollars is due by July ninth, and your reference code is three nine two six. Do not cancel the booking.","Nora Chen, your Friday appointment is at 65pm, your payment at $75 is by July 9th, and your reference code is greennights.org by Alan Davis Ray.",0.5405405405405406,0.5714285714285714,"{'name': {'recovered': True, 'conflict': False}, 'day': {'recovered': True, 'conflict': False}, 'time': {'recovered': False, 'conflict': False}, 'date': {'recovered': True, 'conflict': False}, 'amount': {'recovered': True, 'conflict': False}, 'code': {'recovered': False, 'conflict': False}, 'negation': {'recovered': False, 'conflict': False}}",7,4,0.5046147333870145,11.52,0.0,/content/drive/MyDrive/DataForge/noise_masking/outputs/6bd1eb398398af0e/clips/critical_03_baseline_r0_competing_speech_-5dB.wav,4d1d8fa01a6f0e7c5af6db98a82f509056243d6c2f60c8d1418322fe9d568d04,/content/drive/MyDrive/DataForge/noise_masking/outputs/synthesis_cache/06c4d940de7e5f6d/caa348afa99266347925c57aecb2b3e6f22f355d12e3a7fbdbc3fa334ad14096.wav,0.921844482421875,True,,1.0,HTTP WAV -> local PCMU roundtrip,after simulated phone codec,coda,celeste,https://users.rime.ai/v1/rime-tts,3.70342698490747,2.992011339746099,2.8232770618381546,clips/critical_03_baseline_r0_competing_speech_-5dB.wav
6bd1eb398398af0edcbe31d260e15fa71a6e5aca1c3d9abc117aef7028d71966,critical_03_baseline_r0_competing_speech_0dB,critical_03,dev,baseline,0,competing_speech_0dB,competing_speech,0.0,1.1342464430507941,/content/drive/MyDrive/DataForge/data/musan/speech/librivox/speech-librivox-0001.wav,aa31bcba6049760ee64468437cc11a3d9359a71310f403c27d69ca2f25e9ed12,0.0,False,competing_speech,0.09213103895932805,20ms_frames_within_40dB_of_peak_power_v1,8000,-26.00000004227202,active speech / full source noise RMS; fixed gain,"Nora Chen, your Friday appointment is at two forty five p m, your payment of seventy five dollars is due by July ninth, and your reference code is three nine two six. Do not cancel the booking.","Nora Chen, your Friday appointment is at 2.45pm, your payment of $75.00 is here by July 9th, and your reference code is re926. Do not cancel the booking.",0.3783783783783784,0.8571428571428571,"{'name': {'recovered': True, 'conflict': False}, 'day': {'recovered': True, 'conflict': False}, 'time': {'recovered': True, 'conflict': False}, 'date': {'recovered': True, 'conflict': False}, 'amount': {'recovered': True, 'conflict': False}, 'code': {'recovered': False, 'conflict': False}, 'negation': {'recovered': True, 'conflict': False}}",7,6,0.5840924317655453,11.52,0.0,/content/drive/MyDrive/DataForge/noise_masking/outputs/6bd1eb398398af0e/clips/critical_03_baseline_r0_competing_speech_0dB.wav,d997829227e26e0792053120143a1567b7483a341c01299ed94a7b23a58ac3a1,/content/drive/MyDrive/DataForge/noise_masking/outputs/synthesis_cache/06c4d940de7e5f6d/caa348afa99266347925c57aecb2b3e6f22f355d12e3a7fbdbc3fa334ad14096.wav,0.921844482421875,True,,1.0,HTTP WAV -> local PCMU roundtrip,after simulated phone codec,coda,celeste,https://users.rime.ai/v1/rime-tts,3.57591163865877,2.9731629922578,2.6880427554794557,clips/critical_03_baseline_r0_competing_speech_0dB.wav
6bd1eb398398af0edcbe31d260e15fa71a6e5aca1c3d9abc117aef7028d71966,critical_03_baseline_r0_environment_-5dB,critical_03,dev,baseline,0,environment_-5dB,environment,-5.0,-4.867810847632002,/content/drive/MyDrive/DataForge/data/musan/noise/free-sound/noise-free-sound-0000.wav,38624671753649af38f97b5872463017badcb3e29411787a95f6f2beb9edbfec,0.0,False,traffic_or_machinery,0.3141879970145505,20ms_frames_within_40dB_of_peak_power_v1,8000,-26.00000004227202,active speech / full source noise RMS; fixed gain,"Nora Chen, your Friday appointment is at two forty five p m, your payment of seventy five dollars is due by July ninth, and your reference code is three nine two six. Do not cancel the booking.","Nora Chen, your Friday appointment is at 2.45 p.m. Your payment of $75 is due by July 9th and your reference code is 2926. Do not cancel the booking.",0.2972972972972973,0.8571428571428571,"{'name': {'recovered': True, 'conflict': False}, 'day': {'recovered': True, 'conflict': False}, 'time': {'recovered': True, 'conflict': False}, 'date': {'recovered': True, 'conflict': False}, 'amount': {'recovered': True, 'conflict': False}, 'code': {'recovered': False, 'conflict': False}, 'negation': {'recovered': True, 'conflict': False}}",7,6,0.4948322610359193,11.52,0.0,/content/drive/MyDrive/DataForge/noise_masking/outputs/6bd1eb398398af0e/clips/critical_03_baseline_r0_environment_-5dB.wav,e5db6bb43c044a741d434e24f3e08d0ea143b34233ca80ced1449ccef7d150a5,/content/drive/MyDrive/DataForge/noise_masking/outputs/synthesis_cache/06c4d940de7e5f6d/caa348afa99266347925c57aecb2b3e6f22f355d12e3a7fbdbc3fa334ad14096.wav,0.921844482421875,True,,1.0,HTTP WAV -> local PCMU roundtrip,after simulated phone codec,coda,celeste,https://users.rime.ai/v1/rime-tts,3.6761372706301425,2.5136501748388604,2.602961859772928,clips/critical_03_baseline_r0_environment_-5dB.wav
6bd1eb398398af0edcbe31d260e15fa71a6e5aca1c3d9abc117aef7028d71966,critical_03_baseline_r0_environment_0dB,critical_03,dev,baseline,0,environment_0dB,environment,0.0,0.1321894508869484,/content/drive/MyDrive/DataForge/data/musan/noise/free-sound/noise-free-sound-0000.wav,38624671753649af38f97b5872463017badcb3e29411787a95f6f2beb9edbfec,0.0,False,traffic_or_machinery,0.3141879970145505,20ms_frames_within_40dB_of_peak_power_v1,8000,-26.00000004227202,active speech / full source noise RMS; fixed gain,"Nora Chen, your Friday appointment is at two forty five p m, your payment of seventy five dollars is due by July ninth, and your reference code is three nine two six. Do not cancel the booking.","Nora Chen, your Friday appointment is at 2.45pm, your payment of $75 is due by July 9th, and your reference code is 3926. Do not cancel the booking.",0.35135135135135137,1.0,"{'name': {'recovered': True, 'conflict': False}, 'day': {'recovered': True, 'conflict': False}, 'time': {'recovered': True, 'conflict': False}, 'date': {'recovered': True, 'conflict': False}, 'amount': {'recovered': True, 'conflict': False}, 'code': {'recovered': True, 'conflict': False}, 'negation': {'recovered': True, 'conflict': False}}",7,7,0.5984486266812246,11.52,0.0,/content/drive/MyDrive/DataForge/noise_masking/outputs/6bd1eb398398af0e/clips/critical_03_baseline_r0_environment_0dB.wav,d35f4350a8e72403cddf29c78666c73233d00bf8d678c8823aaebfb1fabea895,/content/drive/MyDrive/DataForge/noise_masking/outputs/synthesis_cache/06c4d940de7e5f6d/caa348afa99266347925c57aecb2b3e6f22f355d12e3a7fbdbc3fa334ad14096.wav,0.921844482421875,True,,1.0,HTTP WAV -> local PCMU roundtrip,after simulated phone codec,coda,celeste,https://users.rime.ai/v1/rime-tts,3.6818711487488205,2.5239700543633035,2.6454258288799033,clips/critical_03_baseline_r0_environment_0dB.wav
6bd1eb398398af0edcbe31d260e15fa71a6e5aca1c3d9abc117aef7028d71966,critical_03_baseline_r1_clean,critical_03,dev,baseline,1,clean,clean,,,,,,False,clean,,20ms_frames_within_40dB_of_peak_power_v1,8000,-25.99999991562086,active speech / full source noise RMS; fixed gain,"Nora Chen, your Friday appointment is at two forty five p m, your payment of seventy five dollars is due by July ninth, and your reference code is three nine two six. Do not cancel the booking.","Nora Chen, your Friday appointment is at 2.45pm, your payment of $75 is due by July 9th, and your reference code is 3926. Do not cancel the booking.",0.35135135135135137,1.0,"{'name': {'recovered': True, 'conflict': False}, 'day': {'recovered': True, 'conflict': False}, 'time': {'recovered': True, 'conflict': False}, 'date': {'recovered': True, 'conflict': False}, 'amount': {'recovered': True, 'conflict': False}, 'code': {'recovered': True, 'conflict': False}, 'negation': {'recovered': True, 'conflict': False}}",7,7,,12.16,0.0,/content/drive/MyDrive/DataForge/noise_masking/outputs/6bd1eb398398af0e/clips/critical_03_baseline_r1_clean.wav,056289a6f50727293a8180cc6a31e6c8fecc4d161fcfb088045dca20202c37c9,/content/drive/MyDrive/DataForge/noise_masking/outputs/synthesis_cache/06c4d940de7e5f6d/7dad1ab0e48880ff709fc0a03824c1c1765164fe41090a4f8e242dc25e5a83c1.wav,0.824188232421875,True,,1.0,HTTP WAV -> local PCMU roundtrip,after simulated phone codec,coda,celeste,https://users.rime.ai/v1/rime-tts,3.6611312963275324,4.144043263664669,3.378771414239567,clips/critical_03_baseline_r1_clean.wav
6bd1eb398398af0edcbe31d260e15fa71a6e5aca1c3d9abc117aef7028d71966,critical_03_baseline_r1_competing_speech_-5dB,critical_03,dev,baseline,1,competing_speech_-5dB,competing_speech,-5.0,-3.630952241673776,/content/drive/MyDrive/DataForge/data/musan/speech/librivox/speech-librivox-0001.wav,aa31bcba6049760ee64468437cc11a3d9359a71310f403c27d69ca2f25e9ed12,0.0,False,competing_speech,0.09213103895932805,20ms_frames_within_40dB_of_peak_power_v1,8000,-25.99999991562086,active speech / full source noise RMS; fixed gain,"Nora Chen, your Friday appointment is at two forty five p m, your payment of seventy five dollars is due by July ninth, and your reference code is three nine two six. Do not cancel the booking.","Nora Chen, your Friday appointment is at 2.45 p.m. Section 51 by Walt Whitman. Read for LibriVox.org by Alan Davis Stray. Do not cancel the booking.",0.5945945945945946,0.5714285714285714,"{'name': {'recovered': True, 'conflict': False}, 'day': {'recovered': True, 'conflict': False}, 'time': {'recovered': True, 'conflict': False}, 'date': {'recovered': False, 'conflict': False}, 'amount': {'recovered': False, 'conflict': False}, 'code': {'recovered': False, 'conflict': False}, 'negation': {'recovered': True, 'conflict': False}}",7,4,0.5253536715608369,12.16,0.0,/content/drive/MyDrive/DataForge/noise_masking/outputs/6bd1eb398398af0e/clips/critical_03_baseline_r1_competing_speech_-5dB.wav,53ed578f7452e3630b4f2344da408053b0a260a28c55c8b909d9772385b70ad7,/content/drive/MyDrive/DataForge/noise_masking/outputs/synthesis_cache/06c4d940de7e5f6d/7dad1ab0e48880ff709fc0a03824c1c1765164fe41090a4f8e242dc25e5a83c1.wav,0.824188232421875,True,,1.0,HTTP WAV -> local PCMU roundtrip,after simulated phone codec,coda,celeste,https://users.rime.ai/v1/rime-tts,3.602647939408688,2.7797778283802526,2.686565724869105,clips/critical_03_baseline_r1_competing_speech_-5dB.wav
6bd1eb398398af0edcbe31d260e15fa71a6e5aca1c3d9abc117aef7028d71966,critical_03_baseline_r1_competing_speech_0dB,critical_03,dev,baseline,1,competing_speech_0dB,competing_speech,0.0,1.3690482753446438,/content/drive/MyDrive/DataForge/data/musan/speech/librivox/speech-librivox-0001.wav,aa31bcba6049760ee64468437cc11a3d9359a71310f403c27d69ca2f25e9ed12,0.0,False,competing_speech,0.09213103895932805,20ms_frames_within_40dB_of_peak_power_v1,8000,-25.99999991562086,active speech / full source noise RMS; fixed gain,"Nora Chen, your Friday appointment is at two forty five p m, your payment of seventy five dollars is due by July ninth, and your reference code is three nine two six. Do not cancel the booking.","Nora Chen, your Friday appointment is at 2.45 p.m. The payment is $75.00 due by July 9th. And your reference code is 3926. Do not cancel the booking.",0.3783783783783784,1.0,"{'name': {'recovered': True, 'conflict': False}, 'day': {'recovered': True, 'conflict': False}, 'time': {'recovered': True, 'conflict': False}, 'date': {'recovered': True, 'conflict': False}, 'amount': {'recovered': True, 'conflict': False}, 'code': {'recovered': True, 'conflict': False}, 'negation': {'recovered': True, 'conflict': False}}",7,7,0.5982841566140581,12.16,0.0,/content/drive/MyDrive/DataForge/noise_masking/outputs/6bd1eb398398af0e/clips/critical_03_baseline_r1_competing_speech_0dB.wav,ef0e86a49eb2af936b6554c1cd8741948521ca8de6194c7750c82a88684f1297,/content/drive/MyDrive/DataForge/noise_masking/outputs/synthesis_cache/06c4d940de7e5f6d/7dad1ab0e48880ff709fc0a03824c1c1765164fe41090a4f8e242dc25e5a83c1.wav,0.824188232421875,True,,1.0,HTTP WAV -> local PCMU roundtrip,after simulated phone codec,coda,celeste,https://users.rime.ai/v1/rime-tts,3.605382850046926,2.8562540206692333,2.689720243549375,clips/critical_03_baseline_r1_competing_speech_0dB.wav
6bd1eb398398af0edcbe31d260e15fa71a6e5aca1c3d9abc117aef7028d71966,critical_03_baseline_r1_environment_-5dB,critical_03,dev,baseline,1,environment_-5dB,environment,-5.0,-4.981369143797846,/content/drive/MyDrive/DataForge/data/musan/noise/free-sound/noise-free-sound-0000.wav,38624671753649af38f97b5872463017badcb3e29411787a95f6f2beb9edbfec,0.0,False,traffic_or_machinery,0.3141879970145505,20ms_frames_within_40dB_of_peak_power_v1,8000,-25.99999991562086,active speech / full source noise RMS; fixed gain,"Nora Chen, your Friday appointment is at two forty five p m, your payment of seventy five dollars is due by July ninth, and your reference code is three nine two six. Do not cancel the booking.","Nora Chen, your Friday appointment is at 2.45pm, your payment of $75 is due by July 9th, and your reference code is 3926. Do not cancel the booking.",0.35135135135135137,1.0,"{'name': {'recovered': True, 'conflict': False}, 'day': {'recovered': True, 'conflict': False}, 'time': {'recovered': True, 'conflict': False}, 'date': {'recovered': True, 'conflict': False}, 'amount': {'recovered': True, 'conflict': False}, 'code': {'recovered': True, 'conflict': False}, 'negation': {'recovered': True, 'conflict': False}}",7,7,0.5084104023759238,12.16,0.0,/content/drive/MyDrive/DataForge/noise_masking/outputs/6bd1eb398398af0e/clips/critical_03_baseline_r1_environment_-5dB.wav,245813384ea5638a89eeb146465e6bb8f2dd0290b80ae6efce16fa8bd1e5e2b4,/content/drive/MyDrive/DataForge/noise_masking/outputs/synthesis_cache/06c4d940de7e5f6d/7dad1ab0e48880ff709fc0a03824c1c1765164fe41090a4f8e242dc25e5a83c1.wav,0.824188232421875,True,,1.0,HTTP WAV -> local PCMU roundtrip,after simulated phone codec,coda,celeste,https://users.rime.ai/v1/rime-tts,3.61633624653884,2.4137727721697435,2.5223076372024877,clips/critical_03_baseline_r1_environment_-5dB.wav
6bd1eb398398af0edcbe31d260e15fa71a6e5aca1c3d9abc117aef7028d71966,critical_03_baseline_r1_environment_0dB,critical_03,dev,baseline,1,environment_0dB,environment,0.0,0.01863115467458288,/content/drive/MyDrive/DataForge/data/musan/noise/free-sound/noise-free-sound-0000.wav,38624671753649af38f97b5872463017badcb3e29411787a95f6f2beb9edbfec,0.0,False,traffic_or_machinery,0.3141879970145505,20ms_frames_within_40dB_of_peak_power_v1,8000,-25.99999991562086,active speech / full source noise RMS; fixed gain,"Nora Chen, your Friday appointment is at two forty five p m, your payment of seventy five dollars is due by July ninth, and your reference code is three nine two six. Do not cancel the booking.","Nora Chen, your Friday appointment is at 2.45pm, your payment of $75 is due by July 9th, and your reference code is 3926. Do not cancel the booking.",0.35135135135135137,1.0,"{'name': {'recovered': True, 'conflict': False}, 'day': {'recovered': True, 'conflict': False}, 'time': {'recovered': True, 'conflict': False}, 'date': {'recovered': True, 'conflict': False}, 'amount': {'recovered': True, 'conflict': False}, 'code': {'recovered': True, 'conflict': False}, 'negation': {'recovered': True, 'conflict': False}}",7,7,0.6016223217254894,12.16,0.0,/content/drive/MyDrive/DataForge/noise_masking/outputs/6bd1eb398398af0e/clips/critical_03_baseline_r1_environment_0dB.wav,c7d9bca5f3b4ee2bfe49367b47dadd91476f6d379d6e07fa66a711e40dc8d58a,/content/drive/MyDrive/DataForge/noise_masking/outputs/synthesis_cache/06c4d940de7e5f6d/7dad1ab0e48880ff709fc0a03824c1c1765164fe41090a4f8e242dc25e5a83c1.wav,0.824188232421875,True,,1.0,HTTP WAV -> local PCMU roundtrip,after simulated phone codec,coda,celeste,https://users.rime.ai/v1/rime-tts,3.7386480285200543,2.54516761185758,2.669053775056933,clips/critical_03_baseline_r1_environment_0dB.wav
6bd1eb398398af0edcbe31d260e15fa71a6e5aca1c3d9abc117aef7028d71966,critical_04_baseline_r0_clean,critical_04,dev,baseline,0,clean,clean,,,,,,False,clean,,20ms_frames_within_40dB_of_peak_power_v1,8000,-26.00000029084878,active speech / full source noise RMS; fixed gain,"Leo Martin, your Monday appointment is at nine twenty a m, your payment of thirty dollars is due by August sixth, and your reference code is five four eight two. Do not share the code.","Leo Martin, your Monday appointment is at 9.20 am. Your payment of $30 is due by August 6 and your reference code is 5482. Do not share the code.",0.3142857142857143,1.0,"{'name': {'recovered': True, 'conflict': False}, 'day': {'recovered': True, 'conflict': False}, 'time': {'recovered': True, 'conflict': False}, 'date': {'recovered': True, 'conflict': False}, 'amount': {'recovered': True, 'conflict': False}, 'code': {'recovered': True, 'conflict': False}, 'negation': {'recovered': True, 'conflict': False}}",7,7,,12.72,0.0,/content/drive/MyDrive/DataForge/noise_masking/outputs/6bd1eb398398af0e/clips/critical_04_baseline_r0_clean.wav,9122c30ea67560a4bf3d738910de6267f1a47707094e49d609e161cbcb2fd278,/content/drive/MyDrive/DataForge/noise_masking/outputs/synthesis_cache/06c4d940de7e5f6d/21fb464592959d8570a05b7ea40f9b75ba7c819db71d982ddceb7a7d2514e192.wav,0.937469482421875,True,,1.0,HTTP WAV -> local PCMU roundtrip,after simulated phone codec,coda,celeste,https://users.rime.ai/v1/rime-tts,3.671731510347881,4.210240476064475,3.425600612818294,clips/critical_04_baseline_r0_clean.wav
6bd1eb398398af0edcbe31d260e15fa71a6e5aca1c3d9abc117aef7028d71966,critical_04_baseline_r0_competing_speech_-5dB,critical_04,dev,baseline,0,competing_speech_-5dB,competing_speech,-5.0,-3.4354249937888124,/content/drive/MyDrive/DataForge/data/musan/speech/librivox/speech-librivox-0001.wav,aa31bcba6049760ee64468437cc11a3d9359a71310f403c27d69ca2f25e9ed12,0.0,False,competing_speech,0.09213103895932805,20ms_frames_within_40dB_of_peak_power_v1,8000,-26.00000029084878,active speech / full source noise RMS; fixed gain,"Leo Martin, your Monday appointment is at nine twenty a m, your payment of thirty dollars is due by August sixth, and your reference code is five four eight two. Do not share the code.","Leo Martin, your Monday appointment is at 9.20am. Your appointment of $30 is due by August 6, and your reference code is 5482. Do not share the code.",0.34285714285714286,1.0,"{'name': {'recovered': True, 'conflict': False}, 'day': {'recovered': True, 'conflict': False}, 'time': {'recovered': True, 'conflict': False}, 'date': {'recovered': True, 'conflict': False}, 'amount': {'recovered': True, 'conflict': False}, 'code': {'recovered': True, 'conflict': False}, 'negation': {'recovered': True, 'conflict': False}}",7,7,0.5713078668837305,12.72,0.0,/content/drive/MyDrive/DataForge/noise_masking/outputs/6bd1eb398398af0e/clips/critical_04_baseline_r0_competing_speech_-5dB.wav,549bab19f15e32fc06975f2e529193fd1ca0315a64ff043a089528d10e4103d3,/content/drive/MyDrive/DataForge/noise_masking/outputs/synthesis_cache/06c4d940de7e5f6d/21fb464592959d8570a05b7ea40f9b75ba7c819db71d982ddceb7a7d2514e192.wav,0.937469482421875,True,,1.0,HTTP WAV -> local PCMU roundtrip,after simulated phone codec,coda,celeste,https://users.rime.ai/v1/rime-tts,3.605735346293284,3.8244423931165814,3.182945189358397,clips/critical_04_baseline_r0_competing_speech_-5dB.wav
6bd1eb398398af0edcbe31d260e15fa71a6e5aca1c3d9abc117aef7028d71966,critical_04_baseline_r0_competing_speech_0dB,critical_04,dev,baseline,0,competing_speech_0dB,competing_speech,0.0,1.5645749913664813,/content/drive/MyDrive/DataForge/data/musan/speech/librivox/speech-librivox-0001.wav,aa31bcba6049760ee64468437cc11a3d9359a71310f403c27d69ca2f25e9ed12,0.0,False,competing_speech,0.09213103895932805,20ms_frames_within_40dB_of_peak_power_v1,8000,-26.00000029084878,active speech / full source noise RMS; fixed gain,"Leo Martin, your Monday appointment is at nine twenty a m, your payment of thirty dollars is due by August sixth, and your reference code is five four eight two. Do not share the code.","Leo Martin, your Monday appointment is at 9.20am. Your appointment of $30 is due by August 6 and your reference code is 5482. Do not share the code.",0.34285714285714286,1.0,"{'name': {'recovered': True, 'conflict': False}, 'day': {'recovered': True, 'conflict': False}, 'time': {'recovered': True, 'conflict': False}, 'date': {'recovered': True, 'conflict': False}, 'amount': {'recovered': True, 'conflict': False}, 'code': {'recovered': True, 'conflict': False}, 'negation': {'recovered': True, 'conflict': False}}",7,7,0.6402391333249967,12.72,0.0,/content/drive/MyDrive/DataForge/noise_masking/outputs/6bd1eb398398af0e/clips/critical_04_baseline_r0_competing_speech_0dB.wav,4279ae1ea505b73dce52c85f004b32fc17e995ccc37c0a2b14787d47616dc2e8,/content/drive/MyDrive/DataForge/noise_masking/outputs/synthesis_cache/06c4d940de7e5f6d/21fb464592959d8570a05b7ea40f9b75ba7c819db71d982ddceb7a7d2514e192.wav,0.937469482421875,True,,1.0,HTTP WAV -> local PCMU roundtrip,after simulated phone codec,coda,celeste,https://users.rime.ai/v1/rime-tts,3.5907149173787505,3.5213119617134625,3.005170835990855,clips/critical_04_baseline_r0_competing_speech_0dB.wav
6bd1eb398398af0edcbe31d260e15fa71a6e5aca1c3d9abc117aef7028d71966,critical_04_baseline_r0_environment_-5dB,critical_04,dev,baseline,0,environment_-5dB,environment,-5.0,-5.063457154368443,/content/drive/MyDrive/DataForge/data/musan/noise/free-sound/noise-free-sound-0000.wav,38624671753649af38f97b5872463017badcb3e29411787a95f6f2beb9edbfec,0.0,False,traffic_or_machinery,0.3141879970145505,20ms_frames_within_40dB_of_peak_power_v1,8000,-26.00000029084878,active speech / full source noise RMS; fixed gain,"Leo Martin, your Monday appointment is at nine twenty a m, your payment of thirty dollars is due by August sixth, and your reference code is five four eight two. Do not share the code.","Leo Martin, your Monday appointment is at 9.20 a.m. Your payment of $30 is due by August 6 and your reference code is 5482. Do not share the code.",0.2571428571428571,1.0,"{'name': {'recovered': True, 'conflict': False}, 'day': {'recovered': True, 'conflict': False}, 'time': {'recovered': True, 'conflict': False}, 'date': {'recovered': True, 'conflict': False}, 'amount': {'recovered': True, 'conflict': False}, 'code': {'recovered': True, 'conflict': False}, 'negation': {'recovered': True, 'conflict': False}}",7,7,0.5210751446484766,12.72,0.0,/content/drive/MyDrive/DataForge/noise_masking/outputs/6bd1eb398398af0e/clips/critical_04_baseline_r0_environment_-5dB.wav,d1b2cfb525e4a079c9205df0923aa23fc8d52821e42aa652504d1bb9e58a3980,/content/drive/MyDrive/DataForge/noise_masking/outputs/synthesis_cache/06c4d940de7e5f6d/21fb464592959d8570a05b7ea40f9b75ba7c819db71d982ddceb7a7d2514e192.wav,0.937469482421875,True,,1.0,HTTP WAV -> local PCMU roundtrip,after simulated phone codec,coda,celeste,https://users.rime.ai/v1/rime-tts,3.3999003459752424,2.1308063318415082,2.1787092597364497,clips/critical_04_baseline_r0_environment_-5dB.wav
6bd1eb398398af0edcbe31d260e15fa71a6e5aca1c3d9abc117aef7028d71966,critical_04_baseline_r0_environment_0dB,critical_04,dev,baseline,0,environment_0dB,environment,0.0,-0.0634568558616682,/content/drive/MyDrive/DataForge/data/musan/noise/free-sound/noise-free-sound-0000.wav,38624671753649af38f97b5872463017badcb3e29411787a95f6f2beb9edbfec,0.0,False,traffic_or_machinery,0.3141879970145505,20ms_frames_within_40dB_of_peak_power_v1,8000,-26.00000029084878,active speech / full source noise RMS; fixed gain,"Leo Martin, your Monday appointment is at nine twenty a m, your payment of thirty dollars is due by August sixth, and your reference code is five four eight two. Do not share the code.","Leo Martin, your Monday appointment is at 9.20 a.m. Your payment of $30 is due by August 6 and your reference code is 5482. Do not share the code.",0.2571428571428571,1.0,"{'name': {'recovered': True, 'conflict': False}, 'day': {'recovered': True, 'conflict': False}, 'time': {'recovered': True, 'conflict': False}, 'date': {'recovered': True, 'conflict': False}, 'amount': {'recovered': True, 'conflict': False}, 'code': {'recovered': True, 'conflict': False}, 'negation': {'recovered': True, 'conflict': False}}",7,7,0.6063555271625933,12.72,0.0,/content/drive/MyDrive/DataForge/noise_masking/outputs/6bd1eb398398af0e/clips/critical_04_baseline_r0_environment_0dB.wav,e834af9d6b0b324a43e2fc9ed1d053407e4ba83f3a46f1b94e282cec2a0ee8d3,/content/drive/MyDrive/DataForge/noise_masking/outputs/synthesis_cache/06c4d940de7e5f6d/21fb464592959d8570a05b7ea40f9b75ba7c819db71d982ddceb7a7d2514e192.wav,0.937469482421875,True,,1.0,HTTP WAV -> local PCMU roundtrip,after simulated phone codec,coda,celeste,https://users.rime.ai/v1/rime-tts,3.3981604329204935,2.5362936320572924,2.4092310006286497,clips/critical_04_baseline_r0_environment_0dB.wav
6bd1eb398398af0edcbe31d260e15fa71a6e5aca1c3d9abc117aef7028d71966,critical_04_baseline_r1_clean,critical_04,dev,baseline,1,clean,clean,,,,,,False,clean,,20ms_frames_within_40dB_of_peak_power_v1,8000,-26.00000004707326,active speech / full source noise RMS; fixed gain,"Leo Martin, your Monday appointment is at nine twenty a m, your payment of thirty dollars is due by August sixth, and your reference code is five four eight two. Do not share the code.","Leo Martin, your Monday appointment is at 9.20 a.m. Your payment of $30 is due by August 6th and your reference code is 5482. Do not share the code.",0.2571428571428571,1.0,"{'name': {'recovered': True, 'conflict': False}, 'day': {'recovered': True, 'conflict': False}, 'time': {'recovered': True, 'conflict': False}, 'date': {'recovered': True, 'conflict': False}, 'amount': {'recovered': True, 'conflict': False}, 'code': {'recovered': True, 'conflict': False}, 'negation': {'recovered': True, 'conflict': False}}",7,7,,10.56,0.0,/content/drive/MyDrive/DataForge/noise_masking/outputs/6bd1eb398398af0e/clips/critical_04_baseline_r1_clean.wav,f334ef2ff8a5f2e9f4ac0789f2e1b1b5608deb769c0e8a006bb8948ae850069b,/content/drive/MyDrive/DataForge/noise_masking/outputs/synthesis_cache/06c4d940de7e5f6d/77f54bd6e65187b651c246bba3bdf58b9d89490c5568ae16460571c39caf5ac9.wav,0.800750732421875,True,,1.0,HTTP WAV -> local PCMU roundtrip,after simulated phone codec,coda,celeste,https://users.rime.ai/v1/rime-tts,3.632618976130509,4.139645268489781,3.3678767365534497,clips/critical_04_baseline_r1_clean.wav
6bd1eb398398af0edcbe31d260e15fa71a6e5aca1c3d9abc117aef7028d71966,critical_04_baseline_r1_competing_speech_-5dB,critical_04,dev,baseline,1,competing_speech_-5dB,competing_speech,-5.0,-4.239934117276609,/content/drive/MyDrive/DataForge/data/musan/speech/librivox/speech-librivox-0001.wav,aa31bcba6049760ee64468437cc11a3d9359a71310f403c27d69ca2f25e9ed12,0.0,False,competing_speech,0.09213103895932805,20ms_frames_within_40dB_of_peak_power_v1,8000,-26.00000004707326,active speech / full source noise RMS; fixed gain,"Leo Martin, your Monday appointment is at nine twenty a m, your payment of thirty dollars is due by August sixth, and your reference code is five four eight two. Do not share the code.","Leo Martin, your Monday appointment is at 8 p.m. The payment of $30 is due by August 6th. And your reference is coded 5-4-8-8.",0.4857142857142857,0.5714285714285714,"{'name': {'recovered': True, 'conflict': False}, 'day': {'recovered': True, 'conflict': False}, 'time': {'recovered': False, 'conflict': False}, 'date': {'recovered': True, 'conflict': False}, 'amount': {'recovered': True, 'conflict': False}, 'code': {'recovered': False, 'conflict': False}, 'negation': {'recovered': False, 'conflict': False}}",7,4,0.5044020092233547,10.56,0.0,/content/drive/MyDrive/DataForge/noise_masking/outputs/6bd1eb398398af0e/clips/critical_04_baseline_r1_competing_speech_-5dB.wav,8518ad2716cf959d99024ed45d6d498d9e3bad6478edd2d83903142b402beb1d,/content/drive/MyDrive/DataForge/noise_masking/outputs/synthesis_cache/06c4d940de7e5f6d/77f54bd6e65187b651c246bba3bdf58b9d89490c5568ae16460571c39caf5ac9.wav,0.800750732421875,True,,1.0,HTTP WAV -> local PCMU roundtrip,after simulated phone codec,coda,celeste,https://users.rime.ai/v1/rime-tts,3.538961465509212,3.414065104462697,2.934177623208757,clips/critical_04_baseline_r1_competing_speech_-5dB.wav
6bd1eb398398af0edcbe31d260e15fa71a6e5aca1c3d9abc117aef7028d71966,critical_04_baseline_r1_competing_speech_0dB,critical_04,dev,baseline,1,competing_speech_0dB,competing_speech,0.0,0.7600658678883532,/content/drive/MyDrive/DataForge/data/musan/speech/librivox/speech-librivox-0001.wav,aa31bcba6049760ee64468437cc11a3d9359a71310f403c27d69ca2f25e9ed12,0.0,False,competing_speech,0.09213103895932805,20ms_frames_within_40dB_of_peak_power_v1,8000,-26.00000004707326,active speech / full source noise RMS; fixed gain,"Leo Martin, your Monday appointment is at nine twenty a m, your payment of thirty dollars is due by August sixth, and your reference code is five four eight two. Do not share the code.","Leo Martin, your Monday appointment is at 9.28am, your payment of $30 is due by August 6th, and your reference code is 548. Do not share the code.",0.3142857142857143,0.7142857142857143,"{'name': {'recovered': True, 'conflict': False}, 'day': {'recovered': True, 'conflict': False}, 'time': {'recovered': False, 'conflict': False}, 'date': {'recovered': True, 'conflict': False}, 'amount': {'recovered': True, 'conflict': False}, 'code': {'recovered': False, 'conflict': False}, 'negation': {'recovered': True, 'conflict': False}}",7,5,0.5984772615332633,10.56,0.0,/content/drive/MyDrive/DataForge/noise_masking/outputs/6bd1eb398398af0e/clips/critical_04_baseline_r1_competing_speech_0dB.wav,c917a836f79ff7ced189968072a52f57a6755a89e1197f4239d8f8f614d20973,/content/drive/MyDrive/DataForge/noise_masking/outputs/synthesis_cache/06c4d940de7e5f6d/77f54bd6e65187b651c246bba3bdf58b9d89490c5568ae16460571c39caf5ac9.wav,0.800750732421875,True,,1.0,HTTP WAV -> local PCMU roundtrip,after simulated phone codec,coda,celeste,https://users.rime.ai/v1/rime-tts,3.3557576572479757,3.3207029730031454,2.731687013134172,clips/critical_04_baseline_r1_competing_speech_0dB.wav
6bd1eb398398af0edcbe31d260e15fa71a6e5aca1c3d9abc117aef7028d71966,critical_04_baseline_r1_environment_-5dB,critical_04,dev,baseline,1,environment_-5dB,environment,-5.0,-4.62481421534482,/content/drive/MyDrive/DataForge/data/musan/noise/free-sound/noise-free-sound-0000.wav,38624671753649af38f97b5872463017badcb3e29411787a95f6f2beb9edbfec,0.0,False,traffic_or_machinery,0.3141879970145505,20ms_frames_within_40dB_of_peak_power_v1,8000,-26.00000004707326,active speech / full source noise RMS; fixed gain,"Leo Martin, your Monday appointment is at nine twenty a m, your payment of thirty dollars is due by August sixth, and your reference code is five four eight two. Do not share the code.","Leo Martin, your Monday appointment is at 9.20 a.m. Your payment of $30 is due by August 6th. Your reference code is 5-4-8-2. Do not share the code.",0.2857142857142857,1.0,"{'name': {'recovered': True, 'conflict': False}, 'day': {'recovered': True, 'conflict': False}, 'time': {'recovered': True, 'conflict': False}, 'date': {'recovered': True, 'conflict': False}, 'amount': {'recovered': True, 'conflict': False}, 'code': {'recovered': True, 'conflict': False}, 'negation': {'recovered': True, 'conflict': False}}",7,7,0.531236515667321,10.56,0.0,/content/drive/MyDrive/DataForge/noise_masking/outputs/6bd1eb398398af0e/clips/critical_04_baseline_r1_environment_-5dB.wav,0987e1910e19dd06107b3e268d2988291b3b3f35068ba32b02da8f18028f36c6,/content/drive/MyDrive/DataForge/noise_masking/outputs/synthesis_cache/06c4d940de7e5f6d/77f54bd6e65187b651c246bba3bdf58b9d89490c5568ae16460571c39caf5ac9.wav,0.800750732421875,True,,1.0,HTTP WAV -> local PCMU roundtrip,after simulated phone codec,coda,celeste,https://users.rime.ai/v1/rime-tts,2.354699147459553,1.7016334559300743,1.7040923783350796,clips/critical_04_baseline_r1_environment_-5dB.wav
6bd1eb398398af0edcbe31d260e15fa71a6e5aca1c3d9abc117aef7028d71966,critical_04_baseline_r1_environment_0dB,critical_04,dev,baseline,1,environment_0dB,environment,0.0,0.3751860822901394,/content/drive/MyDrive/DataForge/data/musan/noise/free-sound/noise-free-sound-0000.wav,38624671753649af38f97b5872463017badcb3e29411787a95f6f2beb9edbfec,0.0,False,traffic_or_machinery,0.3141879970145505,20ms_frames_within_40dB_of_peak_power_v1,8000,-26.00000004707326,active speech / full source noise RMS; fixed gain,"Leo Martin, your Monday appointment is at nine twenty a m, your payment of thirty dollars is due by August sixth, and your reference code is five four eight two. Do not share the code.","Leo Martin, your Monday appointment is at 9.20 a.m., your payment of $30 is due by August 6th, and your reference code is 5482. Do not share the code.",0.2571428571428571,1.0,"{'name': {'recovered': True, 'conflict': False}, 'day': {'recovered': True, 'conflict': False}, 'time': {'recovered': True, 'conflict': False}, 'date': {'recovered': True, 'conflict': False}, 'amount': {'recovered': True, 'conflict': False}, 'code': {'recovered': True, 'conflict': False}, 'negation': {'recovered': True, 'conflict': False}}",7,7,0.629403182911166,10.56,0.0,/content/drive/MyDrive/DataForge/noise_masking/outputs/6bd1eb398398af0e/clips/critical_04_baseline_r1_environment_0dB.wav,296168b28477b244f70ef655aab543a318ee2f5724ed1d897106fdb7cfa9a9b2,/content/drive/MyDrive/DataForge/noise_masking/outputs/synthesis_cache/06c4d940de7e5f6d/77f54bd6e65187b651c246bba3bdf58b9d89490c5568ae16460571c39caf5ac9.wav,0.800750732421875,True,,1.0,HTTP WAV -> local PCMU roundtrip,after simulated phone codec,coda,celeste,https://users.rime.ai/v1/rime-tts,3.0465913393769273,2.0832224051319264,2.0628048674835155,clips/critical_04_baseline_r1_environment_0dB.wav
6bd1eb398398af0edcbe31d260e15fa71a6e5aca1c3d9abc117aef7028d71966,critical_05_baseline_r0_clean,critical_05,dev,baseline,0,clean,clean,,,,,,False,clean,,20ms_frames_within_40dB_of_peak_power_v1,8000,-26.000000314152008,active speech / full source noise RMS; fixed gain,"Sara Khan, your Thursday appointment is at four ten p m, your payment of ninety dollars is due by September third, and your reference code is six two seven five. Do not change the date.","SARACON, your Thursday appointment is at 4.10 pm, your payment of $90 is due by September 3rd, and your reference code is 6275. Do not change the date.",0.37142857142857144,0.8571428571428571,"{'name': {'recovered': False, 'conflict': False}, 'day': {'recovered': True, 'conflict': False}, 'time': {'recovered': True, 'conflict': False}, 'date': {'recovered': True, 'conflict': False}, 'amount': {'recovered': True, 'conflict': False}, 'code': {'recovered': True, 'conflict': False}, 'negation': {'recovered': True, 'conflict': False}}",7,6,,12.32,0.0,/content/drive/MyDrive/DataForge/noise_masking/outputs/6bd1eb398398af0e/clips/critical_05_baseline_r0_clean.wav,a94372fc966c390109edfe04cda576ad795fab60679144f61962c9b5f5103f0c,/content/drive/MyDrive/DataForge/noise_masking/outputs/synthesis_cache/06c4d940de7e5f6d/c60b08d16685bb9457821fad4cb5d083b81432e6c49ab89dd84c12018f4fd484.wav,0.902313232421875,True,,1.0,HTTP WAV -> local PCMU roundtrip,after simulated phone codec,coda,celeste,https://users.rime.ai/v1/rime-tts,3.5789865237835445,4.070016455909568,3.268215456610064,clips/critical_05_baseline_r0_clean.wav
6bd1eb398398af0edcbe31d260e15fa71a6e5aca1c3d9abc117aef7028d71966,critical_05_baseline_r0_competing_speech_-5dB,critical_05,dev,baseline,0,competing_speech_-5dB,competing_speech,-5.0,-3.574182998861686,/content/drive/MyDrive/DataForge/data/musan/speech/librivox/speech-librivox-0001.wav,aa31bcba6049760ee64468437cc11a3d9359a71310f403c27d69ca2f25e9ed12,0.0,False,competing_speech,0.09213103895932805,20ms_frames_within_40dB_of_peak_power_v1,8000,-26.000000314152008,active speech / full source noise RMS; fixed gain,"Sara Khan, your Thursday appointment is at four ten p m, your payment of ninety dollars is due by September third, and your reference code is six two seven five. Do not change the date.","SARA-CON, your Thursday appointment is at 4pm, your payment is $90, due by September 3rd, your reference code is 6275, do not change the date.",0.42857142857142855,0.7142857142857143,"{'name': {'recovered': False, 'conflict': False}, 'day': {'recovered': True, 'conflict': False}, 'time': {'recovered': False, 'conflict': False}, 'date': {'recovered': True, 'conflict': False}, 'amount': {'recovered': True, 'conflict': False}, 'code': {'recovered': True, 'conflict': False}, 'negation': {'recovered': True, 'conflict': False}}",7,5,0.5440826403379685,12.32,0.0,/content/drive/MyDrive/DataForge/noise_masking/outputs/6bd1eb398398af0e/clips/critical_05_baseline_r0_competing_speech_-5dB.wav,fd4e73070cacfea55c41ebed0d7e98d31bb228da1e1c1168d326df2119af146b,/content/drive/MyDrive/DataForge/noise_masking/outputs/synthesis_cache/06c4d940de7e5f6d/c60b08d16685bb9457821fad4cb5d083b81432e6c49ab89dd84c12018f4fd484.wav,0.902313232421875,True,,1.0,HTTP WAV -> local PCMU roundtrip,after simulated phone codec,coda,celeste,https://users.rime.ai/v1/rime-tts,3.5634967233117294,3.1373729337386713,2.798350450707873,clips/critical_05_baseline_r0_competing_speech_-5dB.wav
6bd1eb398398af0edcbe31d260e15fa71a6e5aca1c3d9abc117aef7028d71966,critical_05_baseline_r0_competing_speech_0dB,critical_05,dev,baseline,0,competing_speech_0dB,competing_speech,0.0,1.4258169862936008,/content/drive/MyDrive/DataForge/data/musan/speech/librivox/speech-librivox-0001.wav,aa31bcba6049760ee64468437cc11a3d9359a71310f403c27d69ca2f25e9ed12,0.0,False,competing_speech,0.09213103895932805,20ms_frames_within_40dB_of_peak_power_v1,8000,-26.000000314152008,active speech / full source noise RMS; fixed gain,"Sara Khan, your Thursday appointment is at four ten p m, your payment of ninety dollars is due by September third, and your reference code is six two seven five. Do not change the date.","SARACON, your Thursday appointment is at 4pm, your payment of $90 is due by September 3rd, and your reference code is 6275. Do not change the date.",0.37142857142857144,0.7142857142857143,"{'name': {'recovered': False, 'conflict': False}, 'day': {'recovered': True, 'conflict': False}, 'time': {'recovered': False, 'conflict': False}, 'date': {'recovered': True, 'conflict': False}, 'amount': {'recovered': True, 'conflict': False}, 'code': {'recovered': True, 'conflict': False}, 'negation': {'recovered': True, 'conflict': False}}",7,5,0.6089275454520408,12.32,0.0,/content/drive/MyDrive/DataForge/noise_masking/outputs/6bd1eb398398af0e/clips/critical_05_baseline_r0_competing_speech_0dB.wav,0b69cbba9599f7c0217da5e65503c3619d75789049f3e0ed5806d9399be29227,/content/drive/MyDrive/DataForge/noise_masking/outputs/synthesis_cache/06c4d940de7e5f6d/c60b08d16685bb9457821fad4cb5d083b81432e6c49ab89dd84c12018f4fd484.wav,0.902313232421875,True,,1.0,HTTP WAV -> local PCMU roundtrip,after simulated phone codec,coda,celeste,https://users.rime.ai/v1/rime-tts,3.5067311478198526,2.700207648029775,2.540063368332469,clips/critical_05_baseline_r0_competing_speech_0dB.wav
6bd1eb398398af0edcbe31d260e15fa71a6e5aca1c3d9abc117aef7028d71966,critical_05_baseline_r0_environment_-5dB,critical_05,dev,baseline,0,environment_-5dB,environment,-5.0,-5.020382403931399,/content/drive/MyDrive/DataForge/data/musan/noise/free-sound/noise-free-sound-0000.wav,38624671753649af38f97b5872463017badcb3e29411787a95f6f2beb9edbfec,0.0,False,traffic_or_machinery,0.3141879970145505,20ms_frames_within_40dB_of_peak_power_v1,8000,-26.000000314152008,active speech / full source noise RMS; fixed gain,"Sara Khan, your Thursday appointment is at four ten p m, your payment of ninety dollars is due by September third, and your reference code is six two seven five. Do not change the date.","SARACON, your Thursday appointment is at 4.10pm, your payment of $90 is due by September 3rd, and your reference code is 6275. Do not change the date.",0.37142857142857144,0.8571428571428571,"{'name': {'recovered': False, 'conflict': False}, 'day': {'recovered': True, 'conflict': False}, 'time': {'recovered': True, 'conflict': False}, 'date': {'recovered': True, 'conflict': False}, 'amount': {'recovered': True, 'conflict': False}, 'code': {'recovered': True, 'conflict': False}, 'negation': {'recovered': True, 'conflict': False}}",7,6,0.47709787827488037,12.32,0.0,/content/drive/MyDrive/DataForge/noise_masking/outputs/6bd1eb398398af0e/clips/critical_05_baseline_r0_environment_-5dB.wav,4ffc642153ede45b743c80ee7856d8d30be8bb132c9e347461e1eedba844aba9,/content/drive/MyDrive/DataForge/noise_masking/outputs/synthesis_cache/06c4d940de7e5f6d/c60b08d16685bb9457821fad4cb5d083b81432e6c49ab89dd84c12018f4fd484.wav,0.902313232421875,True,,1.0,HTTP WAV -> local PCMU roundtrip,after simulated phone codec,coda,celeste,https://users.rime.ai/v1/rime-tts,2.4555090231516434,1.7506827517483112,1.8072711079209685,clips/critical_05_baseline_r0_environment_-5dB.wav
6bd1eb398398af0edcbe31d260e15fa71a6e5aca1c3d9abc117aef7028d71966,critical_05_baseline_r0_environment_0dB,critical_05,dev,baseline,0,environment_0dB,environment,0.0,-0.020382105615900134,/content/drive/MyDrive/DataForge/data/musan/noise/free-sound/noise-free-sound-0000.wav,38624671753649af38f97b5872463017badcb3e29411787a95f6f2beb9edbfec,0.0,False,traffic_or_machinery,0.3141879970145505,20ms_frames_within_40dB_of_peak_power_v1,8000,-26.000000314152008,active speech / full source noise RMS; fixed gain,"Sara Khan, your Thursday appointment is at four ten p m, your payment of ninety dollars is due by September third, and your reference code is six two seven five. Do not change the date.","SARACON, your Thursday appointment is at 4.10 pm, your payment of $90 is due by September 3rd, and your reference code is 6275. Do not change the date.",0.37142857142857144,0.8571428571428571,"{'name': {'recovered': False, 'conflict': False}, 'day': {'recovered': True, 'conflict': False}, 'time': {'recovered': True, 'conflict': False}, 'date': {'recovered': True, 'conflict': False}, 'amount': {'recovered': True, 'conflict': False}, 'code': {'recovered': True, 'conflict': False}, 'negation': {'recovered': True, 'conflict': False}}",7,6,0.5676840600480061,12.32,0.0,/content/drive/MyDrive/DataForge/noise_masking/outputs/6bd1eb398398af0e/clips/critical_05_baseline_r0_environment_0dB.wav,3d7533d99cb04087950b55657eb38f660d06d30410284c67716e4d553af7af45,/content/drive/MyDrive/DataForge/noise_masking/outputs/synthesis_cache/06c4d940de7e5f6d/c60b08d16685bb9457821fad4cb5d083b81432e6c49ab89dd84c12018f4fd484.wav,0.902313232421875,True,,1.0,HTTP WAV -> local PCMU roundtrip,after simulated phone codec,coda,celeste,https://users.rime.ai/v1/rime-tts,3.338024120414583,2.3104643837493692,2.3468135745441683,clips/critical_05_baseline_r0_environment_0dB.wav
6bd1eb398398af0edcbe31d260e15fa71a6e5aca1c3d9abc117aef7028d71966,critical_05_baseline_r1_clean,critical_05,dev,baseline,1,clean,clean,,,,,,False,clean,,20ms_frames_within_40dB_of_peak_power_v1,8000,-26.000000241443814,active speech / full source noise RMS; fixed gain,"Sara Khan, your Thursday appointment is at four ten p m, your payment of ninety dollars is due by September third, and your reference code is six two seven five. Do not change the date.","Sarah Khan, your Thursday appointment is at 4.10 pm, your payment of $90 is due by September 3rd, and your reference code is 6275. Do not change the date.",0.34285714285714286,0.8571428571428571,"{'name': {'recovered': False, 'conflict': False}, 'day': {'recovered': True, 'conflict': False}, 'time': {'recovered': True, 'conflict': False}, 'date': {'recovered': True, 'conflict': False}, 'amount': {'recovered': True, 'conflict': False}, 'code': {'recovered': True, 'conflict': False}, 'negation': {'recovered': True, 'conflict': False}}",7,6,,11.36,0.0,/content/drive/MyDrive/DataForge/noise_masking/outputs/6bd1eb398398af0e/clips/critical_05_baseline_r1_clean.wav,3966433fde89dfa2555b3687683cb928a67dad8914b28953f7ff31159b98b2db,/content/drive/MyDrive/DataForge/noise_masking/outputs/synthesis_cache/06c4d940de7e5f6d/a539aef53cd63e54b26a1a39b511850ed40709bcb2352ab3439b17b5d02eba60.wav,0.925750732421875,True,,1.0,HTTP WAV -> local PCMU roundtrip,after simulated phone codec,coda,celeste,https://users.rime.ai/v1/rime-tts,3.592816641065895,4.116361691991189,3.3136714823199434,clips/critical_05_baseline_r1_clean.wav
6bd1eb398398af0edcbe31d260e15fa71a6e5aca1c3d9abc117aef7028d71966,critical_05_baseline_r1_competing_speech_-5dB,critical_05,dev,baseline,1,competing_speech_-5dB,competing_speech,-5.0,-3.926492653999769,/content/drive/MyDrive/DataForge/data/musan/speech/librivox/speech-librivox-0001.wav,aa31bcba6049760ee64468437cc11a3d9359a71310f403c27d69ca2f25e9ed12,0.0,False,competing_speech,0.09213103895932805,20ms_frames_within_40dB_of_peak_power_v1,8000,-26.000000241443814,active speech / full source noise RMS; fixed gain,"Sara Khan, your Thursday appointment is at four ten p m, your payment of ninety dollars is due by September third, and your reference code is six two seven five. Do not change the date.","Sarah Khan, your Thursday appointment is at... Song of Myself, Section 51, by Walt Whitman, read for LibraVox.org, by Alan Davis Gray.",0.7714285714285715,0.14285714285714285,"{'name': {'recovered': False, 'conflict': False}, 'day': {'recovered': True, 'conflict': False}, 'time': {'recovered': False, 'conflict': False}, 'date': {'recovered': False, 'conflict': False}, 'amount': {'recovered': False, 'conflict': False}, 'code': {'recovered': False, 'conflict': False}, 'negation': {'recovered': False, 'conflict': False}}",7,1,0.5343923130390047,11.36,0.0,/content/drive/MyDrive/DataForge/noise_masking/outputs/6bd1eb398398af0e/clips/critical_05_baseline_r1_competing_speech_-5dB.wav,8a811e9ffb3f151c964d45e3b44208e8f36852a3ddb224647b99344f46f8c1fb,/content/drive/MyDrive/DataForge/noise_masking/outputs/synthesis_cache/06c4d940de7e5f6d/a539aef53cd63e54b26a1a39b511850ed40709bcb2352ab3439b17b5d02eba60.wav,0.925750732421875,True,,1.0,HTTP WAV -> local PCMU roundtrip,after simulated phone codec,coda,celeste,https://users.rime.ai/v1/rime-tts,3.5678551816687687,3.0516814588385,2.7929253441248285,clips/critical_05_baseline_r1_competing_speech_-5dB.wav
6bd1eb398398af0edcbe31d260e15fa71a6e5aca1c3d9abc117aef7028d71966,critical_05_baseline_r1_competing_speech_0dB,critical_05,dev,baseline,1,competing_speech_0dB,competing_speech,0.0,1.073507331155499,/content/drive/MyDrive/DataForge/data/musan/speech/librivox/speech-librivox-0001.wav,aa31bcba6049760ee64468437cc11a3d9359a71310f403c27d69ca2f25e9ed12,0.0,False,competing_speech,0.09213103895932805,20ms_frames_within_40dB_of_peak_power_v1,8000,-26.000000241443814,active speech / full source noise RMS; fixed gain,"Sara Khan, your Thursday appointment is at four ten p m, your payment of ninety dollars is due by September third, and your reference code is six two seven five. Do not change the date.","Sarah Khan, your Thursday appointment is at 4.10 p.m., your payment of $90 is due by September 3rd, and your reference code is 6275. Do not change the date.",0.2857142857142857,0.8571428571428571,"{'name': {'recovered': False, 'conflict': False}, 'day': {'recovered': True, 'conflict': False}, 'time': {'recovered': True, 'conflict': False}, 'date': {'recovered': True, 'conflict': False}, 'amount': {'recovered': True, 'conflict': False}, 'code': {'recovered': True, 'conflict': False}, 'negation': {'recovered': True, 'conflict': False}}",7,6,0.6149369150978143,11.36,0.0,/content/drive/MyDrive/DataForge/noise_masking/outputs/6bd1eb398398af0e/clips/critical_05_baseline_r1_competing_speech_0dB.wav,c1b92bd32dbd0fe1fdf18cac8d97934ad1cebd1c3d21f98f53071277624f435e,/content/drive/MyDrive/DataForge/noise_masking/outputs/synthesis_cache/06c4d940de7e5f6d/a539aef53cd63e54b26a1a39b511850ed40709bcb2352ab3439b17b5d02eba60.wav,0.925750732421875,True,,1.0,HTTP WAV -> local PCMU roundtrip,after simulated phone codec,coda,celeste,https://users.rime.ai/v1/rime-tts,3.5610240550696006,3.1881820214618535,2.8550515514937094,clips/critical_05_baseline_r1_competing_speech_0dB.wav
6bd1eb398398af0edcbe31d260e15fa71a6e5aca1c3d9abc117aef7028d71966,critical_05_baseline_r1_environment_-5dB,critical_05,dev,baseline,1,environment_-5dB,environment,-5.0,-4.802651364220253,/content/drive/MyDrive/DataForge/data/musan/noise/free-sound/noise-free-sound-0000.wav,38624671753649af38f97b5872463017badcb3e29411787a95f6f2beb9edbfec,0.0,False,traffic_or_machinery,0.3141879970145505,20ms_frames_within_40dB_of_peak_power_v1,8000,-26.000000241443814,active speech / full source noise RMS; fixed gain,"Sara Khan, your Thursday appointment is at four ten p m, your payment of ninety dollars is due by September third, and your reference code is six two seven five. Do not change the date.","Sarah Khan, your Thursday appointment is at 4.10 p.m. Your payment of $90 is due by September 3rd, and your reference code is 6275. Do not change the date.",0.2857142857142857,0.8571428571428571,"{'name': {'recovered': False, 'conflict': False}, 'day': {'recovered': True, 'conflict': False}, 'time': {'recovered': True, 'conflict': False}, 'date': {'recovered': True, 'conflict': False}, 'amount': {'recovered': True, 'conflict': False}, 'code': {'recovered': True, 'conflict': False}, 'negation': {'recovered': True, 'conflict': False}}",7,6,0.5334386293961589,11.36,0.0,/content/drive/MyDrive/DataForge/noise_masking/outputs/6bd1eb398398af0e/clips/critical_05_baseline_r1_environment_-5dB.wav,934d0db42c2703a5d04b24e0b85779e6659aa6f8c9af17da0fe6385a940a82cd,/content/drive/MyDrive/DataForge/noise_masking/outputs/synthesis_cache/06c4d940de7e5f6d/a539aef53cd63e54b26a1a39b511850ed40709bcb2352ab3439b17b5d02eba60.wav,0.925750732421875,True,,1.0,HTTP WAV -> local PCMU roundtrip,after simulated phone codec,coda,celeste,https://users.rime.ai/v1/rime-tts,2.7291584820940837,1.7902355573464837,1.8605028828664383,clips/critical_05_baseline_r1_environment_-5dB.wav
6bd1eb398398af0edcbe31d260e15fa71a6e5aca1c3d9abc117aef7028d71966,critical_05_baseline_r1_environment_0dB,critical_05,dev,baseline,1,environment_0dB,environment,0.0,0.1973489335874885,/content/drive/MyDrive/DataForge/data/musan/noise/free-sound/noise-free-sound-0000.wav,38624671753649af38f97b5872463017badcb3e29411787a95f6f2beb9edbfec,0.0,False,traffic_or_machinery,0.3141879970145505,20ms_frames_within_40dB_of_peak_power_v1,8000,-26.000000241443814,active speech / full source noise RMS; fixed gain,"Sara Khan, your Thursday appointment is at four ten p m, your payment of ninety dollars is due by September third, and your reference code is six two seven five. Do not change the date.","Sarah Khan, your Thursday appointment is at 4.10 p.m., your payment of $90 is due by September 3rd, and your reference code is 6275. Do not change the date.",0.2857142857142857,0.8571428571428571,"{'name': {'recovered': False, 'conflict': False}, 'day': {'recovered': True, 'conflict': False}, 'time': {'recovered': True, 'conflict': False}, 'date': {'recovered': True, 'conflict': False}, 'amount': {'recovered': True, 'conflict': False}, 'code': {'recovered': True, 'conflict': False}, 'negation': {'recovered': True, 'conflict': False}}",7,6,0.6256974973651552,11.36,0.0,/content/drive/MyDrive/DataForge/noise_masking/outputs/6bd1eb398398af0e/clips/critical_05_baseline_r1_environment_0dB.wav,2eeb52316f271a708726d0b644fde576fbdf9f5ecf71b64a042443738565743d,/content/drive/MyDrive/DataForge/noise_masking/outputs/synthesis_cache/06c4d940de7e5f6d/a539aef53cd63e54b26a1a39b511850ed40709bcb2352ab3439b17b5d02eba60.wav,0.925750732421875,True,,1.0,HTTP WAV -> local PCMU roundtrip,after simulated phone codec,coda,celeste,https://users.rime.ai/v1/rime-tts,3.6566634460242433,2.587285551558154,2.6289000410134773,clips/critical_05_baseline_r1_environment_0dB.wav
6bd1eb398398af0edcbe31d260e15fa71a6e5aca1c3d9abc117aef7028d71966,critical_06_baseline_r0_clean,critical_06,dev,baseline,0,clean,clean,,,,,,False,clean,,20ms_frames_within_40dB_of_peak_power_v1,8000,-26.000000078867554,active speech / full source noise RMS; fixed gain,"Omar Reed, your Saturday appointment is at eleven fifty a m, your payment of fifty dollars is due by October twelfth, and your reference code is nine three five eight. Do not cancel the delivery.","Omar Reed, your Saturday appointment is at 11.50 a.m., your payment of $50 is due by October 12, and your reference code is 9358. Do not cancel the delivery.",0.2571428571428571,1.0,"{'name': {'recovered': True, 'conflict': False}, 'day': {'recovered': True, 'conflict': False}, 'time': {'recovered': True, 'conflict': False}, 'date': {'recovered': True, 'conflict': False}, 'amount': {'recovered': True, 'conflict': False}, 'code': {'recovered': True, 'conflict': False}, 'negation': {'recovered': True, 'conflict': False}}",7,7,,13.2,0.0,/content/drive/MyDrive/DataForge/noise_masking/outputs/6bd1eb398398af0e/clips/critical_06_baseline_r0_clean.wav,c7fac427590dfb9c955eb2994370748bd01fe7a585da5619622b158cbb13e082,/content/drive/MyDrive/DataForge/noise_masking/outputs/synthesis_cache/06c4d940de7e5f6d/d6dacb75713a9355495364619aa482accde8de6690041869281bac4dcc9e92c0.wav,0.902313232421875,True,,1.0,HTTP WAV -> local PCMU roundtrip,after simulated phone codec,coda,celeste,https://users.rime.ai/v1/rime-tts,3.6650962994916894,4.146637849296984,3.3908745771243183,clips/critical_06_baseline_r0_clean.wav
6bd1eb398398af0edcbe31d260e15fa71a6e5aca1c3d9abc117aef7028d71966,critical_06_baseline_r0_competing_speech_-5dB,critical_06,dev,baseline,0,competing_speech_-5dB,competing_speech,-5.0,-3.5056246999994074,/content/drive/MyDrive/DataForge/data/musan/speech/librivox/speech-librivox-0001.wav,aa31bcba6049760ee64468437cc11a3d9359a71310f403c27d69ca2f25e9ed12,0.0,False,competing_speech,0.09213103895932805,20ms_frames_within_40dB_of_peak_power_v1,8000,-26.000000078867554,active speech / full source noise RMS; fixed gain,"Omar Reed, your Saturday appointment is at eleven fifty a m, your payment of fifty dollars is due by October twelfth, and your reference code is nine three five eight. Do not cancel the delivery.","Omar Reed, your Saturday appointment is at 11.50 AM, the payment of $50 is due by October 12, and your reference code is 9358. Do not cancel the delivery.",0.34285714285714286,1.0,"{'name': {'recovered': True, 'conflict': False}, 'day': {'recovered': True, 'conflict': False}, 'time': {'recovered': True, 'conflict': False}, 'date': {'recovered': True, 'conflict': False}, 'amount': {'recovered': True, 'conflict': False}, 'code': {'recovered': True, 'conflict': False}, 'negation': {'recovered': True, 'conflict': False}}",7,7,0.5802430614697466,13.2,0.0,/content/drive/MyDrive/DataForge/noise_masking/outputs/6bd1eb398398af0e/clips/critical_06_baseline_r0_competing_speech_-5dB.wav,43653f255909c71b852cd41a5ca7beee60263bb0f58ebc3022e16710675ac28c,/content/drive/MyDrive/DataForge/noise_masking/outputs/synthesis_cache/06c4d940de7e5f6d/d6dacb75713a9355495364619aa482accde8de6690041869281bac4dcc9e92c0.wav,0.902313232421875,True,,1.0,HTTP WAV -> local PCMU roundtrip,after simulated phone codec,coda,celeste,https://users.rime.ai/v1/rime-tts,3.6417755413981823,3.4345806757191304,3.0411411827931376,clips/critical_06_baseline_r0_competing_speech_-5dB.wav
6bd1eb398398af0edcbe31d260e15fa71a6e5aca1c3d9abc117aef7028d71966,critical_06_baseline_r0_competing_speech_0dB,critical_06,dev,baseline,0,competing_speech_0dB,competing_speech,0.0,1.494375285255817,/content/drive/MyDrive/DataForge/data/musan/speech/librivox/speech-librivox-0001.wav,aa31bcba6049760ee64468437cc11a3d9359a71310f403c27d69ca2f25e9ed12,0.0,False,competing_speech,0.09213103895932805,20ms_frames_within_40dB_of_peak_power_v1,8000,-26.000000078867554,active speech / full source noise RMS; fixed gain,"Omar Reed, your Saturday appointment is at eleven fifty a m, your payment of fifty dollars is due by October twelfth, and your reference code is nine three five eight. Do not cancel the delivery.","Omar Reed, your Saturday appointment is at 11.50 AM. Your payment of $50 is due by October 12, and your reference code is 9358. Do not cancel the delivery.",0.3142857142857143,1.0,"{'name': {'recovered': True, 'conflict': False}, 'day': {'recovered': True, 'conflict': False}, 'time': {'recovered': True, 'conflict': False}, 'date': {'recovered': True, 'conflict': False}, 'amount': {'recovered': True, 'conflict': False}, 'code': {'recovered': True, 'conflict': False}, 'negation': {'recovered': True, 'conflict': False}}",7,7,0.6615618601461485,13.2,0.0,/content/drive/MyDrive/DataForge/noise_masking/outputs/6bd1eb398398af0e/clips/critical_06_baseline_r0_competing_speech_0dB.wav,81baba3ba6f9a1da8efa6768999dbf4830cfa4c162ece67500bd9a6be73a3f91,/content/drive/MyDrive/DataForge/noise_masking/outputs/synthesis_cache/06c4d940de7e5f6d/d6dacb75713a9355495364619aa482accde8de6690041869281bac4dcc9e92c0.wav,0.902313232421875,True,,1.0,HTTP WAV -> local PCMU roundtrip,after simulated phone codec,coda,celeste,https://users.rime.ai/v1/rime-tts,3.655333520998756,3.524362254801553,3.091349549770032,clips/critical_06_baseline_r0_competing_speech_0dB.wav
6bd1eb398398af0edcbe31d260e15fa71a6e5aca1c3d9abc117aef7028d71966,critical_06_baseline_r0_environment_-5dB,critical_06,dev,baseline,0,environment_-5dB,environment,-5.0,-5.12818619583766,/content/drive/MyDrive/DataForge/data/musan/noise/free-sound/noise-free-sound-0000.wav,38624671753649af38f97b5872463017badcb3e29411787a95f6f2beb9edbfec,0.0,False,traffic_or_machinery,0.3141879970145505,20ms_frames_within_40dB_of_peak_power_v1,8000,-26.000000078867554,active speech / full source noise RMS; fixed gain,"Omar Reed, your Saturday appointment is at eleven fifty a m, your payment of fifty dollars is due by October twelfth, and your reference code is nine three five eight. Do not cancel the delivery.","Omar Reed, your Saturday appointment is at 11.50 a.m., your payment of $50 is due by October 12, and your reference code is 9358. Do not cancel the delivery.",0.2571428571428571,1.0,"{'name': {'recovered': True, 'conflict': False}, 'day': {'recovered': True, 'conflict': False}, 'time': {'recovered': True, 'conflict': False}, 'date': {'recovered': True, 'conflict': False}, 'amount': {'recovered': True, 'conflict': False}, 'code': {'recovered': True, 'conflict': False}, 'negation': {'recovered': True, 'conflict': False}}",7,7,0.48597121604216903,13.2,0.0,/content/drive/MyDrive/DataForge/noise_masking/outputs/6bd1eb398398af0e/clips/critical_06_baseline_r0_environment_-5dB.wav,789137987dfc1f4a566cc27f02951cfa55a71da30a2581deefbedef271a39949,/content/drive/MyDrive/DataForge/noise_masking/outputs/synthesis_cache/06c4d940de7e5f6d/d6dacb75713a9355495364619aa482accde8de6690041869281bac4dcc9e92c0.wav,0.902313232421875,True,,1.0,HTTP WAV -> local PCMU roundtrip,after simulated phone codec,coda,celeste,https://users.rime.ai/v1/rime-tts,2.230705393981317,1.5120289136009866,1.515419801144165,clips/critical_06_baseline_r0_environment_-5dB.wav
6bd1eb398398af0edcbe31d260e15fa71a6e5aca1c3d9abc117aef7028d71966,critical_06_baseline_r0_environment_0dB,critical_06,dev,baseline,0,environment_0dB,environment,0.0,-0.1281858969554109,/content/drive/MyDrive/DataForge/data/musan/noise/free-sound/noise-free-sound-0000.wav,38624671753649af38f97b5872463017badcb3e29411787a95f6f2beb9edbfec,0.0,False,traffic_or_machinery,0.3141879970145505,20ms_frames_within_40dB_of_peak_power_v1,8000,-26.000000078867554,active speech / full source noise RMS; fixed gain,"Omar Reed, your Saturday appointment is at eleven fifty a m, your payment of fifty dollars is due by October twelfth, and your reference code is nine three five eight. Do not cancel the delivery.","Omar Reed, your Saturday appointment is at 11.50 a.m., your payment of $50 is due by October 12, and your reference code is 9358. Do not cancel the delivery.",0.2571428571428571,1.0,"{'name': {'recovered': True, 'conflict': False}, 'day': {'recovered': True, 'conflict': False}, 'time': {'recovered': True, 'conflict': False}, 'date': {'recovered': True, 'conflict': False}, 'amount': {'recovered': True, 'conflict': False}, 'code': {'recovered': True, 'conflict': False}, 'negation': {'recovered': True, 'conflict': False}}",7,7,0.5835036118286517,13.2,0.0,/content/drive/MyDrive/DataForge/noise_masking/outputs/6bd1eb398398af0e/clips/critical_06_baseline_r0_environment_0dB.wav,53fd6e52c889c5787f1a17b2f7e338e2dbcb0c9ac731c86439ab789189e386b9,/content/drive/MyDrive/DataForge/noise_masking/outputs/synthesis_cache/06c4d940de7e5f6d/d6dacb75713a9355495364619aa482accde8de6690041869281bac4dcc9e92c0.wav,0.902313232421875,True,,1.0,HTTP WAV -> local PCMU roundtrip,after simulated phone codec,coda,celeste,https://users.rime.ai/v1/rime-tts,3.2277908620735944,2.225024463082554,2.225561930553365,clips/critical_06_baseline_r0_environment_0dB.wav
6bd1eb398398af0edcbe31d260e15fa71a6e5aca1c3d9abc117aef7028d71966,critical_06_baseline_r1_clean,critical_06,dev,baseline,1,clean,clean,,,,,,False,clean,,20ms_frames_within_40dB_of_peak_power_v1,8000,-26.000000093980077,active speech / full source noise RMS; fixed gain,"Omar Reed, your Saturday appointment is at eleven fifty a m, your payment of fifty dollars is due by October twelfth, and your reference code is nine three five eight. Do not cancel the delivery.","Omar Reed, your Saturday appointment is at 11.50 a.m., your payment of $50 is due by October 12th, and your reference code is 9358. Do not cancel the delivery.",0.2571428571428571,1.0,"{'name': {'recovered': True, 'conflict': False}, 'day': {'recovered': True, 'conflict': False}, 'time': {'recovered': True, 'conflict': False}, 'date': {'recovered': True, 'conflict': False}, 'amount': {'recovered': True, 'conflict': False}, 'code': {'recovered': True, 'conflict': False}, 'negation': {'recovered': True, 'conflict': False}}",7,7,,12.56,0.0,/content/drive/MyDrive/DataForge/noise_masking/outputs/6bd1eb398398af0e/clips/critical_06_baseline_r1_clean.wav,5c2b3e4d711e7970e1425a457b5b7a4500914f512dac86fefc7d328bdc6aa89c,/content/drive/MyDrive/DataForge/noise_masking/outputs/synthesis_cache/06c4d940de7e5f6d/4d8ba00a9293d0119393c283e49eeaf7d97ac22c98511a70004dfbf2839c2bf7.wav,0.972625732421875,True,,1.0,HTTP WAV -> local PCMU roundtrip,after simulated phone codec,coda,celeste,https://users.rime.ai/v1/rime-tts,3.593588358822106,4.164783109939465,3.3322286714295166,clips/critical_06_baseline_r1_clean.wav
6bd1eb398398af0edcbe31d260e15fa71a6e5aca1c3d9abc117aef7028d71966,critical_06_baseline_r1_competing_speech_-5dB,critical_06,dev,baseline,1,competing_speech_-5dB,competing_speech,-5.0,-3.4903972295230985,/content/drive/MyDrive/DataForge/data/musan/speech/librivox/speech-librivox-0001.wav,aa31bcba6049760ee64468437cc11a3d9359a71310f403c27d69ca2f25e9ed12,0.0,False,competing_speech,0.09213103895932805,20ms_frames_within_40dB_of_peak_power_v1,8000,-26.000000093980077,active speech / full source noise RMS; fixed gain,"Omar Reed, your Saturday appointment is at eleven fifty a m, your payment of fifty dollars is due by October twelfth, and your reference code is nine three five eight. Do not cancel the delivery.","Omar Reed, your Saturday appointment is at 11 p.m. Your payment at $50 is due by October 12th when your reference code is 93858. Do not cancel the delivery.",0.34285714285714286,0.7142857142857143,"{'name': {'recovered': True, 'conflict': False}, 'day': {'recovered': True, 'conflict': False}, 'time': {'recovered': False, 'conflict': False}, 'date': {'recovered': True, 'conflict': False}, 'amount': {'recovered': True, 'conflict': False}, 'code': {'recovered': False, 'conflict': False}, 'negation': {'recovered': True, 'conflict': False}}",7,5,0.566859263826167,12.56,0.0,/content/drive/MyDrive/DataForge/noise_masking/outputs/6bd1eb398398af0e/clips/critical_06_baseline_r1_competing_speech_-5dB.wav,eb35bc89ae528798eb0b452208cab5bfa40945af2167bc9e9472e9aa11945856,/content/drive/MyDrive/DataForge/noise_masking/outputs/synthesis_cache/06c4d940de7e5f6d/4d8ba00a9293d0119393c283e49eeaf7d97ac22c98511a70004dfbf2839c2bf7.wav,0.972625732421875,True,,1.0,HTTP WAV -> local PCMU roundtrip,after simulated phone codec,coda,celeste,https://users.rime.ai/v1/rime-tts,3.457919780039224,3.126574122320711,2.7054890952157216,clips/critical_06_baseline_r1_competing_speech_-5dB.wav
6bd1eb398398af0edcbe31d260e15fa71a6e5aca1c3d9abc117aef7028d71966,critical_06_baseline_r1_competing_speech_0dB,critical_06,dev,baseline,1,competing_speech_0dB,competing_speech,0.0,1.5096027556321925,/content/drive/MyDrive/DataForge/data/musan/speech/librivox/speech-librivox-0001.wav,aa31bcba6049760ee64468437cc11a3d9359a71310f403c27d69ca2f25e9ed12,0.0,False,competing_speech,0.09213103895932805,20ms_frames_within_40dB_of_peak_power_v1,8000,-26.000000093980077,active speech / full source noise RMS; fixed gain,"Omar Reed, your Saturday appointment is at eleven fifty a m, your payment of fifty dollars is due by October twelfth, and your reference code is nine three five eight. Do not cancel the delivery.","Omar Reed, your Saturday appointment is at 11.60am, your payment at $50 is due by October 12th, and your reference code is 9358. Do not cancel the delivery.",0.34285714285714286,0.8571428571428571,"{'name': {'recovered': True, 'conflict': False}, 'day': {'recovered': True, 'conflict': False}, 'time': {'recovered': False, 'conflict': False}, 'date': {'recovered': True, 'conflict': False}, 'amount': {'recovered': True, 'conflict': False}, 'code': {'recovered': True, 'conflict': False}, 'negation': {'recovered': True, 'conflict': False}}",7,6,0.6417037426170945,12.56,0.0,/content/drive/MyDrive/DataForge/noise_masking/outputs/6bd1eb398398af0e/clips/critical_06_baseline_r1_competing_speech_0dB.wav,6d6fc06a024ede0ee9197f9158236bba32e27e54f1082f9b287f8c0f004c80b1,/content/drive/MyDrive/DataForge/noise_masking/outputs/synthesis_cache/06c4d940de7e5f6d/4d8ba00a9293d0119393c283e49eeaf7d97ac22c98511a70004dfbf2839c2bf7.wav,0.972625732421875,True,,1.0,HTTP WAV -> local PCMU roundtrip,after simulated phone codec,coda,celeste,https://users.rime.ai/v1/rime-tts,3.465684028756128,2.998891777465472,2.6485169498409205,clips/critical_06_baseline_r1_competing_speech_0dB.wav
6bd1eb398398af0edcbe31d260e15fa71a6e5aca1c3d9abc117aef7028d71966,critical_06_baseline_r1_environment_-5dB,critical_06,dev,baseline,1,environment_-5dB,environment,-5.0,-5.043657180617488,/content/drive/MyDrive/DataForge/data/musan/noise/free-sound/noise-free-sound-0000.wav,38624671753649af38f97b5872463017badcb3e29411787a95f6f2beb9edbfec,0.0,False,traffic_or_machinery,0.3141879970145505,20ms_frames_within_40dB_of_peak_power_v1,8000,-26.000000093980077,active speech / full source noise RMS; fixed gain,"Omar Reed, your Saturday appointment is at eleven fifty a m, your payment of fifty dollars is due by October twelfth, and your reference code is nine three five eight. Do not cancel the delivery.","Omar Reed, your Saturday appointment is at 11.50 am, your payment of $50 is due by October 12th, and your reference code is 9358. Do not cancel the delivery.",0.3142857142857143,1.0,"{'name': {'recovered': True, 'conflict': False}, 'day': {'recovered': True, 'conflict': False}, 'time': {'recovered': True, 'conflict': False}, 'date': {'recovered': True, 'conflict': False}, 'amount': {'recovered': True, 'conflict': False}, 'code': {'recovered': True, 'conflict': False}, 'negation': {'recovered': True, 'conflict': False}}",7,7,0.513342459378821,12.56,0.0,/content/drive/MyDrive/DataForge/noise_masking/outputs/6bd1eb398398af0e/clips/critical_06_baseline_r1_environment_-5dB.wav,c0ac9fc399ff38e2efa5d81746b83a1036b28b75cdf4c480acbc4b3e556559c4,/content/drive/MyDrive/DataForge/noise_masking/outputs/synthesis_cache/06c4d940de7e5f6d/4d8ba00a9293d0119393c283e49eeaf7d97ac22c98511a70004dfbf2839c2bf7.wav,0.972625732421875,True,,1.0,HTTP WAV -> local PCMU roundtrip,after simulated phone codec,coda,celeste,https://users.rime.ai/v1/rime-tts,2.47644869139652,1.7061003213232504,1.6585183217731772,clips/critical_06_baseline_r1_environment_-5dB.wav
6bd1eb398398af0edcbe31d260e15fa71a6e5aca1c3d9abc117aef7028d71966,critical_06_baseline_r1_environment_0dB,critical_06,dev,baseline,1,environment_0dB,environment,0.0,-0.043656882235772757,/content/drive/MyDrive/DataForge/data/musan/noise/free-sound/noise-free-sound-0000.wav,38624671753649af38f97b5872463017badcb3e29411787a95f6f2beb9edbfec,0.0,False,traffic_or_machinery,0.3141879970145505,20ms_frames_within_40dB_of_peak_power_v1,8000,-26.000000093980077,active speech / full source noise RMS; fixed gain,"Omar Reed, your Saturday appointment is at eleven fifty a m, your payment of fifty dollars is due by October twelfth, and your reference code is nine three five eight. Do not cancel the delivery.","Omar Reed, your Saturday appointment is at 11.50 a.m., your payment of $50 is due by October 12th, and your reference code is 9358. Do not cancel the delivery.",0.2571428571428571,1.0,"{'name': {'recovered': True, 'conflict': False}, 'day': {'recovered': True, 'conflict': False}, 'time': {'recovered': True, 'conflict': False}, 'date': {'recovered': True, 'conflict': False}, 'amount': {'recovered': True, 'conflict': False}, 'code': {'recovered': True, 'conflict': False}, 'negation': {'recovered': True, 'conflict': False}}",7,7,0.6117780656927847,12.56,0.0,/content/drive/MyDrive/DataForge/noise_masking/outputs/6bd1eb398398af0e/clips/critical_06_baseline_r1_environment_0dB.wav,e6c31d7a65371d100e69b293dad19f770f6b857531db34c3b26c11deb885bd17,/content/drive/MyDrive/DataForge/noise_masking/outputs/synthesis_cache/06c4d940de7e5f6d/4d8ba00a9293d0119393c283e49eeaf7d97ac22c98511a70004dfbf2839c2bf7.wav,0.972625732421875,True,,1.0,HTTP WAV -> local PCMU roundtrip,after simulated phone codec,coda,celeste,https://users.rime.ai/v1/rime-tts,3.0616013501917907,2.1561350699916506,2.128267814856988,clips/critical_06_baseline_r1_environment_0dB.wav
6bd1eb398398af0edcbe31d260e15fa71a6e5aca1c3d9abc117aef7028d71966,critical_07_baseline_r0_clean,critical_07,dev,baseline,0,clean,clean,,,,,,False,clean,,20ms_frames_within_40dB_of_peak_power_v1,8000,-26.00000033810057,active speech / full source noise RMS; fixed gain,"Priya Sen, your Tuesday appointment is at one twenty five p m, your payment of eighty dollars is due by November fifth, and your reference code is two eight four seven. Do not share the address.",pre-ascent. Your Tuesday appointment is at 1.25 p.m. Your payment of $80 is due by November 5th and your reference code is 2847. Do not share the address.,0.3333333333333333,0.8571428571428571,"{'name': {'recovered': False, 'conflict': False}, 'day': {'recovered': True, 'conflict': False}, 'time': {'recovered': True, 'conflict': False}, 'date': {'recovered': True, 'conflict': False}, 'amount': {'recovered': True, 'conflict': False}, 'code': {'recovered': True, 'conflict': False}, 'negation': {'recovered': True, 'conflict': False}}",7,6,,12.48,0.0,/content/drive/MyDrive/DataForge/noise_masking/outputs/6bd1eb398398af0e/clips/critical_07_baseline_r0_clean.wav,f59ad1590436aa2a4dda23797b24b1aa45080bf359086acad70353f0c573a5aa,/content/drive/MyDrive/DataForge/noise_masking/outputs/synthesis_cache/06c4d940de7e5f6d/1497892f821b23c16d3a3af18fddb0d460ad1cdca975af66879182a758ae3796.wav,0.757781982421875,True,,1.0,HTTP WAV -> local PCMU roundtrip,after simulated phone codec,coda,celeste,https://users.rime.ai/v1/rime-tts,3.6738146110647643,4.1918484483520375,3.414979043633763,clips/critical_07_baseline_r0_clean.wav
6bd1eb398398af0edcbe31d260e15fa71a6e5aca1c3d9abc117aef7028d71966,critical_07_baseline_r0_competing_speech_-5dB,critical_07,dev,baseline,0,competing_speech_-5dB,competing_speech,-5.0,-3.518146961144179,/content/drive/MyDrive/DataForge/data/musan/speech/librivox/speech-librivox-0001.wav,aa31bcba6049760ee64468437cc11a3d9359a71310f403c27d69ca2f25e9ed12,0.0,False,competing_speech,0.09213103895932805,20ms_frames_within_40dB_of_peak_power_v1,8000,-26.00000033810057,active speech / full source noise RMS; fixed gain,"Priya Sen, your Tuesday appointment is at one twenty five p m, your payment of eighty dollars is due by November fifth, and your reference code is two eight four seven. Do not share the address.","preassent, your Tuesday appointment is at 1.25pm, your payment of $80 is due by November 5th, and your reference code is 2847. Do not share the address.",0.3888888888888889,0.8571428571428571,"{'name': {'recovered': False, 'conflict': False}, 'day': {'recovered': True, 'conflict': False}, 'time': {'recovered': True, 'conflict': False}, 'date': {'recovered': True, 'conflict': False}, 'amount': {'recovered': True, 'conflict': False}, 'code': {'recovered': True, 'conflict': False}, 'negation': {'recovered': True, 'conflict': False}}",7,6,0.550977744727856,12.48,0.0,/content/drive/MyDrive/DataForge/noise_masking/outputs/6bd1eb398398af0e/clips/critical_07_baseline_r0_competing_speech_-5dB.wav,b9ed745cda4d388a517376861b09c1a994caad2834967316d8ecc61362423fe0,/content/drive/MyDrive/DataForge/noise_masking/outputs/synthesis_cache/06c4d940de7e5f6d/1497892f821b23c16d3a3af18fddb0d460ad1cdca975af66879182a758ae3796.wav,0.757781982421875,True,,1.0,HTTP WAV -> local PCMU roundtrip,after simulated phone codec,coda,celeste,https://users.rime.ai/v1/rime-tts,3.647439611433799,3.367911066595929,2.993942800608719,clips/critical_07_baseline_r0_competing_speech_-5dB.wav
6bd1eb398398af0edcbe31d260e15fa71a6e5aca1c3d9abc117aef7028d71966,critical_07_baseline_r0_competing_speech_0dB,critical_07,dev,baseline,0,competing_speech_0dB,competing_speech,0.0,1.481853024011116,/content/drive/MyDrive/DataForge/data/musan/speech/librivox/speech-librivox-0001.wav,aa31bcba6049760ee64468437cc11a3d9359a71310f403c27d69ca2f25e9ed12,0.0,False,competing_speech,0.09213103895932805,20ms_frames_within_40dB_of_peak_power_v1,8000,-26.00000033810057,active speech / full source noise RMS; fixed gain,"Priya Sen, your Tuesday appointment is at one twenty five p m, your payment of eighty dollars is due by November fifth, and your reference code is two eight four seven. Do not share the address.",preassent. Your Tuesday appointment is at 1.25 p.m. your payment of $80 is due by November 5th and your reference code is 2847. Do not share the address.,0.3333333333333333,0.8571428571428571,"{'name': {'recovered': False, 'conflict': False}, 'day': {'recovered': True, 'conflict': False}, 'time': {'recovered': True, 'conflict': False}, 'date': {'recovered': True, 'conflict': False}, 'amount': {'recovered': True, 'conflict': False}, 'code': {'recovered': True, 'conflict': False}, 'negation': {'recovered': True, 'conflict': False}}",7,6,0.6304446534001462,12.48,0.0,/content/drive/MyDrive/DataForge/noise_masking/outputs/6bd1eb398398af0e/clips/critical_07_baseline_r0_competing_speech_0dB.wav,98eaa3d557d3b024207195be6d616d8cd5aeda928c4bb62c0a704d07f57d95a0,/content/drive/MyDrive/DataForge/noise_masking/outputs/synthesis_cache/06c4d940de7e5f6d/1497892f821b23c16d3a3af18fddb0d460ad1cdca975af66879182a758ae3796.wav,0.757781982421875,True,,1.0,HTTP WAV -> local PCMU roundtrip,after simulated phone codec,coda,celeste,https://users.rime.ai/v1/rime-tts,3.642202220194303,3.313695456855639,2.9508180200749896,clips/critical_07_baseline_r0_competing_speech_0dB.wav
6bd1eb398398af0edcbe31d260e15fa71a6e5aca1c3d9abc117aef7028d71966,critical_07_baseline_r0_environment_-5dB,critical_07,dev,baseline,0,environment_-5dB,environment,-5.0,-5.031886600123291,/content/drive/MyDrive/DataForge/data/musan/noise/free-sound/noise-free-sound-0000.wav,38624671753649af38f97b5872463017badcb3e29411787a95f6f2beb9edbfec,0.0,False,traffic_or_machinery,0.3141879970145505,20ms_frames_within_40dB_of_peak_power_v1,8000,-26.00000033810057,active speech / full source noise RMS; fixed gain,"Priya Sen, your Tuesday appointment is at one twenty five p m, your payment of eighty dollars is due by November fifth, and your reference code is two eight four seven. Do not share the address.","Pre-SN. Your Tuesday appointment is at 1.25 p.m. Your payment of $80 is due by November 6, and your reference code is 2847. Do not share the address.",0.3333333333333333,0.7142857142857143,"{'name': {'recovered': False, 'conflict': False}, 'day': {'recovered': True, 'conflict': False}, 'time': {'recovered': True, 'conflict': False}, 'date': {'recovered': False, 'conflict': False}, 'amount': {'recovered': True, 'conflict': False}, 'code': {'recovered': True, 'conflict': False}, 'negation': {'recovered': True, 'conflict': False}}",7,5,0.47387748094819254,12.48,0.0,/content/drive/MyDrive/DataForge/noise_masking/outputs/6bd1eb398398af0e/clips/critical_07_baseline_r0_environment_-5dB.wav,0cabead3d46c0734a8fa8f920a648a19d672e21014525728b5f6d85c54302e10,/content/drive/MyDrive/DataForge/noise_masking/outputs/synthesis_cache/06c4d940de7e5f6d/1497892f821b23c16d3a3af18fddb0d460ad1cdca975af66879182a758ae3796.wav,0.757781982421875,True,,1.0,HTTP WAV -> local PCMU roundtrip,after simulated phone codec,coda,celeste,https://users.rime.ai/v1/rime-tts,3.5504786585852095,2.5554650364324996,2.525889916394402,clips/critical_07_baseline_r0_environment_-5dB.wav
6bd1eb398398af0edcbe31d260e15fa71a6e5aca1c3d9abc117aef7028d71966,critical_07_baseline_r0_environment_0dB,critical_07,dev,baseline,0,environment_0dB,environment,0.0,-0.031886301690732956,/content/drive/MyDrive/DataForge/data/musan/noise/free-sound/noise-free-sound-0000.wav,38624671753649af38f97b5872463017badcb3e29411787a95f6f2beb9edbfec,0.0,False,traffic_or_machinery,0.3141879970145505,20ms_frames_within_40dB_of_peak_power_v1,8000,-26.00000033810057,active speech / full source noise RMS; fixed gain,"Priya Sen, your Tuesday appointment is at one twenty five p m, your payment of eighty dollars is due by November fifth, and your reference code is two eight four seven. Do not share the address.","Pre-SN, your Tuesday appointment is at 1.25 pm, your payment of $80 is due by November 5, and your reference code is 2847. Do not share the address.",0.3888888888888889,0.8571428571428571,"{'name': {'recovered': False, 'conflict': False}, 'day': {'recovered': True, 'conflict': False}, 'time': {'recovered': True, 'conflict': False}, 'date': {'recovered': True, 'conflict': False}, 'amount': {'recovered': True, 'conflict': False}, 'code': {'recovered': True, 'conflict': False}, 'negation': {'recovered': True, 'conflict': False}}",7,6,0.5787803835445747,12.48,0.0,/content/drive/MyDrive/DataForge/noise_masking/outputs/6bd1eb398398af0e/clips/critical_07_baseline_r0_environment_0dB.wav,f005513c851d183ff08f591e1f70e01f5d4ba4839011e337b96003f15566db04,/content/drive/MyDrive/DataForge/noise_masking/outputs/synthesis_cache/06c4d940de7e5f6d/1497892f821b23c16d3a3af18fddb0d460ad1cdca975af66879182a758ae3796.wav,0.757781982421875,True,,1.0,HTTP WAV -> local PCMU roundtrip,after simulated phone codec,coda,celeste,https://users.rime.ai/v1/rime-tts,3.5732366877025763,2.7874086598820815,2.6593884286852685,clips/critical_07_baseline_r0_environment_0dB.wav
6bd1eb398398af0edcbe31d260e15fa71a6e5aca1c3d9abc117aef7028d71966,critical_07_baseline_r1_clean,critical_07,dev,baseline,1,clean,clean,,,,,,False,clean,,20ms_frames_within_40dB_of_peak_power_v1,8000,-26.00000013501112,active speech / full source noise RMS; fixed gain,"Priya Sen, your Tuesday appointment is at one twenty five p m, your payment of eighty dollars is due by November fifth, and your reference code is two eight four seven. Do not share the address.","Pre-SN, your Tuesday appointment is at 1.25pm, your payment of $80 is due by November 5th, and your reference code is 2847. Do not share the address.",0.3888888888888889,0.8571428571428571,"{'name': {'recovered': False, 'conflict': False}, 'day': {'recovered': True, 'conflict': False}, 'time': {'recovered': True, 'conflict': False}, 'date': {'recovered': True, 'conflict': False}, 'amount': {'recovered': True, 'conflict': False}, 'code': {'recovered': True, 'conflict': False}, 'negation': {'recovered': True, 'conflict': False}}",7,6,,14.32,0.0,/content/drive/MyDrive/DataForge/noise_masking/outputs/6bd1eb398398af0e/clips/critical_07_baseline_r1_clean.wav,b092e8d6f48fe5eac9bfaa808df15d51c9a7cee68591199e955516714533cc7f,/content/drive/MyDrive/DataForge/noise_masking/outputs/synthesis_cache/06c4d940de7e5f6d/bb47ee81e399a87f38a0835d23c774fc28e3fc7c510c0630ef6b072aef376530.wav,0.855438232421875,True,,1.0,HTTP WAV -> local PCMU roundtrip,after simulated phone codec,coda,celeste,https://users.rime.ai/v1/rime-tts,3.604013349500583,4.149384557634428,3.330922818019714,clips/critical_07_baseline_r1_clean.wav
6bd1eb398398af0edcbe31d260e15fa71a6e5aca1c3d9abc117aef7028d71966,critical_07_baseline_r1_competing_speech_-5dB,critical_07,dev,baseline,1,competing_speech_-5dB,competing_speech,-5.0,-3.66545900854753,/content/drive/MyDrive/DataForge/data/musan/speech/librivox/speech-librivox-0001.wav,aa31bcba6049760ee64468437cc11a3d9359a71310f403c27d69ca2f25e9ed12,0.0,False,competing_speech,0.09213103895932805,20ms_frames_within_40dB_of_peak_power_v1,8000,-26.00000013501112,active speech / full source noise RMS; fixed gain,"Priya Sen, your Tuesday appointment is at one twenty five p m, your payment of eighty dollars is due by November fifth, and your reference code is two eight four seven. Do not share the address.","Prius N, your Tuesday appointment is after 1-25 p.m., your payment of $80 is due by November 2, and your reference code is 2847. Do not share the address.",0.3611111111111111,0.7142857142857143,"{'name': {'recovered': False, 'conflict': False}, 'day': {'recovered': True, 'conflict': False}, 'time': {'recovered': True, 'conflict': False}, 'date': {'recovered': False, 'conflict': False}, 'amount': {'recovered': True, 'conflict': False}, 'code': {'recovered': True, 'conflict': False}, 'negation': {'recovered': True, 'conflict': False}}",7,5,0.575357560822371,14.32,0.0,/content/drive/MyDrive/DataForge/noise_masking/outputs/6bd1eb398398af0e/clips/critical_07_baseline_r1_competing_speech_-5dB.wav,6b9154f37c181ede073c7b0e6426f91f6bfd005c687be58878c3625cc1a94a8c,/content/drive/MyDrive/DataForge/noise_masking/outputs/synthesis_cache/06c4d940de7e5f6d/bb47ee81e399a87f38a0835d23c774fc28e3fc7c510c0630ef6b072aef376530.wav,0.855438232421875,True,,1.0,HTTP WAV -> local PCMU roundtrip,after simulated phone codec,coda,celeste,https://users.rime.ai/v1/rime-tts,3.557876454841359,3.6324114835790056,3.0310022567380184,clips/critical_07_baseline_r1_competing_speech_-5dB.wav
6bd1eb398398af0edcbe31d260e15fa71a6e5aca1c3d9abc117aef7028d71966,critical_07_baseline_r1_competing_speech_0dB,critical_07,dev,baseline,1,competing_speech_0dB,competing_speech,0.0,1.3345409776229409,/content/drive/MyDrive/DataForge/data/musan/speech/librivox/speech-librivox-0001.wav,aa31bcba6049760ee64468437cc11a3d9359a71310f403c27d69ca2f25e9ed12,0.0,False,competing_speech,0.09213103895932805,20ms_frames_within_40dB_of_peak_power_v1,8000,-26.00000013501112,active speech / full source noise RMS; fixed gain,"Priya Sen, your Tuesday appointment is at one twenty five p m, your payment of eighty dollars is due by November fifth, and your reference code is two eight four seven. Do not share the address.","Pre-SN, your Tuesday appointment is at 1-25 p.m., your payment of $80 is due by November 6, and your reference code is 2847. Do not share the address.",0.3333333333333333,0.7142857142857143,"{'name': {'recovered': False, 'conflict': False}, 'day': {'recovered': True, 'conflict': False}, 'time': {'recovered': True, 'conflict': False}, 'date': {'recovered': False, 'conflict': False}, 'amount': {'recovered': True, 'conflict': False}, 'code': {'recovered': True, 'conflict': False}, 'negation': {'recovered': True, 'conflict': False}}",7,5,0.6641463561342418,14.32,0.0,/content/drive/MyDrive/DataForge/noise_masking/outputs/6bd1eb398398af0e/clips/critical_07_baseline_r1_competing_speech_0dB.wav,faabd827bd51d2a0ef2ae5c3dd838ad5cea9c76d478dd7609ea87d09a72a0a19,/content/drive/MyDrive/DataForge/noise_masking/outputs/synthesis_cache/06c4d940de7e5f6d/bb47ee81e399a87f38a0835d23c774fc28e3fc7c510c0630ef6b072aef376530.wav,0.855438232421875,True,,1.0,HTTP WAV -> local PCMU roundtrip,after simulated phone codec,coda,celeste,https://users.rime.ai/v1/rime-tts,3.524406016445271,3.558082818683818,2.9555987013495617,clips/critical_07_baseline_r1_competing_speech_0dB.wav
6bd1eb398398af0edcbe31d260e15fa71a6e5aca1c3d9abc117aef7028d71966,critical_07_baseline_r1_environment_-5dB,critical_07,dev,baseline,1,environment_-5dB,environment,-5.0,-4.992589091614726,/content/drive/MyDrive/DataForge/data/musan/noise/free-sound/noise-free-sound-0000.wav,38624671753649af38f97b5872463017badcb3e29411787a95f6f2beb9edbfec,0.0,False,traffic_or_machinery,0.3141879970145505,20ms_frames_within_40dB_of_peak_power_v1,8000,-26.00000013501112,active speech / full source noise RMS; fixed gain,"Priya Sen, your Tuesday appointment is at one twenty five p m, your payment of eighty dollars is due by November fifth, and your reference code is two eight four seven. Do not share the address.","Preasense, your Tuesday appointment is at 1.25pm. Your payment of $80 is due by November 5th, and your reference code is 2847. Do not share the address.",0.3888888888888889,0.8571428571428571,"{'name': {'recovered': False, 'conflict': False}, 'day': {'recovered': True, 'conflict': False}, 'time': {'recovered': True, 'conflict': False}, 'date': {'recovered': True, 'conflict': False}, 'amount': {'recovered': True, 'conflict': False}, 'code': {'recovered': True, 'conflict': False}, 'negation': {'recovered': True, 'conflict': False}}",7,6,0.4971995959446199,14.32,0.0,/content/drive/MyDrive/DataForge/noise_masking/outputs/6bd1eb398398af0e/clips/critical_07_baseline_r1_environment_-5dB.wav,2cf25c023315198374b107a5b3e8bf49b84f0179f1c7b8e7a95201b11028c366,/content/drive/MyDrive/DataForge/noise_masking/outputs/synthesis_cache/06c4d940de7e5f6d/bb47ee81e399a87f38a0835d23c774fc28e3fc7c510c0630ef6b072aef376530.wav,0.855438232421875,True,,1.0,HTTP WAV -> local PCMU roundtrip,after simulated phone codec,coda,celeste,https://users.rime.ai/v1/rime-tts,2.6955932218596623,1.7814745901189422,1.799389422038362,clips/critical_07_baseline_r1_environment_-5dB.wav
6bd1eb398398af0edcbe31d260e15fa71a6e5aca1c3d9abc117aef7028d71966,critical_07_baseline_r1_environment_0dB,critical_07,dev,baseline,1,environment_0dB,environment,0.0,0.007411207196611312,/content/drive/MyDrive/DataForge/data/musan/noise/free-sound/noise-free-sound-0000.wav,38624671753649af38f97b5872463017badcb3e29411787a95f6f2beb9edbfec,0.0,False,traffic_or_machinery,0.3141879970145505,20ms_frames_within_40dB_of_peak_power_v1,8000,-26.00000013501112,active speech / full source noise RMS; fixed gain,"Priya Sen, your Tuesday appointment is at one twenty five p m, your payment of eighty dollars is due by November fifth, and your reference code is two eight four seven. Do not share the address.","Pre-SN, your Tuesday appointment is at 1.25pm. Your payment of $80 is due by November 5th and your reference code is 2847. Do not share the address.",0.3888888888888889,0.8571428571428571,"{'name': {'recovered': False, 'conflict': False}, 'day': {'recovered': True, 'conflict': False}, 'time': {'recovered': True, 'conflict': False}, 'date': {'recovered': True, 'conflict': False}, 'amount': {'recovered': True, 'conflict': False}, 'code': {'recovered': True, 'conflict': False}, 'negation': {'recovered': True, 'conflict': False}}",7,6,0.5974755641928147,14.32,0.0,/content/drive/MyDrive/DataForge/noise_masking/outputs/6bd1eb398398af0e/clips/critical_07_baseline_r1_environment_0dB.wav,8461d3494d15bfd95f2af6423ec757a9218bbf97a0703e353589a69c8aef30b9,/content/drive/MyDrive/DataForge/noise_masking/outputs/synthesis_cache/06c4d940de7e5f6d/bb47ee81e399a87f38a0835d23c774fc28e3fc7c510c0630ef6b072aef376530.wav,0.855438232421875,True,,1.0,HTTP WAV -> local PCMU roundtrip,after simulated phone codec,coda,celeste,https://users.rime.ai/v1/rime-tts,3.445432059081046,2.359098064307871,2.3431591451545786,clips/critical_07_baseline_r1_environment_0dB.wav
